hypothesis,horizon_min,split,n,gross_mean_bps,gross_median_bps,gross_total_bps,net_mean_bps,net_median_bps,net_total_bps,win_rate_net,max_single_positive_day_share
H5_pair,15,DISCOVERY,0,,,,,,,,
H5_pair,15,OOS1,0,,,,,,,,
H5_pair,15,OOS2,0,,,,,,,,
H5_pair,60,DISCOVERY,0,,,,,,,,
H5_pair,60,OOS1,0,,,,,,,,
H5_pair,60,OOS2,0,,,,,,,,
H6_usdt_index,1,DISCOVERY,0,,,,,,,,
H6_usdt_index,1,OOS1,120,1.3362646195620536,0.6780723888566431,160.35175434744642,-14.663735380437947,-15.321927611143357,-1759.6482456525537,0.0,0.36070408291857975
H6_usdt_index,1,OOS2,32,2.9369931079708396,2.769111720621331,93.98377945506687,-13.063006892029161,-13.230888279378668,-418.01622054493316,0.0,0.5285923475362087
H6_usdt_index,5,DISCOVERY,0,,,,,,,,
H6_usdt_index,5,OOS1,120,1.567620097841708,1.0193853109519146,188.11441174100497,-14.432379902158292,-14.980614689048085,-1731.885588258995,0.008333333333333333,0.39201235159420283
H6_usdt_index,5,OOS2,32,3.7817526831574257,3.746119340885534,121.01608586103762,-12.218247316842575,-12.253880659114465,-390.9839141389624,0.0,0.558531579573302
H7_usd1_index,1,DISCOVERY,0,,,,,,,,
H7_usd1_index,1,OOS1,6,5.403008161527871,6.483948648892124,32.418048969167224,-10.59699183847213,-9.516051351107876,-63.58195103083278,0.0,1.0
H7_usd1_index,1,OOS2,221,3.0096343358561963,2.6171159382371023,665.1291882242194,-12.990365664143804,-13.382884061762898,-2870.8708117757806,0.004524886877828055,0.929673982697165
H7_usd1_index,5,DISCOVERY,0,,,,,,,,
H7_usd1_index,5,OOS1,6,8.87204120519199,9.724912823042553,53.232247231151945,-7.127958794808009,-6.275087176957447,-42.767752768848055,0.0,1.0
H7_usd1_index,5,OOS2,221,3.9762542025689536,4.252674277862578,878.7521787677388,-12.023745797431046,-11.747325722137422,-2657.2478212322612,0.0,0.9244409667524072
H8_usdt_fair,1,DISCOVERY,0,,,,,,,,
H8_usdt_fair,1,OOS1,1,-0.3369158721078236,-0.3369158721078236,-0.3369158721078236,-16.336915872107824,-16.336915872107824,-16.336915872107824,0.0,
H8_usdt_fair,1,OOS2,7,1.1136225519195861,1.694283487512216,7.795357863437102,-14.886377448080411,-14.305716512487784,-104.20464213656288,0.0,1.0
H8_usdt_fair,5,DISCOVERY,0,,,,,,,,
H8_usdt_fair,5,OOS1,1,-3.7060745931749572,-3.7060745931749572,-3.7060745931749572,-19.706074593174957,-19.706074593174957,-19.706074593174957,0.0,
H8_usdt_fair,5,OOS2,7,1.646137906682015,2.0331401850159914,11.522965346774106,-14.353862093317986,-13.966859814984009,-100.4770346532259,0.0,1.0
H8_usd1_fair,1,DISCOVERY,0,,,,,,,,
H8_usd1_fair,1,OOS1,7,1.3044516316967107,2.0296326364932504,9.131161421876975,-14.695548368303289,-13.97036736350675,-102.86883857812302,0.0,2.592789613777646
H8_usd1_fair,1,OOS2,5,1.619911428507148,1.6871372654880812,8.09955714253574,-14.380088571492854,-14.312862734511919,-71.90044285746427,0.0,1.0
H8_usd1_fair,5,DISCOVERY,0,,,,,,,,
H8_usd1_fair,5,OOS1,7,2.9957223039648158,3.7204897517417734,20.97005612775371,-13.004277696035183,-12.279510248258227,-91.02994387224628,0.0,1.1289939335410626
H8_usd1_fair,5,OOS2,5,2.15984543882608,1.6871372654880812,10.7992271941304,-13.840154561173922,-14.312862734511919,-69.2007728058696,0.0,1.0
