path,sha256,bytes,hashed_at_utc
2021_CENSUS_REPORT.md,a67d71ac496f48f710009b917829d346203b31ea059f0bb28ff746f9e70d3830,3766,2026-09-21T00:00:00Z
2021_CONFLICTS.md,d625c21bf1e967d4b58ace6b9de61ff802d8795286d16ae4cc1bb662b0dc1ac2,380,2026-09-21T00:00:00Z
2021_CONSENSUS_CENSUS.csv,9d9948d543ab7bfd87783598d3c8cb6529a442522daa3fc0f720677d6a235f81,43486,2026-09-21T00:00:00Z
2021_EVENT_MANIFEST.csv,96f7cb8a7448d55336ff357e8cadcd2385765f05ae608f619f0fc30d0df75bac,5512,2026-09-21T00:00:00Z
2021_FIELD_COVERAGE_MATRIX.csv,256ab69b84e06e121ebdfd5fda56d35a07931261cede9e8511508668275d7f0e,14984,2026-09-21T00:00:00Z
2021_SOURCE_YIELD.csv,8e5ee8c1bc4bc62233092f61811991f52623e2156262459926b42d243e5332e9,881,2026-09-21T00:00:00Z
2021_UNRESOLVED_EVENTS.md,59d953a8391bc12ef8a89388e21dfdd59c7d5f439fd6b7c1c9ba6b2708d07536,1235,2026-09-21T00:00:00Z
receipts/2021_CENSUS_RECEIPT.json,f7f0a66333b545d2803ed33bfca457daf92ff03a61692c5f2d266665596646e3,618,2026-09-21T00:00:00Z
receipts/2021_CENSUS_UNIVERSE_FREEZE.json,3ced8e184b509659a457858d016ce6a6537ca397772f38898a4bb47ed9384d15,1105,2026-09-21T00:00:00Z
receipts/2021_SEARCH_RECEIPT.csv,3a884124835669fbad5a68f4d4c63621ea46832b0a434fcea91ecd93e55c2caf,12777,2026-09-21T00:00:00Z
