key,content_length,sha256,md5,local_relpath,entry,role,source_archive
market_data/20250114/23/l2Book/BTC.lz4,722081,ff5a4539b58c78fbf8e70f6a88f37f7d40ef2ea919cfe244dc0d5f93e18f33e9,7a03596ef58526b7b47740d296d8b506,market_data/20250114/23/l2Book/BTC.lz4,2025-01-15,prior,20250530.zip
market_data/20250115/0/l2Book/BTC.lz4,1048419,062d214b53643626d45e3d85e30139fd4143e9d94b7562bb507097774ea6dcc4,bba5b5aac98bd8c460b988d0a8b9cbb3,market_data/20250115/0/l2Book/BTC.lz4,2025-01-15,t0,20250530.zip
market_data/20250121/23/l2Book/BTC.lz4,1103207,31b834b031b148b1c89b8a02d83e6e50d423c5f6ec5dd164ece0c49dc0dd0cc6,e40fa8820b45040a76b9eb75dd7145ef,market_data/20250121/23/l2Book/BTC.lz4,2025-01-22,prior,20250530.zip
market_data/20250122/0/l2Book/BTC.lz4,1038975,ef87eb48c742a84d174a03c126ba8ff5a5293d842d5d2b23274afbb945a6976f,756c7259f11938a98876bfff8306b4ca,market_data/20250122/0/l2Book/BTC.lz4,2025-01-22,t0,20250530.zip
market_data/20250128/23/l2Book/BTC.lz4,934629,6de100163807e5e8e23d744af31536302ebc776370fbe87d2eaaba194cfde59f,a31b2cc4bcb5ad83a7170658d85bc274,market_data/20250128/23/l2Book/BTC.lz4,2025-01-29,prior,20250530.zip
market_data/20250129/0/l2Book/BTC.lz4,848440,49a2ff337214ffb22227e762d8394270efbd41db293f2b326b0a38d8ae2b9ff9,6c73134db14304a6d05182e56df8db92,market_data/20250129/0/l2Book/BTC.lz4,2025-01-29,t0,20250530.zip
market_data/20250204/23/l2Book/BTC.lz4,1074129,98f73ffc59b9ce687c80e71df911e342c2d4aeab5027faba581c28d5a36cd317,0524f0fa67bcc4e2d258068c3f4e1cea,market_data/20250204/23/l2Book/BTC.lz4,2025-02-05,prior,20250530.zip
market_data/20250205/0/l2Book/BTC.lz4,1170932,70854538bb30f4932a7b56b278d06744c4f7243c81f6a5dacd589f4f37ac21be,e120d8ffc45707e303b543ff573f78c9,market_data/20250205/0/l2Book/BTC.lz4,2025-02-05,t0,20250530.zip
market_data/20250211/23/l2Book/BTC.lz4,855939,412fcfd64cec0a6a74ceb5d4a57e32af4486f34d04016d413bd148e26637ea33,458806b6117a20af40b9edaa01531e1e,market_data/20250211/23/l2Book/BTC.lz4,2025-02-12,prior,20250530.zip
market_data/20250212/0/l2Book/BTC.lz4,904021,968566045f89aedb0cac1bfec5f7a5b4a714c4f28ed058f5410621eb5ac26cd4,17abce2c94d4d7c8f36deedd5bf607b4,market_data/20250212/0/l2Book/BTC.lz4,2025-02-12,t0,20250530.zip
market_data/20250218/23/l2Book/BTC.lz4,806392,d353f82d0c9da81f78ef6eafddd415b93a465d518315aa244cdbcb0c2370af83,f2d0d690f2e52921e6df8a47a6a5a4d9,market_data/20250218/23/l2Book/BTC.lz4,2025-02-19,prior,20250530.zip
market_data/20250219/0/l2Book/BTC.lz4,896590,7a7d30b06e0e0e07fc4e5dbd62f51a89db7ca72c6d1c640dc5f044cd78db3555,fb71bc6289a17a3efa2230cc1ed614a4,market_data/20250219/0/l2Book/BTC.lz4,2025-02-19,t0,20250530.zip
market_data/20250304/23/l2Book/BTC.lz4,1141683,2022b60faeda3351eaa0470abc2df46b687b0b7da2ed92100e818194951ae8b0,cf43a0152a457b5811383324f4357f9d,market_data/20250304/23/l2Book/BTC.lz4,2025-03-05,prior,20250530.zip
market_data/20250305/0/l2Book/BTC.lz4,1480398,690234e1c2a0f7bb99439a3c962753d022c4e1415f26cd23b69695d72e157e74,462265cc894aa098267c39316f5743cb,market_data/20250305/0/l2Book/BTC.lz4,2025-03-05,t0,20250530.zip
market_data/20250311/23/l2Book/BTC.lz4,1338855,7ec8ab19533340324254208d964bd0b7a12526ec276f5ed6f9a672965790ac30,7ea39e21119f9e0f56f3768506dbd172,market_data/20250311/23/l2Book/BTC.lz4,2025-03-12,prior,20250530.zip
market_data/20250312/0/l2Book/BTC.lz4,1481167,4f53cba6f8a9986bd55ae79753494caede776bf0d20654d5d416bffc6a1e83a2,6e4eef2d97df2bf1ec840cdb01e735f1,market_data/20250312/0/l2Book/BTC.lz4,2025-03-12,t0,20250530.zip
market_data/20250318/23/l2Book/BTC.lz4,930471,ae853d41b2684620ef86f7861ee9ce2c42f11c4adbb5bb479626df430d7f338b,83a359c91748376979089183fdd6cf1b,market_data/20250318/23/l2Book/BTC.lz4,2025-03-19,prior,20250530.zip
market_data/20250319/0/l2Book/BTC.lz4,1141917,1553623ac0db8577eaee0ef9e601f7b2bd97ba2a15065eb0da674057f9765a2e,e98ddb82d3d5a2a63cd783e4d2960bf9,market_data/20250319/0/l2Book/BTC.lz4,2025-03-19,t0,20250530.zip
market_data/20250325/23/l2Book/BTC.lz4,1012558,04b1bb35c0e67e78f662f502183dd9d4512dafadbff4decfd0128372411b1ef3,49926184544d9f0776d42c1c01cc27f5,market_data/20250325/23/l2Book/BTC.lz4,2025-03-26,prior,20250530.zip
market_data/20250326/0/l2Book/BTC.lz4,974135,e789b92cdd1b3f9254477b7a7827d9fee150da0315b7b34b9e9be6f7ff16381b,79010c3e644a67d61f25abed96522327,market_data/20250326/0/l2Book/BTC.lz4,2025-03-26,t0,20250530.zip
market_data/20250401/23/l2Book/BTC.lz4,1000036,c63fb7dd377329d784704308f8559de21945333ed37250949ee759f16a969d1a,7a7def6630ac4322e6750ad898c431bd,market_data/20250401/23/l2Book/BTC.lz4,2025-04-02,prior,20250530.zip
market_data/20250402/0/l2Book/BTC.lz4,1122487,c7ec000b6873f9bd4c5727fe054d0f30aa6d198b0dfd73d14ff5e5fa4c005b13,7168492536fa203d619198950b8c63fa,market_data/20250402/0/l2Book/BTC.lz4,2025-04-02,t0,20250530.zip
market_data/20250408/23/l2Book/BTC.lz4,1550787,04373f9bd74d8a9fd442485b82046ad00ae39a5e9ab6bd1d3c7b7b050a9fa98f,8b9441ca7032233905394490ed5a072f,market_data/20250408/23/l2Book/BTC.lz4,2025-04-09,prior,20250530.zip
market_data/20250409/0/l2Book/BTC.lz4,1760533,404d270e9889d98c48aef4629694024162a6225a9ac7871dba7e66f1ab451d3c,88a163625c590a910211c2cc02d4f2c7,market_data/20250409/0/l2Book/BTC.lz4,2025-04-09,t0,20250530.zip
market_data/20250415/23/l2Book/BTC.lz4,1093916,eae21f13a7a166420d00cd18f828a339a9bb1b09200d1b0b0c5cb94200ec4581,8a9400b1f8774ead5f5cd326efb17e49,market_data/20250415/23/l2Book/BTC.lz4,2025-04-16,prior,20250530.zip
market_data/20250416/0/l2Book/BTC.lz4,1382615,15f6a07beaaafdd57a77c35e39b2ebc267557e056ca41011a30e0a9e93be06b7,4d89d1bc590c23b0f16828958f253299,market_data/20250416/0/l2Book/BTC.lz4,2025-04-16,t0,20250530.zip
market_data/20250422/23/l2Book/BTC.lz4,1474694,a7d640c5db92c4abe103f55a5faeaa3bfcbfc4217a2ca1bc19b25c3e3b5ddde6,8404ac66cdbbff21e094422d4b27fabc,market_data/20250422/23/l2Book/BTC.lz4,2025-04-23,prior,20250530.zip
market_data/20250423/0/l2Book/BTC.lz4,1491846,f930dc5727bb06b3e3ead956227ab05a523cfadeb6f4b93a679f521406458b9a,4738c827eba2a10980393cb3285f1e03,market_data/20250423/0/l2Book/BTC.lz4,2025-04-23,t0,20250530.zip
market_data/20250429/23/l2Book/BTC.lz4,1110957,ac8f4aa9b11af7a1ea54c4d52244c4e9ddcfc20e8e423c167347e3fef43dde5c,e3a6f706cfc4f1d79a0197595711cb9e,market_data/20250429/23/l2Book/BTC.lz4,2025-04-30,prior,20250530.zip
market_data/20250430/0/l2Book/BTC.lz4,967934,5491b7837f98ab3848593c7fdcebdfd10cc84d452c0910b488f74ab1d3f4e7ca,6c6c711f56f12b41445eceb1ecb20e6c,market_data/20250430/0/l2Book/BTC.lz4,2025-04-30,t0,20250530.zip
market_data/20250506/23/l2Book/BTC.lz4,1258609,6dae7e024876fab1be83beca6c5dc0e41f2f17490f748076afbd3c03fce38c5c,ee0492518c4573e141508823a0159a0f,market_data/20250506/23/l2Book/BTC.lz4,2025-05-07,prior,20250530.zip
market_data/20250507/0/l2Book/BTC.lz4,1324079,6725f97397ac7fd523fe677b600dc346cde7153435a0055462c298283344b69b,9984eb9c2338e11fdf19cc2775a3dd20,market_data/20250507/0/l2Book/BTC.lz4,2025-05-07,t0,20250530.zip
market_data/20250513/23/l2Book/BTC.lz4,917400,bd4c3084914a7eb3d08b76c0e1f2449050775f07d2b6e7c281e13827564d93b3,21a020edcf4edddbb5ce409ba0ef7bc8,market_data/20250513/23/l2Book/BTC.lz4,2025-05-14,prior,20250530.zip
market_data/20250514/0/l2Book/BTC.lz4,1052854,eb5f536f15e5e8f04102f29769afb8577d12a05f54db1d197a19f51c6b8344f8,f616ccbb5f1f774ef6de5c6ed8e25cf6,market_data/20250514/0/l2Book/BTC.lz4,2025-05-14,t0,20250530.zip
market_data/20250520/23/l2Book/BTC.lz4,923092,b9c7bba46ff653c4376b7acf13076f306065100cb683309390a223ce41b926d5,d9a5a5a7478352f44c000b8b35ec55f9,market_data/20250520/23/l2Book/BTC.lz4,2025-05-21,prior,20250530.zip
market_data/20250521/0/l2Book/BTC.lz4,1105395,a16e5ffc777cbb40c1e45b8069d1a75acc8427cec7ddd5e60be04f8db57b3da0,a9305cafabb37beac65c5b208274cbd3,market_data/20250521/0/l2Book/BTC.lz4,2025-05-21,t0,20250530.zip
market_data/20250527/23/l2Book/BTC.lz4,740236,b57109ffc19d88e27d3e4dc9d9bf13924277cff03bf7dc7cbd959cbe7d7eea15,fc074802a4550fe1c9e8814f469aff0d,market_data/20250527/23/l2Book/BTC.lz4,2025-05-28,prior,20250530.zip
market_data/20250528/0/l2Book/BTC.lz4,798992,bb34708baf72e0bdef9fe0d40492564053aba6ecbe6d3ee3d2ce34a1c3c0bad8,2d87182056d893f54d2e1ac1e3e2726b,market_data/20250528/0/l2Book/BTC.lz4,2025-05-28,t0,20250530.zip
market_data/20250603/23/l2Book/BTC.lz4,763472,8a42662a38cbff2eead3a8484710289a558d80c8bca7f7516c6d06dc4bae2876,d1ee21697a69cfeaf309915a6a526fe6,market_data/20250603/23/l2Book/BTC.lz4,2025-06-04,prior,20250907.zip
market_data/20250604/0/l2Book/BTC.lz4,889926,49c9abf6d8a7848b4f0b47e4d4920c9e3bd384a7df6a50d76f86cab2e1084922,b6650e67bb2f32e0cf7080665cf55b8c,market_data/20250604/0/l2Book/BTC.lz4,2025-06-04,t0,20250907.zip
market_data/20250610/23/l2Book/BTC.lz4,1131691,45623b8fa9cac6d78efc5e6785c4276f1a8402479a0dfa3d5e646b9c57c75023,d03aa23f70c5f82edb10f4f58c122a6e,market_data/20250610/23/l2Book/BTC.lz4,2025-06-11,prior,20250907.zip
market_data/20250611/0/l2Book/BTC.lz4,1110003,600d51b263804560ac1ea8b55a56bf03cfa695309ff81926856902fef192d461,83aedbc1adea1ba638c26eb784c3c534,market_data/20250611/0/l2Book/BTC.lz4,2025-06-11,t0,20250907.zip
market_data/20250617/23/l2Book/BTC.lz4,911472,1200e94b5e4e5e3a67839a9245e3d232b0f6ea7996764549b9518f55e06fc373,2a7c33c1bf9c3a34b5f2e9bdc9d28c88,market_data/20250617/23/l2Book/BTC.lz4,2025-06-18,prior,20250907.zip
market_data/20250618/0/l2Book/BTC.lz4,1025204,908ecbc691c3afdfe47e3d1a68bf9fffafa170e8ad035e1b474978e640845545,73a084df682242528e79871a668b8f75,market_data/20250618/0/l2Book/BTC.lz4,2025-06-18,t0,20250907.zip
market_data/20250624/23/l2Book/BTC.lz4,790640,40478a9216eeda47295f9370db0c30bf7534f9cb25002e3ca552b0cb3571b356,563669310fd011b01cb871f8ab30b458,market_data/20250624/23/l2Book/BTC.lz4,2025-06-25,prior,20250907.zip
market_data/20250625/0/l2Book/BTC.lz4,1000984,772c9da2eae2af2346e764b283f9885cc3ff050b82e6a8bfc720492aa4693f87,7d9a21a8411ac9d408f12ff9d8263201,market_data/20250625/0/l2Book/BTC.lz4,2025-06-25,t0,20250907.zip
market_data/20250701/23/l2Book/BTC.lz4,893021,2c19bfe32f81ca35f385e0b59722178df84361ca3c95f7fe6840db7c00baff34,e9d1bbbab01daf8ab62571c1296c2b38,market_data/20250701/23/l2Book/BTC.lz4,2025-07-02,prior,20250907.zip
market_data/20250702/0/l2Book/BTC.lz4,965826,c9a2aa4cff0ad1dac2d6f902f7d086d51c9540584cbe692d9db30aecd0d6070e,7e94dd52fa29254312695e08c17d154a,market_data/20250702/0/l2Book/BTC.lz4,2025-07-02,t0,20250907.zip
market_data/20250708/23/l2Book/BTC.lz4,792542,4b028b7829275caa69f5591da7544ab8a8bf276803ca2cfbc54573330dd58ab0,4fc4b464932e46eca948cecd89946265,market_data/20250708/23/l2Book/BTC.lz4,2025-07-09,prior,20250907.zip
market_data/20250709/0/l2Book/BTC.lz4,885387,6fd14e8abdd92aaeb026b1979d353f4df1fb7744eb88317a47d96d2827741a2f,7609f266c40ed1a8f63256b4bb88e66d,market_data/20250709/0/l2Book/BTC.lz4,2025-07-09,t0,20250907.zip
market_data/20250715/23/l2Book/BTC.lz4,1215687,37a817a606f066805751590e80512417185620ecb0364a251102d111efad9e0a,0e6ce72720ddd4fba6be15d27a56a817,market_data/20250715/23/l2Book/BTC.lz4,2025-07-16,prior,20250907.zip
market_data/20250716/0/l2Book/BTC.lz4,1179812,6140e6ce4877202ff88f84593fefd84eb09dc1a1f363e86787d01761ad21d2be,7e9146c7d11ed5250a089ee68288f235,market_data/20250716/0/l2Book/BTC.lz4,2025-07-16,t0,20250907.zip
market_data/20250722/23/l2Book/BTC.lz4,1153489,eee43772f4b8351f92e1c4cb9fea68581fe2dd38305215a3227f93c2c646613d,5a3ae11aceb896d19964fa800e32bce3,market_data/20250722/23/l2Book/BTC.lz4,2025-07-23,prior,20250907.zip
market_data/20250723/0/l2Book/BTC.lz4,1240892,5291a20b42ec7f7f6386a120f1eb18eea9d42b780f6197d842ab2a13641ef6ed,5c718fefb66b80595ed9f67748d5e6e3,market_data/20250723/0/l2Book/BTC.lz4,2025-07-23,t0,20250907.zip
market_data/20250729/23/l2Book/BTC.lz4,754142,daaf42997890b79bddb5dda98957684753484b595b6601bb0fe5005eb4a52367,93e1436b40f17b6af911cc69c6c10055,market_data/20250729/23/l2Book/BTC.lz4,2025-07-30,prior,20250907.zip
market_data/20250730/0/l2Book/BTC.lz4,924457,7b2f34c5428636344b817c62bf8310abf3f915f8f86b83368ccc1ab369a82622,7fd269d545383792df6f627aa7a04016,market_data/20250730/0/l2Book/BTC.lz4,2025-07-30,t0,20250907.zip
market_data/20250805/23/l2Book/BTC.lz4,969025,771b0fc569fe3c2c1d5b9ffd2f7a0fa909103492fac8e754ea326dfabc944016,6b549133b4cc8592bf0a3a994d46403b,market_data/20250805/23/l2Book/BTC.lz4,2025-08-06,prior,20250907.zip
market_data/20250806/0/l2Book/BTC.lz4,1059640,8dc723b3defbbdda52285e18390ab807e3e5050a9a04118c296ebce40910af7b,101886d7ff0b449cc6231c73be0ecf91,market_data/20250806/0/l2Book/BTC.lz4,2025-08-06,t0,20250907.zip
market_data/20250812/23/l2Book/BTC.lz4,1002220,7a51bace9493a7d0401ce0dae1cf0f0c34dcf36efa3deeac4dcc2548493c2738,62f8df073e8c8154e2bdd02bfe106994,market_data/20250812/23/l2Book/BTC.lz4,2025-08-13,prior,20250907.zip
market_data/20250813/0/l2Book/BTC.lz4,1045246,d4f49ee79eacdb62c2f5d5aadde9cfa40f5e5046ebc13a53e65e1027386ec2e3,73367f05fd05da63a885922286800421,market_data/20250813/0/l2Book/BTC.lz4,2025-08-13,t0,20250907.zip
market_data/20250819/23/l2Book/BTC.lz4,1448791,cc2d41ce98f6b281b5052a4fbce08b9a3d29e874262855e815ec417461d6b981,17c70d9e4cbfd77cf8fb59992d8d381c,market_data/20250819/23/l2Book/BTC.lz4,2025-08-20,prior,20250907.zip
market_data/20250820/0/l2Book/BTC.lz4,1404850,69d76c90cc4aa780e77e12991d1c60ee145a2f71c864bc38888970781d2490ab,3aa80370ee134677c26093f3aab6f189,market_data/20250820/0/l2Book/BTC.lz4,2025-08-20,t0,20250907.zip
market_data/20250826/23/l2Book/BTC.lz4,1267647,fab7a62335e11837131bd18e2b86e1fb8b10991c4410af991e84caf60212c556,fd68a41718523b15ea590ab6a4797aac,market_data/20250826/23/l2Book/BTC.lz4,2025-08-27,prior,20250907.zip
market_data/20250827/0/l2Book/BTC.lz4,1164216,bbfd32bcf9e6c64ecda08c862960514e28fb6e96145077d3d1343b517647429d,9d91f3f4959baacae7d9aad1eabc68f7,market_data/20250827/0/l2Book/BTC.lz4,2025-08-27,t0,20250907.zip
market_data/20250902/23/l2Book/BTC.lz4,1160138,70a6eaa3e9bfd18edfb457c2711dbad14b2f9d74ae600f212385ee5f595182a9,e9f532cf244f4c974d247495f9a05a4d,market_data/20250902/23/l2Book/BTC.lz4,2025-09-03,prior,20250907.zip
market_data/20250903/0/l2Book/BTC.lz4,1379142,d430e02245ec6878eadc70071d3eda82644998be6f444b4a7b3ee06c92a1307c,3ca3760c8db9b69adbdb05ef21168878,market_data/20250903/0/l2Book/BTC.lz4,2025-09-03,t0,20250907.zip
market_data/20250909/23/l2Book/BTC.lz4,1068768,443f76297ea25d354df3204e0839495b8def216d25aff45646d51f39c83d45d5,6863bd23b9e2a36d38198f18b7d8bcc9,market_data/20250909/23/l2Book/BTC.lz4,2025-09-10,prior,20251227.zip
market_data/20250910/0/l2Book/BTC.lz4,1183578,8aee7c9574340f6eec12fe55aa818556de9e5cb8da69063e24c3b4acce618e38,7b39843d0c0836ebb08d89da7b2454ee,market_data/20250910/0/l2Book/BTC.lz4,2025-09-10,t0,20251227.zip
market_data/20250916/23/l2Book/BTC.lz4,968386,d149a8a08d27923f98677c14dd7f09e48d4f980e136ca11fe44ab11fcc5fb623,42ff8d77e3436c0c8a232cead41c343b,market_data/20250916/23/l2Book/BTC.lz4,2025-09-17,prior,20251227.zip
market_data/20250917/0/l2Book/BTC.lz4,1107969,f918ecff9c790437180b56a556ef9f1981dafbb6d2fff59f5816919ece8afd3a,c4cdc1963b8607767a98f481e805db0c,market_data/20250917/0/l2Book/BTC.lz4,2025-09-17,t0,20251227.zip
market_data/20250923/23/l2Book/BTC.lz4,1172645,d6282c163c0db623c28d4c7dd5fa26dfcec90e223afe1bd1f0ba44273c5c9849,3fcbf7dd801c1f6fb1e611c1104dac7f,market_data/20250923/23/l2Book/BTC.lz4,2025-09-24,prior,20251227.zip
market_data/20250924/0/l2Book/BTC.lz4,1382174,5e5fbe68db1f3cae773c818816cabc09a65fed5c1fbd8039459197438ec80878,0e2bb34ba0bf8bc4c3e07557528b58ba,market_data/20250924/0/l2Book/BTC.lz4,2025-09-24,t0,20251227.zip
market_data/20250930/23/l2Book/BTC.lz4,887922,6e2b3d072c51813f1055b869d9ca24e5fbfd42af9aa9e22be5087adf7946dbaf,a214984bfbf76432e3fa9389c252498b,market_data/20250930/23/l2Book/BTC.lz4,2025-10-01,prior,20251227.zip
market_data/20251001/0/l2Book/BTC.lz4,1164216,360b31254afdeddbca4644479f4d4885e6b6b564ef3bbb62a9ab555aee1c14be,25370c7311d9f51c6467a82e6ba33260,market_data/20251001/0/l2Book/BTC.lz4,2025-10-01,t0,20251227.zip
market_data/20251007/23/l2Book/BTC.lz4,1220373,a28f236df98171f81ff44253655678917a6b1548a8ff5e2e702ae4f41dac2531,13419cb9e953ea5be350ca363ee3e6d5,market_data/20251007/23/l2Book/BTC.lz4,2025-10-08,prior,20251227.zip
market_data/20251008/0/l2Book/BTC.lz4,1276844,75451f6f6e40daa9d23b85ebfe70ea8759a9ab4db43c9002a7a2f979cc361e0e,1f9a9b19f2bb85adbd69dbb171609f3b,market_data/20251008/0/l2Book/BTC.lz4,2025-10-08,t0,20251227.zip
market_data/20251014/23/l2Book/BTC.lz4,1123209,6106fd5049c9cee96c7d2e6782c8cc1bf389274f3c9af684f9820614da4358de,ec3e30dffed36794c0f814a51b234ae9,market_data/20251014/23/l2Book/BTC.lz4,2025-10-15,prior,20251227.zip
market_data/20251015/0/l2Book/BTC.lz4,1286471,356da13c4ef8d2b6a6faf3b642b98976adaadd18a67faf73a932e0cfcab87b64,bd2e56c93b92a348f50ed0145ac64357,market_data/20251015/0/l2Book/BTC.lz4,2025-10-15,t0,20251227.zip
market_data/20251028/23/l2Book/BTC.lz4,1238533,eee2fc6d15caa2afc56066a30e7544f96f726bc6f3a4eef3394ced4831d3993f,5581a8401330eddd323750893216d33d,market_data/20251028/23/l2Book/BTC.lz4,2025-10-29,prior,20251227.zip
market_data/20251029/0/l2Book/BTC.lz4,1313116,cd56d27a381ee33e1ea94a6a2e784f38b3e166d804ef90003689fde80253c925,683d5c9c6054f429192624efd541896b,market_data/20251029/0/l2Book/BTC.lz4,2025-10-29,t0,20251227.zip
market_data/20251104/23/l2Book/BTC.lz4,1372356,b1ba5e2b0cf58d934b5457bf472b22184dc7f31015e2d491ffc3bad8e76cff4c,c9a67e841f33df5db888eda920f395bd,market_data/20251104/23/l2Book/BTC.lz4,2025-11-05,prior,20251227.zip
market_data/20251105/0/l2Book/BTC.lz4,1316939,32707ed87408f97c69868fb9efe8235180993aff7240d2c567bf500bf9aa9710,cd8b6b9fc6fdf56294543a0ac931c23e,market_data/20251105/0/l2Book/BTC.lz4,2025-11-05,t0,20251227.zip
market_data/20251111/23/l2Book/BTC.lz4,791337,abe7710d08716d78bfa946ee213715e7f6a92e158d25561ee73ccbe058379eee,7b96085aa0593b0254d5be2fcb4d65e5,market_data/20251111/23/l2Book/BTC.lz4,2025-11-12,prior,20251227.zip
market_data/20251112/0/l2Book/BTC.lz4,884865,94d8b08ce5b4b160fadb2583d85c7cdbbaa4d74b4ccd191d92cc3cc35d4dbeef,1369ceaeb9784ed005a44bfc1db386ab,market_data/20251112/0/l2Book/BTC.lz4,2025-11-12,t0,20251227.zip
market_data/20251202/23/l2Book/BTC.lz4,1298372,204ea585da376e2d3821066d791ecade5c43327d679f62288a97c14cf076e75a,f15a4c3e280a8a07aec62ffe21d27365,market_data/20251202/23/l2Book/BTC.lz4,2025-12-03,prior,20251227.zip
market_data/20251203/0/l2Book/BTC.lz4,1597220,f9fa98699fbe674f2ad8aafbcab42ded55afd4e62ea784cf46c3149738c8173f,e7b0b74b9745e6c3ab03614eac6e938f,market_data/20251203/0/l2Book/BTC.lz4,2025-12-03,t0,20251227.zip
market_data/20251209/23/l2Book/BTC.lz4,1156473,024c5596fa377131976b79b5963fb7e54adebc6bd418a38d385d34f687616d79,68a16563bb311269257666a85ff4817a,market_data/20251209/23/l2Book/BTC.lz4,2025-12-10,prior,20251227.zip
market_data/20251210/0/l2Book/BTC.lz4,1335006,cc6c1d8c3097e4f75a1b8a17d5857fe83141f82a9992b2f63719df872d3f2a49,434e980a4b873ea5a71e2d8d9b281606,market_data/20251210/0/l2Book/BTC.lz4,2025-12-10,t0,20251227.zip
market_data/20251216/23/l2Book/BTC.lz4,1228513,dffda3d31d60737ec7edfa626f71dee89d7e70f17c560c2da98a1570b23cc2b5,1e5023cae4557eccf4e703044b6df461,market_data/20251216/23/l2Book/BTC.lz4,2025-12-17,prior,20251227.zip
market_data/20251217/0/l2Book/BTC.lz4,1284769,5e7ba43ef3aef49e7976dc1b75a327d68c0b6afc1ef818ed248849164f9f1665,3d6c36d62168215c79af2f4f479aec9d,market_data/20251217/0/l2Book/BTC.lz4,2025-12-17,t0,20251227.zip
market_data/20251223/23/l2Book/BTC.lz4,1161481,3f62515736e09ac334f3a45cb84cb261723cb23b5077274ae8e93d2ad499c4d5,7e1f664ea61394faff65b8b5cf6a7ec8,market_data/20251223/23/l2Book/BTC.lz4,2025-12-24,prior,20251227.zip
market_data/20251224/0/l2Book/BTC.lz4,1145327,749d4ea126db6fe73b9da61841adc3e902a6d1af693d078d6cc45b0adaf96cdb,0ff06ad38c7a2471fbafc1ba0778f6fa,market_data/20251224/0/l2Book/BTC.lz4,2025-12-24,t0,20251227.zip