candidate_id,candidate_name,family,repo_location,branch_if_any,scientific_status,duplication_status,primary_source,backup_source,historical_start,historical_end,resolution,timestamp_quality,timezone_quality,raw_data_available,free_access,credentials_required,bulk_download,api_available,raw_preservation,hashable,revision_risk,survivorship_risk,lookahead_risk,source_mutation_risk,single_source_dependency,point_in_time_capability,discovery_oos_holdout_feasible,source_complexity,blocking_reason,status,smallest_authorized_next_step
"NEWS-SHOCK-LAB-V0.3","Macro surprise direction","MACRO_EVENT","research/news_shock_v03_macro_consensus_source_gate","news-shock-v03-source-blocked-closeout","FORMALLY_CLOSED_SOURCE_BLOCKED","DISTINCT","BLS actuals; unavailable pre-T0 consensus","None demonstrated","2021-01-01","2024-12-31","release event","HIGH for actual; FAILED for consensus","HIGH for BLS T0","PARTIAL","PARTIAL","Institutional entitlement would be required but is not authorized","YES for BLS","PARTIAL","YES for BLS","YES","HIGH consensus revision risk","LOW","CRITICAL","HIGH","YES for actual; unresolved for consensus","NO for consensus","NO","HIGH","No field-complete auditable pre-T0 consensus route","SOURCE_BLOCKED","Do not act unless marker reopen condition is satisfied on the same two events"
"SCL-FAMILY","Scalping TV and aggTrades lineage","MICRO_TREND","archive registries and scalping branches","archive/crypto-closed-labs-2026-09-13","TERMINAL_CLOSED","ECONOMICALLY_EQUIVALENT","Binance candles and aggTrades","None needed","historical","closed window","minute/trade","HIGH","UTC","YES","YES","NO","YES","YES","YES","YES","LOW","MEDIUM","LOW","LOW","LOW","YES","ALREADY_CONSUMED","MEDIUM","Scientific closeout and conflicts preserved","SCIENTIFICALLY_CLOSED","Preserve closeout; no new timeframe or transport clone"
"PATTERN-LAB-V1","Pattern mining lineage","PATTERN","archive registries","archive/crypto-closed-labs-2026-09-13","TERMINAL_CLOSED","NEAR_DUPLICATE","Binance public archives","None needed","historical","closed window","bar","HIGH","UTC","YES","YES","NO","YES","YES","YES","YES","LOW","MEDIUM","MEDIUM","LOW","LOW","YES","ALREADY_CONSUMED","MEDIUM","Scientific closeout exists","SCIENTIFICALLY_CLOSED","Preserve negative evidence"
"H180-0001","First-180-seconds hourly microstructure","MICRO","archive and H180 authorities","main","TERMINAL_CLOSED","DISTINCT","Binance USD-M 1m public archives","Binance API","2022-01-01","2025 boundary as frozen","1 minute","HIGH","UTC","YES","YES","NO","YES","YES","YES","YES","LOW","MEDIUM","LOW","LOW","LOW","YES","ALREADY_CONSUMED","MEDIUM","Exact hypothesis already adjudicated","SCIENTIFICALLY_CLOSED","Do not reopen or import its holdout"
"EMA-STRUCTURE-MULTIHORIZON-001","EMA geometry and crossover","TREND","research/ema_structure_multihorizon","ema-structure-multihorizon-v0.1","DISCOVERY_CLOSED_NO_SURVIVOR","DISTINCT","Binance Data Vision Spot","Binance REST","2021-01-01","2022-12-31","30m to 3d derived bars","HIGH","UTC","YES","YES","NO","YES","YES","YES","YES","LOW","MEDIUM","LOW","LOW","LOW","YES","ALREADY_CONSUMED","LOW","No robust survivor under frozen family","SCIENTIFICALLY_CLOSED","No horizon or EMA-pair rescue"
"CLASSIC-INDICATORS-FAMILY","ADX BB VWAP PBR indicator variants","TREND_MR","classic indicator and tf-gap branches","classic-indicators-gap-lab-v0.1","CLOSED_OR_SUPERSEDED_VARIANTS","NEAR_DUPLICATE","Binance public candles","MEXC public candles","various","various","bar","HIGH","UTC","YES","YES","NO","YES","YES","YES","YES","LOW","MEDIUM","MEDIUM","LOW","LOW","YES","NO_NEW_INFORMATION_SET","LOW","Candle-derived reparameterizations already covered","DUPLICATE","Reject rebranding; require a new causal information source"
"GEOMETRIC-TRENDLINE-001","Geometric trendline","TREND","branch-only candidate","geometric-trendline-v0.1","IDEA_OR_PREPARED","NEAR_DUPLICATE","Exchange candles","None","not frozen","not frozen","bar","HIGH if acquired","UTC","YES","YES","NO","YES","YES","YES","YES","LOW","MEDIUM","MEDIUM","LOW","LOW","YES","NO_NEW_INFORMATION_SET","LOW","Same price-trend information as saturated family","DUPLICATE","Do not initiate"
"FUNDING-CASH-CARRY-001","Funding cash and carry","CARRY","labs/FUNDING_CASH_CARRY_001","funding-cash-carry-v0.1","DISCOVERY_FAIL_NO_PROMOTION","DISTINCT","Binance spot/perpetual archives","Binance REST","frozen historical","frozen historical","funding interval and bars","HIGH","UTC","YES","YES","NO","YES","YES","YES","YES","LOW","LOW","LOW","LOW","LOW","YES","ALREADY_CONSUMED","MEDIUM","Exact MVE terminal","SCIENTIFICALLY_CLOSED","No cost threshold or hold rescue"
"QUARTERLY-BASIS-CONVERGENCE-001","Quarterly futures basis convergence","CARRY_RV","research/quarterly_basis_convergence_001","quarterly-basis-convergence-v0.1","DATA_FAILURE_NO_VERDICT","DISTINCT","Binance delivery futures and Spot archives","Binance REST","frozen by protocol","2024-12-31","bar and contract lifecycle","MEDIUM","UTC","PARTIAL","YES","NO","YES","YES","YES","YES","MEDIUM","LOW","MEDIUM","MEDIUM","MEDIUM","PARTIAL","POSSIBLE_AFTER_REPAIR","MEDIUM","Missing market bars and contract lifecycle continuity","DATA_FRAGILE","Run source-only lifecycle and missing-bar reconciliation; no outcomes"
"CROSS-VENUE-FUNDING-BASIS","Cross-venue funding and basis","CARRY_RV","crypto_edge_radar/protected_research_registry_v1.json","cross-venue-funding-basis-provenance-v0.5","PROVENANCE_RECOVERY_BLOCKED_NOT_NO_EDGE","DISTINCT","Hyperliquid historical replica commands","Venue public APIs","frozen historical","2024-12-31","event and funding interval","HIGH if acquired","UTC","NO in current environment","CONDITIONAL","Authorized cloud credentials and requester-pays approval","YES","YES","YES if authorized","YES","LOW","LOW","MEDIUM","MEDIUM","HIGH","YES in principle","NO CURRENTLY","HIGH","Separate credentials and cost authority absent","SOURCE_BLOCKED","Wait for explicit requester-pays and credential authority"
"BINANCE-PREMIUM-COMPRESSION","Binance premium compression","CARRY_RV","research/binance_premium_compression","binance-premium-compression-v0.1","DATA_FAILURE_NO_VERDICT","ECONOMICALLY_EQUIVALENT","Cross-venue exchange prices","Other venue API","frozen","frozen","bar","MEDIUM","UTC","PARTIAL","YES","NO","PARTIAL","YES","PARTIAL","YES","MEDIUM","LOW","MEDIUM","MEDIUM","HIGH","PARTIAL","NO_NEW_INFORMATION_SET","MEDIUM","Generic venue-premium variant overlaps carry and price-discovery work","DUPLICATE","Do not repair unless a materially new causal constraint is frozen"
"CRYPTO-ILLIQUIDITY-PREMIUM-001","Cross-sectional illiquidity premium","RV","labs/CRYPTO_ILLIQUIDITY_PREMIUM_001","crypto-illiquidity-premium-v0.1","DISCOVERY_FAIL_NO_PROMOTION","DISTINCT","Binance USD-M daily klines","Binance REST","2021-01-01","2025-12-31 as authorized lineage","daily","HIGH","UTC","YES","YES","NO","YES","YES","YES","YES","LOW","HIGH","LOW","LOW","LOW","YES","ALREADY_CONSUMED","LOW","Exact MVE closed","SCIENTIFICALLY_CLOSED","No universe window or rebalance rescue"
"CIRV-001","Crypto intraweek realized volatility","RV_VOL","labs/CRYPTO_INTRAWEEK_RV_001","crypto-intraweek-rv-forward-v0.1","FORWARD_ACTIVE_FROZEN","DISTINCT","Binance official daily archives","Independent Spot replication archives","frozen discovery and validation","PROSPECTIVE_ONLY","daily","HIGH","UTC","YES","YES","NO","YES","YES","YES","YES","LOW","LOW for BTC ETH","LOW","LOW","LOW","YES","YES under existing freeze","LOW","Already in forward workflow; not a new mine","DATA_READY_WITH_CONTROLS","Continue only the existing prospective boundary and receipts"
"CROSS-ASSET-VOL-STRESS-001","Cross-asset volatility stress","VOL","labs/CROSS_ASSET_VOL_STRESS_001","cross-asset-vol-stress-v0.1","DISCOVERY_FAIL_NO_PROMOTION","DISTINCT","Official settlement series and Binance archives","None needed","frozen","frozen","daily","HIGH","UTC","YES","YES","NO","YES","YES","YES","YES","LOW","LOW","LOW","LOW","LOW","YES","ALREADY_CONSUMED","LOW","Canonical Discovery closeout exists","SCIENTIFICALLY_CLOSED","Preserve closeout"
"USD-NET-LIQUIDITY-001","USD net liquidity","MACRO_FLOW","labs/USD_NET_LIQUIDITY_001","usd-net-liquidity-v0.1","DISCOVERY_FAIL_NO_PROMOTION","DISTINCT","Official public macro series with vintages","ALFRED","2018-01-01","2024-12-31","daily/weekly derived","MEDIUM","UTC normalized","YES","YES","NO","YES","YES","YES","YES","MEDIUM","LOW","MEDIUM","MEDIUM","MEDIUM","PARTIAL","ALREADY_CONSUMED","MEDIUM","Exact MVE closed","SCIENTIFICALLY_CLOSED","No formula or subperiod rescue"
"BTC-FEE-PRESSURE-001","Bitcoin fee pressure","FLOW_ONCHAIN","research/btc_fee_pressure","btc-fee-pressure-v0.5-discovery","DISCOVERY_FAIL_NO_PROMOTION","DISTINCT","Bitcoin chain fees and Binance Data Vision","Public chain explorers","2021-01-01","2024-12-31","daily","HIGH","UTC","YES","YES","NO","YES","YES","YES","YES","LOW","LOW","LOW","LOW","LOW","YES","ALREADY_CONSUMED","MEDIUM","Exact fee-pressure MVE closed","SCIENTIFICALLY_CLOSED","Any new blockspace mechanism needs a new ID and freeze"
"BTC-SETTLEMENT-DEMAND-001","Bitcoin settlement demand","FLOW_ONCHAIN","btc settlement branches","btc-settlement-demand-v0.3-discovery-bindfix","TERMINAL_CLOSED","DISTINCT","Bitcoin chain data","Public explorer APIs","frozen","frozen","block/daily","HIGH on chain","UTC","YES","YES","NO","YES","YES","YES","YES","LOW","LOW","LOW","LOW","LOW","YES","ALREADY_CONSUMED","MEDIUM","Exact lineage closed","SCIENTIFICALLY_CLOSED","Preserve closeout"
"MINER-STRESS-001","Bitcoin miner stress","FLOW_SUPPLY","miner stress branch","miner-stress-v0.1","TERMINAL_CLOSED","DISTINCT","Bitcoin chain and public market archives","None needed","frozen","frozen","daily","MEDIUM","UTC","PARTIAL","YES","NO","PARTIAL","YES","YES","YES","MEDIUM","MEDIUM","MEDIUM","MEDIUM","MEDIUM","PARTIAL","ALREADY_CONSUMED","MEDIUM","Exact lineage archived","SCIENTIFICALLY_CLOSED","Do not clone miner-flow variants"
"ONCHAIN-CAPFLOW-V0.1","On-chain capital flow","FLOW","onchain capflow branches","onchain-capflow-discovery-action-v01a","MVE0_FAIL_LINEAGE_CLOSED","DISTINCT","Public on-chain metrics","Provider-specific backup","frozen","frozen","daily","MEDIUM","UTC","PARTIAL","PARTIAL","MAYBE","PARTIAL","YES","PARTIAL","YES","HIGH","MEDIUM","MEDIUM","HIGH","HIGH","PARTIAL","ALREADY_CONSUMED","MEDIUM","Exact tested implementation closed","SCIENTIFICALLY_CLOSED","Preserve source and scientific semantics"
"ETF-CME-INSTFLOW-001","CFTC CME institutional flow","FLOW","crypto_edge_radar/deployment_registry_v1.json","etf-cme-institutional-flow-v0.1","FORWARD_SHADOW_ACTIVE","DISTINCT","CFTC Legacy COT contract 133741","CFTC historical compressed files","historical authority frozen","PROSPECTIVE_ONLY","weekly","HIGH with publication lag","US federal release clock to UTC","YES","YES","NO","YES","YES","YES","YES","MEDIUM","LOW","HIGH if as-of used early","MEDIUM","LOW","YES with release lag","YES under existing authority","LOW","Already active; release/as-of clock and revisions require controls","DATA_READY_WITH_CONTROLS","Continue existing shadow; do not start a new historical mine"
"BNB-LAUNCHPOOL-DEMAND-001","BNB Launchpool demand","EVENT_SUPPLY","crypto_edge_radar/deployment_registry_v1.json","bnb-launchpool-demand-forward-shadow-v01","FORWARD_SHADOW_ACTIVE","DISTINCT","Official Binance Launchpool CMS","Binance announcement page and BNB BTC market archive","historical authority frozen","PROSPECTIVE_ONLY","announcement plus 15m bars","HIGH prospectively","UTC normalized","YES","YES","NO","PARTIAL","YES","YES","YES","MEDIUM","LOW","LOW prospectively","MEDIUM","MEDIUM","YES prospectively","FORWARD_ONLY","MEDIUM","Rare events and CMS mutation; already active","DATA_READY_WITH_CONTROLS","Continue existing prospective watcher and immutable receipts"
"OPTIONS-SPOTPERP-001-V2.1","Options skew to spot/perp","VOL","crypto_edge_radar/deployment_registry_v1.json","options-spotperp-v21-live-shadow-v0.1","FORWARD_SHADOW_ACTIVE","DISTINCT","Deribit public option trades/API","Binance BTCUSDT daily archive","2021-04-01","PROSPECTIVE_ONLY","trade and daily","HIGH","UTC","YES","YES","NO","PARTIAL","YES","YES","YES","MEDIUM","LOW for BTC","MEDIUM","MEDIUM","MEDIUM","YES with instrument lifecycle","YES under existing freeze","MEDIUM","Public-history sparsity and instrument lifecycle; already active","DATA_READY_WITH_CONTROLS","Continue frozen forward evidence only"
"TFG-DONCHIAN-REGIME-ADAPTATION-V1","Donchian regime adaptation","TREND","crypto_edge_radar/deployment_registry_v1.json","crypto-edge-radar-donchian-v0.7","FORWARD_ONLY_ACTIVE","DISTINCT","MEXC Spot public market data","Binance spot archive for diagnostics only","PROSPECTIVE_ONLY","PROSPECTIVE_ONLY","bar","HIGH","UTC","YES","YES","NO","NO historical bulk at same quality","YES","YES prospectively","YES","MEDIUM","LOW","LOW prospectively","MEDIUM","HIGH","YES prospectively","FORWARD_ONLY","MEDIUM","No retrospective source path of equal authority; already active","DATA_READY_WITH_CONTROLS","Continue existing forward watcher only"
"HTF-DH03-12H-STANDALONE-FORWARD-V1","12H standalone Donchian forward","TREND","crypto_edge_radar/deployment_registry_v1.json","htf-dh03-12h-standalone-forward-v0.1","FORWARD_ARCHIVE_SHADOW_ACTIVE","DISTINCT","Binance public archive with checksums","Binance public websocket","warmup historical","PROSPECTIVE_ONLY","12h plus daily archive arrival","HIGH","UTC","YES","YES","NO","YES","YES","YES","YES","LOW","MEDIUM","LOW prospectively","MEDIUM","LOW","YES","FORWARD_ONLY","LOW","Already active; archive publication lag and funding reconciliation","DATA_READY_WITH_CONTROLS","Continue existing archive-shadow boundary"
"CED1D-0031","CED 1D forward candidate","TREND","research/ced_1d_v3 and governance","avax20-cross-venue-causal-decomposition-v0.1","PROSPECTIVE_SHADOW_ACTIVE","DISTINCT","Binance byte-exact archives","OKX source replication route","frozen historical","PROSPECTIVE_ONLY","daily plus funding","HIGH after recovery","UTC","YES","YES","NO","YES","YES","YES","YES","LOW","MEDIUM","LOW prospectively","MEDIUM","MEDIUM","YES","FORWARD_ONLY","MEDIUM","Already active and authority-bound","DATA_READY_WITH_CONTROLS","Continue existing boundary; no new candidate selection"
"STETH-REDEMPTION-BASIS-001","stETH redemption basis pre-activation boundary","MR_RV","research/steth_redemption_basis","steth-redemption-basis-002-source-v0.1","FROZEN_SOURCE_BOUNDARY_PROVENANCE_FAILURE","DISTINCT","Ethereum archive RPC","SQD logs","2023-05-15","2024-12-31","daily block state","HIGH if supported","UTC","PARTIAL","YES","NO","NO","YES","YES","YES","LOW chain revision; high provider availability","LOW","LOW","MEDIUM","MEDIUM","FAILED at frozen boundary","NO","HIGH","Frozen first snapshot precedes required canonical V2 state","SOURCE_BLOCKED","Keep terminal; do not shift its boundary"
"STETH-REDEMPTION-BASIS-002","stETH protocol redemption convergence","MR_RV","research/steth_redemption_basis_002","steth-redemption-basis-002-discovery-v0.1","SOURCE_DATA_PASS_PROTOCOL_FROZEN_NO_CANONICAL_VERDICT","DISTINCT","Three public Ethereum archive RPC routes plus SQD Ethereum logs","Cross-provider quorum","2023-05-16T12:00:00Z","2024-12-31T12:00:00Z","daily snapshot with block/event resolution","HIGH","UTC","YES","YES","NO","NO","YES","YES","YES","LOW after finality; provider availability medium","LOW","LOW with frozen clock","MEDIUM","LOW due provider quorum","YES","YES","HIGH","RPC 429 throughput and canonical-run precedence","DATA_READY_WITH_CONTROLS","Verify no admissible closeout then run exact transport-remediated one-shot Discovery"
"ETH-STAKING-FLOW-001-XATU","Ethereum validator entry exit flow","FLOW_SUPPLY","research/eth_staking_flow","eth-staking-flow-v0.3-xatu","SOURCE_ONLY_FROZEN_PROBE_PENDING","DISTINCT","Xatu public canonical beacon validator Parquet","Beacon API spot checks","2023-04-12","2024-12-31","epoch snapshot aggregated daily","HIGH if table passes","UTC","YES in principle","YES","NO","YES","YES","YES","YES","MEDIUM schema drift","LOW","LOW with point-in-time partition","MEDIUM","MEDIUM","PENDING_PROBE","POSSIBLE_AFTER_SOURCE_PASS","MEDIUM","Exact table schema and first-epoch temporal alignment not yet proven","SOURCE_PROBE_REQUIRED","Execute only frozen four-date Xatu source feasibility probe"
"AAVE-CREDIT-STRESS-001","Aave USDC borrow-rate stress","CREDIT","research Aave credit stress","aave-credit-stress-discovery-v0.1","DISCOVERY_CLOSED","DISTINCT","SQD Ethereum logs plus Binance archive","Public archive RPC","2023-01-01","2024-12-31","event to daily","HIGH","UTC","YES","YES","NO","YES","YES","YES","YES","LOW","LOW","LOW","LOW","LOW","YES","ALREADY_CONSUMED","MEDIUM","Discovery already adjudicated","SCIENTIFICALLY_CLOSED","Preserve closeout; no sign or horizon rescue"
"AAVE-RISK-PARAMETER-SHOCK-001","Aave governance risk-parameter shocks","CREDIT_EVENT","research/aave_risk_parameter_shock","aave-risk-parameter-shock-v0.1","EXACT_PRIMARY_MECHANISM_TERMINAL_INSUFFICIENT_SAMPLE","DISTINCT","SQD Ethereum logs and governance execution receipts","Archive RPC","Aave V3 history","2024-12-31","event/block","HIGH","UTC","YES","YES","NO","YES","YES","YES","YES","LOW","LOW","LOW","LOW","LOW","YES","NO sample gate","HIGH","Exact frozen independence sample gate failed before outcomes","SCIENTIFICALLY_CLOSED","A materially different mechanism needs a new prospective ID"
"AAVE-LIQUIDATION-OVERHANG-001","Latent Aave liquidation inventory","CREDIT_MICRO","protected research registry","aave-liquidation-overhang-v0.1","ARCHIVE_RPC_QUORUM_BLOCKED","DISTINCT","Aave V3 on-chain borrower state","SQD logs and subgraph","2022-01-01","2024-12-31","daily block state","HIGH in principle","UTC","PARTIAL","PARTIAL","Archive-capable access may be required","NO","YES","YES if acquired","YES","LOW chain revision; high access risk","LOW","LOW","MEDIUM","HIGH","YES in principle","NO","VERY_HIGH","Historical borrower-state reconstruction failed archive-RPC quorum","SOURCE_BLOCKED","Wait for legitimate archival-state source; do not lower quorum"
"DEFI-LIQUIDATION-SHOCK-001","Solana DeFi liquidation shock","MICRO_CREDIT","protected research registry","defi-liquidation-shock-v0.1","SOURCE_REMEDIATION_AUTHORIZED_DISCOVERY_CLOSED","DISTINCT","BigQuery public Solana dataset","Raw archival RPC reconciliation","2021-01-01","2024-12-31","transaction/instruction","HIGH if decoded","UTC","PARTIAL","PARTIAL","BigQuery and possibly authorized RPC key","YES","YES","YES","YES","MEDIUM dataset lag","MEDIUM protocol survivorship","LOW before outcomes","MEDIUM","MEDIUM","PENDING_COVERAGE_GATE","POSSIBLE_AFTER_SOURCE_PASS","HIGH","Protocol coverage decoder and raw-chain reconciliation incomplete","SOURCE_PROBE_REQUIRED","Run source-only coverage/candidate census and sample reconciliation"
"L2-RESILIENCY-001","Order-book sweep replenishment","MICRO","research/l2_resiliency","l2-resiliency-v0.1","DISCOVERY_SUPPORTED_VALIDATION_SOURCE_CLOCK_BLOCKED","DISTINCT","Hyperliquid official l2Book requester-pays archive","None equivalent","2024-01-01","2025 validation boundary","subsecond snapshots","MEDIUM until clock normalized","UTC fields conflict","YES","CONDITIONAL","Requester-pays authorization","YES","NO","YES","YES","LOW","LOW","CRITICAL clock risk","MEDIUM","HIGH","PARTIAL","VALIDATION_AFTER_CLOCK_PASS","HIGH","Envelope versus payload clock semantics unresolved for validation","SOURCE_PROBE_REQUIRED","Run only frozen full-corpus clock diagnostic"
"ORDERBOOK-RESILIENCE-001","True L2 refill after depletion","MICRO","research/orderbook_resilience","orderbook-resilience-v0.1","SOURCE_TEMPORAL_RESOLUTION_FAIL","DISTINCT","Binance USD-M bookDepth archive","No free full-depth equivalent proven","2023-01-01","2024-12-31","coarse aggregated depth","LOW for required mechanism","UTC","YES","YES","NO","YES","NO","YES","YES","LOW","LOW","MEDIUM","LOW","HIGH","NO for true refill","NO","MEDIUM","Public source is too coarse and not reconstructable full L2","SOURCE_BLOCKED","Require a new independent full-depth source and authority"
"LIQUIDATION-PRESSURE-001","Centralized-venue liquidation pressure","MICRO","labs/LIQUIDATION_PRESSURE_001","liquidation-pressure-tardis-source-v0.2","PUBLIC_ROUTE_INSUFFICIENT_PREMIUM_ROUTE_UNAUTHORIZED","NEAR_DUPLICATE","Venue liquidation feeds and archives","Tardis licensed history","frozen","2024-12-31","event","MEDIUM","UTC","PARTIAL","PARTIAL","Premium source needed for complete history","PARTIAL","YES","PARTIAL","YES","MEDIUM","LOW","MEDIUM","MEDIUM","HIGH","PARTIAL","NO","HIGH","Free history lacks complete auditable multivenue corpus","DATA_FRAGILE","Do not buy data; wait for public immutable corpus or authorized entitlement"
"STABLECOIN-PEG-DISLOCATION-001","USDCUSDT peg dislocation","MR_RV","labs/STABLECOIN_PEG_DISLOCATION_001","stablecoin-peg-dislocation-v0.1","DISCOVERY_FAIL_NO_PROMOTION","DISTINCT","Binance Data Vision Spot","Binance REST","2022-09-26","2024-12-31","minute","HIGH","UTC","YES","YES","NO","YES","YES","YES","YES","LOW","LOW","LOW","LOW","LOW","YES","ALREADY_CONSUMED","LOW","Exact MVE closed","SCIENTIFICALLY_CLOSED","Any new stablecoin mechanism needs a new prospective authority"
"SDS-CURVE3POOL-PEG-001","Curve 3pool DEX stress","MR_MICRO","research/stablecoin_dex_stress_v0_1","stablecoin-dex-stress-source-v0.2-sqd","EXACT_SOURCE_FORMULA_PROVENANCE_FAILURE_CLOSED","DISTINCT","SQD Ethereum TokenExchange logs","Archive RPC","2021-01-01","2024-12-31","event","HIGH","UTC","YES","YES","NO","YES","YES","YES","YES","LOW","LOW","LOW","LOW","LOW","YES but formula undefined","NO","MEDIUM","Frozen log-ratio formula undefined for canonical zero-quantity events","SCIENTIFICALLY_CLOSED","New formula requires a new prospective mechanism ID"
"STABLECOIN-EXCHANGE-FLOW-001","Stablecoin exchange flow","FLOW","labs/STABLECOIN_EXCHANGE_FLOW_001","stablecoin-exchange-flow-v0.1","DISCOVERY_CLOSED","DISTINCT","Public chain and exchange basket sources","Coin Metrics community and RPC checks","frozen","frozen","daily/block","MEDIUM","UTC","YES","YES","NO","YES","YES","YES","YES","MEDIUM","MEDIUM","MEDIUM","MEDIUM","MEDIUM","PARTIAL","ALREADY_CONSUMED","HIGH","Official Discovery closeout exists","SCIENTIFICALLY_CLOSED","Preserve closeout"
"STABLECOIN-SUPPLY-LIQUIDITY-001","Stablecoin supply liquidity impulse","FLOW_SUPPLY","labs/STABLECOIN_SUPPLY_LIQUIDITY_001","stablecoin-supply-liquidity-impulse-v0.1","DISCOVERY_CLOSED","NEAR_DUPLICATE","Public stablecoin supply series","Chain data","frozen","frozen","daily","MEDIUM","UTC","PARTIAL","YES","NO","PARTIAL","YES","YES","YES","MEDIUM","MEDIUM","MEDIUM","MEDIUM","MEDIUM","PARTIAL","ALREADY_CONSUMED","MEDIUM","Discovery closeout exists","SCIENTIFICALLY_CLOSED","Do not mutate supply window"
"PROTOCOL-DEMAND-001","Protocol fees and revenue demand","FLOW","research/protocol_demand_v0_1","protocol-demand-v0.1","SOURCE_GOVERNANCE_BLOCKED","DISTINCT","DefiLlama public fees/revenue","Protocol-native chain data","historical full response","2024-12-31 ceiling","daily","MEDIUM","UTC","YES","YES","NO","YES","YES","YES","YES","HIGH methodology revision","HIGH protocol survivorship","CRITICAL protected-boundary risk","HIGH","HIGH","PARTIAL","NO","MEDIUM","Free endpoint returns full history beyond authorized boundary","SOURCE_BLOCKED","Require server-side end date or frozen archive ending 2024-12-31"
"EXCHANGE-DELISTING-SHOCK-001-V04","Exchange delisting access shock","ACCESS_EVENT","research/exchange_delisting_shock_001","exchange-delisting-shock-v0.4-symbol-identity-source","OUTCOME_BLIND_SOURCE_CONTRACT_FROZEN","DISTINCT","Official Binance support announcements","Binance Data Vision Spot","candidate 2021","2024-12-31","event plus minute bars","HIGH if pages preserved","UTC normalized","PARTIAL","YES","NO","PARTIAL","PARTIAL","YES","YES","HIGH announcement mutation","HIGH delisting bias","MEDIUM","HIGH","HIGH","PENDING_CENSUS","POSSIBLE_AFTER_SOURCE_PASS","HIGH","Exact token identity and all-pairs cessation population not yet passed","SOURCE_PROBE_REQUIRED","Execute V0.4 source-only event census"
"UPBIT-KRW-LISTING-SHOCK-001","Upbit KRW listing access shock","ACCESS_EVENT","research/upbit_krw_listing_shock_001","upbit-krw-listing-shock-v0.1","SOURCE_ACCESS_BLOCKED","DISTINCT","Official Upbit announcements API","Archived official pages","frozen","2024-12-31","event","HIGH if accessible","KST to UTC","NO","YES","NO","NO","YES but HTTP 403","NO","NO","HIGH","HIGH","MEDIUM","HIGH","HIGH","NO CURRENTLY","NO","MEDIUM","Official announcement endpoint returned HTTP 403","SOURCE_BLOCKED","Wait for legitimate official archive access"
"PERPETUAL-LAUNCH-SHOCK-001","Perpetual market launch shock","ACCESS_EVENT","research/perpetual_launch_shock_001","perpetual-launch-shock-v0.1-source-gate","TERMINAL_NO_CAUSAL_LAUNCH_INTENSITY_EDGE","DISTINCT","Official exchange announcements and market archives","None needed","frozen","frozen","event plus bars","HIGH","UTC","YES","YES","NO","YES","YES","YES","YES","MEDIUM","HIGH","LOW","MEDIUM","MEDIUM","YES","ALREADY_CONSUMED","MEDIUM","Exact mechanism terminal","SCIENTIFICALLY_CLOSED","No event-definition or horizon rescue"
"TOKEN-UNLOCK-EVENT-001","Token unlock event pressure","SUPPLY_EVENT","research/token_unlock_event_001","token-unlock-event-001-source-gate-v01","DISCOVERY_CLOSED_NO_EDGE","DISTINCT","Provider point-in-time unlock manifests plus Binance archives","DefiLlama snapshots","2023-01-01","2024-12-31","event/daily","MEDIUM","UTC","YES","PARTIAL","Provider route may require access","YES","YES","YES","YES","HIGH","HIGH","MEDIUM","HIGH","HIGH","PARTIAL","ALREADY_CONSUMED","HIGH","Exact MVE closed","SCIENTIFICALLY_CLOSED","No unlock threshold or universe rescue"
"SUPPLY-DILUTION-001","Historical circulating-supply dilution","SUPPLY","research/supply_dilution_v0_1","supply-dilution-001-source-gate-v01","SOURCE_AUTH_BLOCKED_UNTESTED","DISTINCT","Historical supply and point-in-time universe provider","CoinGecko price history","2021-01-01","2024-12-31","daily","MEDIUM","UTC","NO complete free corpus","NO","YES","YES","YES","YES if licensed","YES","HIGH","CRITICAL","MEDIUM","HIGH","HIGH","PARTIAL","NO","HIGH","Free route cannot reconstruct historical universe and circulating supply","SOURCE_BLOCKED","Wait for authorized point-in-time provider or archived academic corpus"
"WHALE-CEX-NETFLOW-001","Whale exchange netflow","FLOW","labs/WHALE_CEX_NETFLOW_001","whale-cex-netflow-v0.1","PRE_SOURCE_FROZEN_UNEXECUTED","DISTINCT","Glassnode Point-in-Time API","None with equivalent attribution","frozen","2024-12-31","daily","MEDIUM","UTC","NO","NO","YES","YES","YES","YES if entitled","YES","HIGH attribution revision","HIGH address survivorship","MEDIUM","HIGH","HIGH","PARTIAL","NO","HIGH","Critical point-in-time attributed flow is premium and mutable","SOURCE_BLOCKED","No purchase; wait for authorized entitlement with vintage audit"
"CROSSCHAIN-ATTENTION-REALLOCATION-001","Cross-chain activity reallocation","FLOW_LEADLAG","labs/CROSSCHAIN_ATTENTION_REALLOCATION_001","crosschain-attention-reallocation-v0.1","SOURCE_BLOCKED_V02","DISTINCT","Chain-native bounded sources","Solscan analytics route","frozen","2024-12-31","daily","MEDIUM","UTC","PARTIAL","PARTIAL","Solana source authorization needed","PARTIAL","YES","PARTIAL","YES","MEDIUM","MEDIUM","MEDIUM","HIGH","HIGH","PARTIAL","NO","HIGH","Required Solana lane returned unauthorized and all lanes are mandatory","SOURCE_BLOCKED","Wait for legitimate bounded Solana source"
"BTC-OPTIONS-VRP-001","Bitcoin options variance risk premium execution","VOL_CARRY","BTC options VRP branches","btc-options-vrp-execution-v0.1","DISCOVERY_PASS_EXECUTION_DATA_INSUFFICIENT","DISTINCT","Deribit public historical trades","Licensed BBO/quote archive","2021-01-01","2024-12-31","trade/quote","HIGH for trades; missing BBO","UTC","PARTIAL","PARTIAL","Premium BBO may be required","PARTIAL","YES","PARTIAL","YES","MEDIUM","LOW","MEDIUM","MEDIUM","HIGH","PARTIAL","NO executable sample gate","HIGH","Public prints do not provide enough direction-matched executable episodes","DATA_FRAGILE","Wait for authorized high-quality historical BBO export; no mark/mid substitution"
"BTC-DVOL-FUTURES-TERMSTRUCTURE-001","BTC DVOL futures term structure","VOL_RV","BTC DVOL futures branches","btc-dvol-futures-lifecycle-source-v0.2","LIFECYCLE_SOURCE_DATA_INSUFFICIENT","DISTINCT","Deribit public futures trades/instruments","Independent archived metadata","available contracts","2024-12-31","trade and lifecycle","HIGH for trades; incomplete metadata","UTC","YES","YES","NO","PARTIAL","YES","YES","YES","MEDIUM","HIGH delisting/lifecycle","MEDIUM","MEDIUM","HIGH","PARTIAL","NO","HIGH","Frozen metadata-integrity gate did not pass","DATA_FRAGILE","New prospective source-gate design only; do not waive integrity threshold"
"ETF-CREATION-FLOW-001","ETF shares creation flow","FLOW_EVENT","ETF creation branches","etf-creation-flow-source-recovery-v0.4","SOURCE_FEASIBILITY_BLOCKED","DISTINCT","Official ETF shares outstanding history","Issuer filings and archived pages","2024 inception","2024-12-31","daily","MEDIUM","US release clocks to UTC","PARTIAL","PARTIAL","Maybe","PARTIAL","PARTIAL","YES","YES","HIGH revisions","MEDIUM","MEDIUM","HIGH","HIGH","PARTIAL","NO","HIGH","Exact official point-in-time shares-outstanding corpus unavailable","SOURCE_BLOCKED","Wait for issuer-grade point-in-time export"
"CROSS-VENUE-PRICE-DISCOVERY-001","Cross-venue price discovery","LEADLAG","source-gate script branch","cross-venue-price-discovery-001-v01","SOURCE_GATE_PREPARED","ECONOMICALLY_EQUIVALENT","Public venue market data","Second venue archive","not frozen","not frozen","trade/bar","HIGH if synchronized","UTC","YES","YES","NO","PARTIAL","YES","YES","YES","LOW","LOW","MEDIUM","MEDIUM","MEDIUM","YES","NO_NEW_INFORMATION_SET","MEDIUM","Same venue timing question as prior lead-lag programs","DUPLICATE","Do not execute absent materially different causal state"
"COINBASE-BINANCE-LEADLAG-001","Coinbase to Binance lead-lag","LEADLAG","research/coinbase_binance_leadlag_001","coinbase-binance-leadlag-v0.1","DATA_FAILURE_NO_MARKET_VERDICT","ECONOMICALLY_EQUIVALENT","Coinbase and Binance public market data","Exchange APIs","frozen","frozen","minute/trade","MEDIUM","UTC","PARTIAL","YES","NO","PARTIAL","YES","YES","YES","LOW","LOW","MEDIUM","MEDIUM","HIGH","PARTIAL","NO_NEW_INFORMATION_SET","MEDIUM","Synchronized coverage failed and mechanism duplicates lead-lag family","DUPLICATE","Preserve data-failure semantics; do not clone"
"ARQ-001-DRF-001","Dominance regime follower","REGIME_TREND","research/ARQ001 files","arq001-dominance-regime-follower-v0.1","SOURCE_GATE_BLOCKED_MISSING_EXPORT","DISTINCT","Official TradingView BTC.D USDT.D TOTAL3 CSV exports","No substitution allowed","2022-01-01","2024-12-31","1 minute","PENDING","UTC required","NO","CONDITIONAL","User-authenticated export required","NO","NO","YES if supplied","YES","HIGH export mutability","MEDIUM","MEDIUM","HIGH","HIGH","PENDING","NO","MEDIUM","Three official exports absent and no public immutable archive route","SOURCE_BLOCKED","Wait for legitimate exact TradingView exports; do not synthesize dominance"
"PMD-001","Pumpfun migration direction","SUPPLY_ACCESS","protected research registry","pumpfun-migration-direction-source-rebuild-v0.2","PUBLIC_RPC_SOURCE_COVERAGE_GATE_INCOMPLETE","DISTINCT","Solana public RPC migration records","Archive provider","frozen population","2024-12-31","transaction/event","HIGH if decoded","UTC","PARTIAL","YES","NO","PARTIAL","YES","YES","YES","MEDIUM","HIGH","LOW","MEDIUM","HIGH","PARTIAL","NO frozen sample gate","HIGH","Exact source route failed frozen coverage minimum","SOURCE_BLOCKED","Only a materially different prospectively frozen source architecture"
"UTXO-DORMANCY-001","Bitcoin UTXO dormancy","FLOW_SUPPLY","branch-only candidate","utxo-dormancy-v0.1","SOURCE_NOT_DEMONSTRATED","DISTINCT","Bitcoin full node chainstate reconstruction","Public block archives or academic snapshot","genesis or frozen start","2024-12-31","block/daily","HIGH on chain","UTC","YES in principle","YES","NO if self-hosted","YES","API optional","YES","YES","LOW","LOW","LOW","LOW","LOW","YES in principle","POSSIBLE_AFTER_GATE","VERY_HIGH","No repository source gate proves reproducible historical UTXO state reconstruction","SOURCE_PROBE_REQUIRED","Freeze and run a bounded byte/hash/cost source feasibility probe"
"BTC-MVRV-VALUATION-001","Bitcoin MVRV valuation","FLOW_VALUATION","branch-only candidate","btc-mvrv-valuation-v0.1","SOURCE_NOT_DEMONSTRATED","NEAR_DUPLICATE","Point-in-time realized-cap provider or full-chain reconstruction","None proven","not frozen","2024-12-31","daily","MEDIUM","UTC","NO complete route","PARTIAL","Likely provider entitlement or full-node compute","PARTIAL","PARTIAL","PARTIAL","YES","HIGH metric revision","LOW","MEDIUM","HIGH","HIGH","PARTIAL","NO","VERY_HIGH","Critical realized-cap history is not bound to a free auditable source","SOURCE_BLOCKED","Require a source gate; no current-provider historical row substitution"
"ETH-DEMAND-FEE-FLOW-001","Ethereum fee and demand flow","FLOW","research/eth_demand_fee_flow_001","eth-demand-fee-flow-v0.2","REPLICATION_AND_ROBUSTNESS_CLOSED","DISTINCT","Ethereum chain fee/burn data","Public explorer/RPC","frozen","frozen","block/daily","HIGH","UTC","YES","YES","NO","YES","YES","YES","YES","LOW","LOW","LOW","LOW","LOW","YES","ALREADY_CONSUMED","MEDIUM","Canonical closeouts exist","SCIENTIFICALLY_CLOSED","Preserve closeouts"
"PERP-CROWDING-UNWIND-FAMILY","Perpetual crowding unwind","FLOW_MICRO","labs/PERP_CROWDING_UNWIND*","perp-crowding-unwind-crossasset-v0.1","DISCOVERY_AND_REPLICATION_CLOSED","DISTINCT","Binance USD-M public metrics/archives","None needed","frozen","frozen","funding/bar","HIGH","UTC","YES","YES","NO","YES","YES","YES","YES","LOW","MEDIUM","LOW","LOW","LOW","YES","ALREADY_CONSUMED","MEDIUM","Exact family closeouts exist","SCIENTIFICALLY_CLOSED","No asset or threshold rescue"
"MSEL-001","Memecoin structural edge","SUPPLY_ACCESS","protected research registry","memecoin-structural-edge-v0.1","PILOT_EXACT_PATH_CLOSED_BROADER_SOURCE_UNRESOLVED","DISTINCT","On-chain token lifecycle and metadata","Archive RPC/indexer","frozen","2024-12-31","transaction/event","HIGH if reconstructed","UTC","PARTIAL","PARTIAL","Maybe archive access","PARTIAL","YES","YES","YES","MEDIUM","CRITICAL token survivorship","MEDIUM","HIGH","HIGH","PARTIAL","NO","VERY_HIGH","Exact pilot closed; broader point-in-time source reconstruction unresolved","SOURCE_PROBE_REQUIRED","Only a materially different source mechanism with a new prospective freeze"
"SPOT-LISTING-ACCESS-SHOCK-001","Spot listing access shock","ACCESS_EVENT","branch-only candidate","spot-listing-access-shock-v0.1","SOURCE_NOT_YET_ADJUDICATED","NEAR_DUPLICATE","Official exchange announcements","Exchange market archives","not established","2024-12-31","event plus minute bars","MEDIUM","UTC normalized","PARTIAL","YES","NO","PARTIAL","PARTIAL","YES","YES","HIGH","HIGH","MEDIUM","HIGH","HIGH","PARTIAL","POSSIBLE_AFTER_GATE","HIGH","Announcement population and symbol identity not proven; overlap with launch programs","SOURCE_PROBE_REQUIRED","Run anti-duplication plus official event-manifest source gate before any freeze"
