bar_open_ms,bar_close_ms,ltf_path_efficiency,bar_return_bps,poc_migration_bps,poc_mid,vah,val,buy_imbalance_rows,sell_imbalance_rows,footprint_rows,ltf_intrabars
1790812500000,1790812800000,0.1679798298,2.9079194333,-0.1195834669,83586.5,83599,83580,27,7,45,5
1790812800000,1790813100000,0.5585522882,-10.6070547796,-5.9855229354,83536.5,83620,83532,14,61,129,5
1790813100000,1790813400000,0.4251566106,-6.1746654601,0,83536.5,83553,83500,5,34,70,5
1790813400000,1790813700000,0.752330863,3.0832510115,1.1974750042,83546.5,83551,83484,30,16,93,5
1790813700000,1790814000000,0.9953125,-6.3753576858,-10.5445037972,83458.5,83484,83429,11,26,84,5
1790814000000,1790814300000,0.0475545013,1.7757905114,3.4742767544,83487.5,83494,83475,11,14,55,5
1790814300000,1790814600000,0.4789314239,2.0833677766,-0.8384437478,83480.5,83494,83472,16,7,37,5
1790814600000,1790814900000,0.2599428126,-2.3955535651,1.1980637852,83490.5,83496,83470,8,8,58,5
1790814900000,1790815200000,0.5556471558,6.4599607035,1.3170195321,83501.5,83520,83490,36,9,70,5
1790815200000,1790815500000,0.7325127589,5.8427775607,2.7521600867,83524.5,83542,83515,26,5,64,5
1790815500000,1790815800000,0.5514265164,-3.9331962119,-0.718237388,83518.5,83565,83504,18,36,88,5
1790815800000,1790816100000,0.4082051282,-4.7499432592,-1.4371574176,83506.5,83525,83497,4,29,55,5
1790816100000,1790816400000,0.1533032185,1.3006273072,3.9516684603,83539.5,83547,83526,16,6,50,5
1790816400000,1790816700000,0.0421693943,2.8775331243,-3.4716793567,83510.5,83559,83500,24,13,85,5
1790816700000,1790817000000,0.969988675,8.2027403282,9.449582173,83589.5,83614,83575,57,10,82,5
1790817000000,1790817300000,0.1223994086,-1.3863372694,2.8711568369,83613.5,83614,83585,13,19,57,5
1790817300000,1790817600000,1,6.3021892571,-8.4884893693,83542.5,83644,83533,47,11,134,5
1790817600000,1790817900000,0.2567029466,3.4683254372,13.9832258657,83659.5,83674,83644,9,13,58,5
1790817900000,1790818200000,0.7259493671,-4.3826059188,2.0326415935,83676.5,83677,83652,6,34,43,5
1790818200000,1790818500000,0.3165213782,-7.2935963061,-21.0591785652,83500.5,83564,83500,2,63,136,5
1790818500000,1790818800000,0.17264876,-1.6105487353,0,83500.5,83516,83482,4,40,93,5
1790818800000,1790819100000,0.2649221597,4.7857517436,13.1578113201,83610.5,83613,83573,10,5,62,5
1790819100000,1790819400000,1,-10.5884508852,-7.1845962257,83550.5,83555,83533,5,70,99,5
1790819400000,1790819700000,0.2764467379,3.5922976827,1.7955038429,83565.5,83567,83533,18,1,61,5
1790819700000,1790820000000,0.4069961133,-2.8644274736,-4.9091172725,83524.5,83558,83523,8,10,49,5
1790820000000,1790820300000,0.0184262371,1.0931766024,-0.5986073997,83519.5,83542,83508,6,1,60,5
1790820300000,1790820600000,0.754491018,12.0679251789,13.7513751375,83634.5,83635,83551,54,3,108,5
1790820600000,1790820900000,0.0002499375,-3.3481605027,2.6315786326,83656.5,83669,83629,6,19,70,5
1790820900000,1790821200000,0.8739486619,-9.5693768458,-8.9798839823,83581.5,83601,83553,4,57,88,5
1790821200000,1790821500000,0.0602029312,-0.9590516093,-9.8189481751,83499.5,83515,83469,2,10,81,5
1790821500000,1790821800000,0.1453508554,3.5096752563,-6.3441667362,83446.5,83470,83434,42,25,117,5
1790821800000,1790822100000,0.0005605381,0.0071820747,17.9551738312,83596.5,83597,83544,46,8,77,5
1790822100000,1790822400000,1,-12.4357533955,-18.5767812526,83441.5,83458,83425,4,100,132,5
1790822400000,1790822700000,0.2701421801,1.2296630687,1.9173674545,83457.5,83468,83450,2,17,39,5
1790822700000,1790823000000,1,-4.4758546516,-3.9563411757,83424.5,83425,83423,0,16,38,5
1790823000000,1790823300000,1,9.6426824473,7.9050597533,83490.5,83498,83440,60,9,88,5
1790823300000,1790823600000,0.0006939625,-0.0059886816,0.2395474087,83492.5,83508,83491,3,4,38,5
1790823600000,1790823900000,0.2540622245,-4.1645317004,1.1982360527,83502.5,83530,83487,19,39,75,5
1790823900000,1790824200000,0.0555326347,2.2442961268,-5.5106490898,83456.5,83475,83453,9,2,51,5
1790824200000,1790824500000,0.0152284264,-0.0862536483,3.1147419418,83482.5,83489,83474,3,25,40,5
1790824500000,1790824800000,0.0549414288,0.3989265641,-0.5989649407,83477.5,83502,83473,4,7,65,5
1790824800000,1790825100000,0.365434001,-3.4093088507,-4.3140188717,83441.5,83463,83441,7,11,37,5
1790825100000,1790825400000,0.9993024067,9.6406326843,7.7816977581,83506.5,83536,83480,70,2,88,5
1790825400000,1790825700000,0.0018577943,-0.0275352415,2.7535317337,83529.5,83530,83493,13,10,61,5
1790825700000,1790826000000,0.930654569,11.1673656247,9.3276464985,83607.5,83623,83561,67,1,97,5
1790826000000,1790826300000,0.8783240865,10.9803141216,1.075086425,83616.5,83711,83616,81,9,117,5
1790826300000,1790826600000,0.6586930144,-7.1421574834,2.6298673316,83638.5,83695,83638,2,27,92,5
1790826600000,1790826900000,0.9212520917,11.1876933699,13.2540462752,83749.5,83750,83726,75,3,97,5
1790826900000,1790827200000,0.202798621,0.7164349338,-1.1939726826,83739.5,83767,83704,7,20,77,5
1790827200000,1790827500000,0.630075188,3.5019218781,2.9838867727,83764.5,83775,83761,12,4,44,5
1790827500000,1790827800000,0.4287964713,9.7465677544,1.0731532821,83773.5,83837,83773,45,10,105,5
1790827800000,1790828100000,0.8534977414,8.3360162165,12.5096935232,83878.5,83907,83863,34,3,81,5
1790828100000,1790828400000,0.9802255523,-22.505534348,-15.7619449571,83746.5,83865,83746,9,126,190,5
1790828400000,1790828700000,0.6494252874,6.2068621291,2.1480226258,83764.5,83776,83724,21,20,105,5
1790828700000,1790829000000,0.809115792,7.3987437172,12.1631275742,83866.5,83868,83810,53,5,78,5
1790829000000,1790829300000,0.52930201,-6.4381111376,3.5796955373,83896.5,83897,83803,15,59,115,5
1790829300000,1790829600000,0.9735133732,11.2151861185,-4.5292014303,83858.5,83899,83854,64,3,108,5
1790829600000,1790829900000,0.5409146662,3.679379776,5.004117674,83900.5,83908,83890,15,4,41,5
1790829900000,1790830200000,0.5083576922,21.3425618795,19.7360575751,84066.5,84140,84018,120,2,210,5
1790830200000,1790830500000,0.0255623722,-0.4755676524,5.3503905369,84111.5,84150,84099,27,12,109,5
1790830500000,1790830800000,0.2883119854,0.4755902699,-1.7833786965,84096.5,84113,84011,12,41,120,5
1790830800000,1790831100000,0.1877128635,11.2590641708,-5.3441191116,84051.5,84105,84051,90,22,174,5
1790831100000,1790831400000,0.2935474099,-3.4523005361,21.5026554592,84232.5,84239,84187,10,20,79,5
1790831400000,1790831700000,0.383307258,8.3587118127,2.7300996213,84255.5,84278,84241,86,2,115,5
1790831700000,1790832000000,0.1043421905,7.6359708473,0.8302659947,84262.5,84277,84247,45,5,77,5
1790832000000,1790832300000,0.5083143137,-5.5473629388,2.8482062709,84286.5,84319,84282,9,21,56,5
1790832300000,1790832600000,0.4750058126,2.9229713386,-3.3219359293,84258.5,84280,84257,14,3,32,5
1790832600000,1790832900000,1,1.5862242181,3.0841652078,84284.5,84302,84281,8,8,47,5
1790832900000,1790833200000,0.1504922644,-1.0047261273,0,84284.5,84308,84270,12,11,57,5
1790833200000,1790833500000,0.6823420543,-9.6223748747,-1.899966525,84268.5,84272,84209,7,82,111,5
1790833500000,1790833800000,0.9978609626,9.0058413283,-4.6270014006,84229.5,84236,84223,69,1,76,5
1790833800000,1790834100000,1,7.3248991403,11.1440968474,84323.5,84349,84288,57,5,81,5
1790834100000,1790834400000,0.5199069518,-6.8891858277,-6.9995211853,84264.5,84310,84264,5,66,86,5
1790834400000,1790834700000,0.0213489836,0.2977762049,3.203074952,84291.5,84294,84267,26,10,60,5
1790834700000,1790835000000,0.0695985475,0.4092817509,-1.5421579725,84278.5,84305,84278,17,10,48,5
1790835000000,1790835300000,0.6208995336,9.31819298,13.1553980806,84389.5,84413,84371,110,1,123,5
1790835300000,1790835600000,1,-6.1202223096,-1.6602553141,84375.5,84385,84367,2,42,61,5
1790835600000,1790835900000,0.1988582303,1.7349668032,-7.3512838247,84313.5,84330,84306,2,10,34,5
1790835900000,1790836200000,0.2027224113,0.9888662435,4.9794095487,84355.5,84357,84332,4,15,45,5
1790836200000,1790836500000,0.5977306003,-15.8084416177,-17.4555299594,84208.5,84286,84177,6,123,183,5
1790836500000,1790836800000,0.5154771816,-8.0877288812,-3.8029189542,84176.5,84272,84170,2,68,136,5
1790836800000,1790837100000,0.2233963387,1.7838068839,-4.8716214859,84135.5,84162,84135,11,8,63,5
1790837100000,1790837400000,0.3130215111,-4.858551282,2.9719448407,84160.5,84183,84144,6,39,74,5
1790837400000,1790837700000,0.9812583668,8.7137412371,3.9195513278,84193.5,84198,84170,44,11,79,5
1790837700000,1790838000000,1,-8.5351199519,-2.7341421243,84170.5,84196,84150,2,60,81,5
1790838000000,1790838300000,0.594984326,0.6978006204,-6.0622399477,84119.5,84131,84076,6,40,71,5
1790838300000,1790838600000,0.6644126739,8.1757022361,10.6893299465,84209.5,84214,84118,58,18,107,5
1790838600000,1790838900000,1,-16.6860440465,-12.8486352251,84101.5,84182,84055,16,104,160,5
1790838900000,1790839200000,0.8261435588,-23.900843739,-7.5129947978,84038.5,84088,83934,4,167,232,5
1790839200000,1790839500000,0.9181702826,-53.7501049434,-58.6302815213,83549.5,83673,83400,7,338,455,5
1790839500000,1790839800000,0.6542332741,-4.7623609464,-25.3105976192,83338.5,83403,83321,29,43,164,5
1790839800000,1790840100000,1,34.6191355292,11.4759918664,83434.5,83630,83433,150,23,310,5
1790840100000,1790840400000,0.7301452656,-16.4632646969,12.6923018435,83540.5,83584,83520,12,89,195,5
1790840400000,1790840700000,0.106800413,3.4676330698,-1.1969720438,83530.5,83580,83428,14,41,210,5
1790840700000,1790841000000,0.1570820324,0.7756378844,4.7875168371,83570.5,83617,83565,20,45,158,5
1790841000000,1790841300000,0.0775485158,-2.3279297834,-1.9154524095,83554.5,83576,83531,8,23,91,5
1790841300000,1790841600000,0.2232228538,-12.1212222789,-10.5477734429,83466.5,83536,83400,15,91,188,5
1790841600000,1790841900000,0.4560499971,9.4462502845,4.0714301282,83500.5,83514,83445,49,12,130,5
1790841900000,1790842200000,0.4791518175,-12.8800905007,-12.829556228,83393.5,83440,83340,40,30,170,5
1790842200000,1790842500000,0.0559488157,-0.9855976841,-0.5995710669,83388.5,83412,83374,21,9,101,5
1790842500000,1790842800000,0.0151591206,-0.1810704405,1.4389964439,83400.5,83442,83390,18,6,104,5
1790842800000,1790843100000,0.1675414365,2.4630819511,-1.1988682684,83390.5,83419,83350,18,4,95,5
1790843100000,1790843400000,0.172124565,2.3126166124,4.9142228396,83431.5,83456,83431,22,9,67,5
1790843400000,1790843700000,0.6184184069,-25.8044642718,-10.9353957249,83340.5,83410,83235,5,154,244,5
1790843700000,1790844000000,1,33.0609498173,19.1637146561,83500.5,83501,83325,224,3,316,5
1790844000000,1790844300000,0.071721745,-0.0035931926,-0.4790925221,83496.5,83566,83472,39,23,146,5
1790844300000,1790844600000,0.000805153,-0.0095818504,2.3954649058,83516.5,83520,83490,25,3,71,5
1790844600000,1790844900000,0.1558503079,3.9405392981,-2.2747949961,83497.5,83523,83475,30,10,119,5
1790844900000,1790845200000,0.4462912944,5.1434312122,9.0945022896,83573.5,83575,83548,36,14,79,5
1790845200000,1790845500000,0.4661664582,4.0147436224,-1.7942469982,83558.5,83584,83558,26,5,57,5
1790845500000,1790845800000,0.9244712991,4.5968608094,9.5649204629,83638.5,83647,83614,27,4,47,5
1790845800000,1790846100000,0.3990843486,6.1490489778,4.6600338056,83677.5,83711,83646,28,13,128,5
1790846100000,1790846400000,0.7193569993,2.7279120969,2.8669310375,83701.5,83707,83682,19,10,65,5
1790846400000,1790846700000,0.1623715415,3.4391226904,5.9707195911,83751.5,83774,83720,13,6,81,5
1790846700000,1790847000000,0.2075589894,2.3739581094,-1.0744744507,83742.5,83748,83735,19,12,53,5
1790847000000,1790847300000,0.4875736613,5.5060846294,13.1252386407,83852.5,83887,83822,51,4,127,5
1790847300000,1790847600000,0.2245527885,3.8194444444,-6.0830145416,83801.5,83836,83801,6,4,40,5
1790847600000,1790847900000,1,5.6345413127,10.2518559137,83887.5,83888,83855,35,3,48,5
1790847900000,1790848200000,0.2139809649,-4.2008772729,-2.0273815771,83870.5,83895,83865,9,19,59,5
1790848200000,1790848500000,0.9166004766,-5.4858560321,-2.1478175787,83852.5,83855,83821,8,33,73,5
1790848500000,1790848800000,0.260845928,-2.8625635396,-11.2195923683,83758.5,83790,83753,7,16,60,5
1790848800000,1790849100000,1,-36.4624816234,-21.0837730178,83582.5,83694,83476,16,263,342,5
1790849100000,1790849400000,0.7134515729,23.4197620384,-15.8953991902,83449.5,83574,83418,171,20,272,5
1790849400000,1790849700000,0.5201756794,3.7706755222,25.9248232692,83666.5,83674,83628,39,5,82,5
1790849700000,1790850000000,0.0688619855,-2.5745622497,-6.9310006931,83608.5,83698,83549,31,37,224,5
1790850000000,1790850300000,0.1009955273,1.6729999674,11.8285208578,83707.5,83752,83694,25,7,85,5
1790850300000,1790850600000,0.1895424837,-1.1171382145,-4.18226802,83672.5,83686,83621,12,22,104,5
1790850600000,1790850900000,0.9599764567,9.9609686803,7.6399665751,83736.5,83784,83686,88,4,124,5
1790850900000,1790851200000,1,-4.5505545481,0.8360016715,83743.5,83772,83743,1,34,50,5
1790851200000,1790851500000,0.8333333333,18.2546958219,13.4708665093,83856.5,83888,83795,136,13,169,5
1790851500000,1790851800000,0.5516483516,9.4498724619,15.482825973,83986.5,83993,83901,54,15,129,5
1790851800000,1790852100000,0.5407029138,15.535229384,1.5458810357,83999.5,84027,83963,107,9,155,5
1790852100000,1790852400000,0.7329139262,-15.2388214059,-0.4763817094,83995.5,83999,83941,8,121,159,5
1790852400000,1790852700000,0.346258627,-9.0822183717,-18.4765742667,83840.5,83882,83828,28,71,149,5
1790852700000,1790853000000,0.0001389468,-0.7140302777,5.4837626384,83886.5,83907,83881,7,16,89,5
1790853000000,1790853300000,0.2465208748,-2.0695243349,-2.0270274299,83869.5,83890,83862,7,6,69,5
1790853300000,1790853600000,0.24039295,-1.9841021431,-2.9815142538,83844.5,83852,83832,2,20,46,5
1790853600000,1790853900000,0.5979581419,-6.9850915939,-4.0576937215,83810.5,83838,83793,2,37,83,5
1790853900000,1790854200000,0.9132839288,9.8542285465,5.961322226,83860.5,83868,83793,77,10,95,5
1790854200000,1790854500000,0.3486140725,-3.4587591555,0.9541415708,83868.5,83914,83837,4,49,119,5
1790854500000,1790854800000,0.935828877,12.5231081162,7.5044669446,83931.5,83965,83900,62,7,121,5
1790854800000,1790855100000,0.2845106935,0.7397259393,4.1688394261,83966.5,83978,83959,4,11,46,5
1790855100000,1790855400000,0.2544770774,-0.0273952273,3.5733003002,83996.5,84023,83975,13,20,101,5
1790855400000,1790855700000,0.0839566478,1.3102101101,1.9055104982,84012.5,84015,83967,9,32,76,5
1790855700000,1790856000000,0.4535624352,-7.2933414318,-8.5810556987,83940.5,83974,83938,3,72,79,5
1790856000000,1790856300000,0.1429429429,2.269212507,4.5278630393,83978.5,83985,83939,21,25,80,5
1790856300000,1790856600000,1,7.393523726,-1.0715963273,83969.5,83971,83942,36,8,69,5
1790856600000,1790856900000,0.2429284526,0.6953469501,2.7383335383,83992.5,84000,83991,6,6,29,5
1790856900000,1790857200000,0.1705660728,-4.3658566437,-8.5759196989,83920.5,83962,83905,5,87,127,5
1790857200000,1790857500000,0.1356139719,-3.4970698938,1.6681234945,83934.5,83942,83912,3,15,68,5
1790857500000,1790857800000,0.0957683742,-1.7419977426,0.3575173566,83937.5,83974,83920,7,27,86,5
1790857800000,1790858100000,0.2728890999,5.4807410763,-2.9776793158,83912.5,83951,83892,35,26,118,5
1790858100000,1790858400000,0.7761387164,0.8337503077,-2.7392369129,83889.5,83916,83888,12,2,72,5
1790858400000,1790858700000,0.3001957494,-7.5031263026,3.9331601154,83922.5,84007,83902,14,37,153,5
1790858700000,1790859000000,0.8044930176,-12.6337870373,-1.7900615781,83907.5,83931,83834,10,102,136,5
1790859000000,1790859300000,0.5049010654,-7.3977278152,-14.9282233109,83782.5,83815,83742,19,42,139,5
1790859300000,1790859600000,0.0041962556,0.2412401175,-3.8215334333,83750.5,83761,83718,5,16,116,5
1790859600000,1790859900000,0.6597895176,-15.1237185622,-0.9568304418,83742.5,83744,83657,6,31,136,5
1790859900000,1790860200000,0.0842416987,-6.2289669208,-21.3027492873,83564.5,83613,83535,14,8,122,5
1790860200000,1790860500000,0.372327044,-4.0547030666,-2.5142651623,83543.5,83571,83502,22,7,88,5
1790860500000,1790860800000,0.2474091961,5.5792741221,-5.2650466357,83499.5,83543,83492,31,7,90,5
