event_id,event_family,source_family,source_document_date,source_url,field_1,field_2,field_3,field_4,field_coverage,status,notes
US_CPI_2021-01-13,CPI,Danske Bank Weekly Focus,2021-01-08,https://research.danskebank.com/link/WeeklyFocus080120/$file/WeeklyFocus_080120.pdf,0.4%,1.3%,0.1%,1.6%,4/4,COMPLETE_STATIC_SOURCE,"Frozen reopening event; source route PASS preserved"
US_CPI_2021-02-10,CPI,Danske Bank Weekly Focus,,,,,,,,0/4,SOURCE_NOT_RECOVERED,"No qualifying issue-specific static document recovered under the frozen public route; this is not a claim that no document exists"
US_CPI_2021-03-10,CPI,Danske Bank Weekly Focus,2021-03-05,https://research.danskebank.com/link/WeeklyFocus050321/$file/WeeklyFocus_050321.pdf,0.4%,1.7%,0.2%,1.4%,4/4,COMPLETE_STATIC_SOURCE,"Issue dated before T0; exact target calendar row recovered"
US_CPI_2021-04-13,CPI,Danske Bank Weekly Focus,,,,,,,,0/4,SOURCE_NOT_RECOVERED,"No qualifying issue-specific static document recovered under frozen route"
US_CPI_2021-05-12,CPI,Danske Bank Weekly Focus,,,,,,,,0/4,SOURCE_NOT_RECOVERED,"No qualifying issue-specific static document recovered under frozen route"
US_CPI_2021-06-10,CPI,Danske Bank Weekly Focus,2021-06-04,https://research.danskebank.com/link/WeeklyFocus040621/$file/WeeklyFocus_040621.pdf,0.4%,4.6%,0.4%,3.4%,4/4,COMPLETE_STATIC_SOURCE,"Target row recovered from issue-specific PDF"
US_CPI_2021-07-13,CPI,Danske Bank Weekly Focus,,,,,,,,0/4,SOURCE_NOT_RECOVERED,"No qualifying issue-specific static document recovered under frozen route"
US_CPI_2021-08-11,CPI,Danske Bank Weekly Focus,2021-08-08,https://research.danskebank.com/link/VacationWrapUp080821/$file/VacationWrapUp_080821.pdf,0.5%,5.3%,0.4%,4.3%,4/4,COMPLETE_STATIC_SOURCE,"Danske publication containing target CPI calendar row"
US_CPI_2021-09-14,CPI,Danske Bank Weekly Focus,2021-09-10,https://research.danskebank.com/link/WeeklyFocus100921/$file/WeeklyFocus_100921.pdf,0.4%,5.3%,0.3%,4.3%,4/4,COMPLETE_STATIC_SOURCE,"Issue dated before T0"
US_CPI_2021-10-13,CPI,Danske Bank Weekly Focus,,,,,,,,0/4,SOURCE_NOT_RECOVERED,"No qualifying issue-specific static document recovered under frozen route"
US_CPI_2021-11-10,CPI,Danske Bank Weekly Focus,2021-11-05,https://research.danskebank.com/link/WeeklyFocus051121/$file/WeeklyFocus_051121.pdf,0.6%,5.8%,0.4%,4.3%,4/4,COMPLETE_STATIC_SOURCE,"Issue dated before T0"
US_CPI_2021-12-10,CPI,Danske Bank Weekly Focus,2021-12-03,https://research.danskebank.com/link/WeeklyFocus031221/$file/WeeklyFocus_031221.pdf,0.6%,6.7%,0.5%,4.9%,4/4,COMPLETE_STATIC_SOURCE,"Consensus column used; Danske own forecast column not substituted"
US_NFP_2021-01-08,EMPLOYMENT_SITUATION,The Baker Group / Lunch with Lester,2020-12-31,https://creditunions.com/wp-content/uploads/2022/04/wk201231-1.pdf,68k,6.8%,0.2%,4.5%,4/4,COMPLETE_STATIC_SOURCE,"Frozen reopening event; printed-as-of witness and future Actual cells blank"
US_NFP_2021-02-05,EMPLOYMENT_SITUATION,The Baker Group / Lunch with Lester,,,,,,,,0/4,SOURCE_NOT_RECOVERED,"A same-day/post-release Baker document was found but rejected because Actual values were already populated; no qualifying earlier issue recovered"
US_NFP_2021-03-05,EMPLOYMENT_SITUATION,The Baker Group / Lunch with Lester,,,,,,,,0/4,SOURCE_NOT_RECOVERED,"No qualifying pre-T0 issue recovered"
US_NFP_2021-04-02,EMPLOYMENT_SITUATION,The Baker Group / Lunch with Lester,,,,,,,,0/4,SOURCE_NOT_RECOVERED,"No qualifying pre-T0 issue recovered"
US_NFP_2021-05-07,EMPLOYMENT_SITUATION,The Baker Group / Lunch with Lester,,,,,,,,0/4,SOURCE_NOT_RECOVERED,"No qualifying pre-T0 issue recovered"
US_NFP_2021-06-04,EMPLOYMENT_SITUATION,The Baker Group / Lunch with Lester,,,,,,,,0/4,SOURCE_NOT_RECOVERED,"No qualifying pre-T0 issue recovered"
US_NFP_2021-07-02,EMPLOYMENT_SITUATION,The Baker Group / Lunch with Lester,,,,,,,,0/4,SOURCE_NOT_RECOVERED,"No qualifying pre-T0 issue recovered"
US_NFP_2021-08-06,EMPLOYMENT_SITUATION,The Baker Group / Lunch with Lester,,,,,,,,0/4,SOURCE_NOT_RECOVERED,"No qualifying pre-T0 issue recovered"
US_NFP_2021-09-03,EMPLOYMENT_SITUATION,The Baker Group / Lunch with Lester,,,,,,,,0/4,SOURCE_NOT_RECOVERED,"No qualifying pre-T0 issue recovered"
US_NFP_2021-10-08,EMPLOYMENT_SITUATION,The Baker Group / Lunch with Lester,,,,,,,,0/4,SOURCE_NOT_RECOVERED,"No qualifying pre-T0 issue recovered"
US_NFP_2021-11-05,EMPLOYMENT_SITUATION,The Baker Group / Lunch with Lester,,,,,,,,0/4,SOURCE_NOT_RECOVERED,"No qualifying pre-T0 issue recovered"
US_NFP_2021-12-03,EMPLOYMENT_SITUATION,The Baker Group / Lunch with Lester,2021-11-26,https://creditunions.com/wp-content/uploads/2022/04/wk211126-1.pdf,525k,4.5%,,5.0%,3/4,INCOMPLETE_STATIC_SOURCE,"Static pre-T0 issue recovered; AHE MoM not reproducibly recovered in current access path, so event remains incomplete"
