event_id,event_family,field,actual_value,actual_source_name,actual_source_url,consensus_value,consensus_source_name,consensus_source_url,publication_timestamp_utc,snapshot_timestamp_utc,T0_utc,delta_to_T0_seconds,timezone,evidence_type,archive_status,evidence_hash_sha256,independent_validator,confidence,provenance_status,notes
US_CPI_2021-01-13,CPI,headline_cpi_mom,0.4,BLS archived first release,https://www.bls.gov/news.release/archives/cpi_01132021.htm,,,,,,2021-01-13T13:30:00Z,,America/New_York,NO_ACCEPTABLE_PRE_T0_EVIDENCE,NOT_ACCEPTED,99fbf6fe7a6d10f9afbf620ec05bbc72303f3b157223f75bd205e60ac91dff02,,0,CONSENSUS_PROVENANCE_INCOMPLETE,Actual preserved from BLS first release; consensus deliberately null.
US_CPI_2021-01-13,CPI,headline_cpi_yoy,1.4,BLS archived first release,https://www.bls.gov/news.release/archives/cpi_01132021.htm,,,,,,2021-01-13T13:30:00Z,,America/New_York,NO_ACCEPTABLE_PRE_T0_EVIDENCE,NOT_ACCEPTED,8c2fc95d344a65afdee455a13124052af91dc8fc10e161b1d51b01f67fdf0b8e,,0,CONSENSUS_PROVENANCE_INCOMPLETE,Actual preserved from BLS first release; consensus deliberately null.
US_CPI_2021-01-13,CPI,core_cpi_mom,0.1,BLS archived first release,https://www.bls.gov/news.release/archives/cpi_01132021.htm,,,,,,2021-01-13T13:30:00Z,,America/New_York,NO_ACCEPTABLE_PRE_T0_EVIDENCE,NOT_ACCEPTED,c354ae397c9816a47e24009778305e4b21cfd3bbb3a59ecb190c6476733057cd,,0,CONSENSUS_PROVENANCE_INCOMPLETE,Actual preserved from BLS first release; consensus deliberately null.
US_CPI_2021-01-13,CPI,core_cpi_yoy,1.6,BLS archived first release,https://www.bls.gov/news.release/archives/cpi_01132021.htm,,,,,,2021-01-13T13:30:00Z,,America/New_York,NO_ACCEPTABLE_PRE_T0_EVIDENCE,NOT_ACCEPTED,427c7fe7a0afffd7471c4daacabf02f25966c2ad3afba34ea081afa4928cd847,,0,CONSENSUS_PROVENANCE_INCOMPLETE,Actual preserved from BLS first release; consensus deliberately null.
US_CPI_2021-02-10,CPI,headline_cpi_mom,0.3,BLS archived first release,https://www.bls.gov/news.release/archives/cpi_02102021.htm,,,,,,2021-02-10T13:30:00Z,,America/New_York,NO_ACCEPTABLE_PRE_T0_EVIDENCE,NOT_ACCEPTED,fa0956bd22e4820f256ce2bdf31d10ff3f053197e46931b84fdaf99b82415218,,0,CONSENSUS_PROVENANCE_INCOMPLETE,Actual preserved from BLS first release; consensus deliberately null.
US_CPI_2021-02-10,CPI,headline_cpi_yoy,1.4,BLS archived first release,https://www.bls.gov/news.release/archives/cpi_02102021.htm,,,,,,2021-02-10T13:30:00Z,,America/New_York,NO_ACCEPTABLE_PRE_T0_EVIDENCE,NOT_ACCEPTED,219cbcabfcbf5f91b6aa0e51d5a45df06d306aa0ac5daf483d2d02f2b28dd2b8,,0,CONSENSUS_PROVENANCE_INCOMPLETE,Actual preserved from BLS first release; consensus deliberately null.
US_CPI_2021-02-10,CPI,core_cpi_mom,0.0,BLS archived first release,https://www.bls.gov/news.release/archives/cpi_02102021.htm,,,,,,2021-02-10T13:30:00Z,,America/New_York,NO_ACCEPTABLE_PRE_T0_EVIDENCE,NOT_ACCEPTED,33f58478c183219c39eea0534dd8632d9a2fe1a4e5035e29adf5e2094d0af1b0,,0,CONSENSUS_PROVENANCE_INCOMPLETE,Actual preserved from BLS first release; consensus deliberately null.
US_CPI_2021-02-10,CPI,core_cpi_yoy,1.4,BLS archived first release,https://www.bls.gov/news.release/archives/cpi_02102021.htm,,,,,,2021-02-10T13:30:00Z,,America/New_York,NO_ACCEPTABLE_PRE_T0_EVIDENCE,NOT_ACCEPTED,fb1c686b11387f9e7ccacfe4e47ad701bf097c2340e0a7d19d79958f1db93aa9,,0,CONSENSUS_PROVENANCE_INCOMPLETE,Actual preserved from BLS first release; consensus deliberately null.
US_CPI_2021-03-10,CPI,headline_cpi_mom,0.4,BLS archived first release,https://www.bls.gov/news.release/archives/cpi_03102021.htm,,,,,,2021-03-10T13:30:00Z,,America/New_York,NO_ACCEPTABLE_PRE_T0_EVIDENCE,NOT_ACCEPTED,a4d46ba0a79f1fbcd5dcd44d313327c9898725faf0a85234e8470f84efbc4025,,0,CONSENSUS_PROVENANCE_INCOMPLETE,Actual preserved from BLS first release; consensus deliberately null.
US_CPI_2021-03-10,CPI,headline_cpi_yoy,1.7,BLS archived first release,https://www.bls.gov/news.release/archives/cpi_03102021.htm,,,,,,2021-03-10T13:30:00Z,,America/New_York,NO_ACCEPTABLE_PRE_T0_EVIDENCE,NOT_ACCEPTED,dae3e32448b9b0743df4d83330f63eab89f68f33ac59cca1da69849fb56de987,,0,CONSENSUS_PROVENANCE_INCOMPLETE,Actual preserved from BLS first release; consensus deliberately null.
US_CPI_2021-03-10,CPI,core_cpi_mom,0.1,BLS archived first release,https://www.bls.gov/news.release/archives/cpi_03102021.htm,,,,,,2021-03-10T13:30:00Z,,America/New_York,NO_ACCEPTABLE_PRE_T0_EVIDENCE,NOT_ACCEPTED,42a8b61db9a426e12b9f518417ffa6ca1679b7a98a48907553a1fa44f505c2bb,,0,CONSENSUS_PROVENANCE_INCOMPLETE,Actual preserved from BLS first release; consensus deliberately null.
US_CPI_2021-03-10,CPI,core_cpi_yoy,1.3,BLS archived first release,https://www.bls.gov/news.release/archives/cpi_03102021.htm,,,,,,2021-03-10T13:30:00Z,,America/New_York,NO_ACCEPTABLE_PRE_T0_EVIDENCE,NOT_ACCEPTED,fceaf64edcee158b9365ebbdb6cd95f912b08b0d7e2b63bfe0a1715891e4f135,,0,CONSENSUS_PROVENANCE_INCOMPLETE,Actual preserved from BLS first release; consensus deliberately null.
US_CPI_2021-04-13,CPI,headline_cpi_mom,0.6,BLS archived first release,https://www.bls.gov/news.release/archives/cpi_04132021.htm,,,,,,2021-04-13T12:30:00Z,,America/New_York,NO_ACCEPTABLE_PRE_T0_EVIDENCE,NOT_ACCEPTED,410ec9294d686cbb449dbc7f6066548b30241f25e9030f7e957cc7a505c24dc4,,0,CONSENSUS_PROVENANCE_INCOMPLETE,Actual preserved from BLS first release; consensus deliberately null.
US_CPI_2021-04-13,CPI,headline_cpi_yoy,2.6,BLS archived first release,https://www.bls.gov/news.release/archives/cpi_04132021.htm,,,,,,2021-04-13T12:30:00Z,,America/New_York,NO_ACCEPTABLE_PRE_T0_EVIDENCE,NOT_ACCEPTED,64b069973e4ec6ff5741e7a9c1342548bdbce674ac14456e9a74d675246d63c7,,0,CONSENSUS_PROVENANCE_INCOMPLETE,Actual preserved from BLS first release; consensus deliberately null.
US_CPI_2021-04-13,CPI,core_cpi_mom,0.3,BLS archived first release,https://www.bls.gov/news.release/archives/cpi_04132021.htm,,,,,,2021-04-13T12:30:00Z,,America/New_York,NO_ACCEPTABLE_PRE_T0_EVIDENCE,NOT_ACCEPTED,06ed7878c0006ac23370a1680c1c8f4afde031f052f62e8a71cf667e271e234d,,0,CONSENSUS_PROVENANCE_INCOMPLETE,Actual preserved from BLS first release; consensus deliberately null.
US_CPI_2021-04-13,CPI,core_cpi_yoy,1.6,BLS archived first release,https://www.bls.gov/news.release/archives/cpi_04132021.htm,,,,,,2021-04-13T12:30:00Z,,America/New_York,NO_ACCEPTABLE_PRE_T0_EVIDENCE,NOT_ACCEPTED,b5cfdf8af1a6f7f1ca0946d906808716e6616b97ecd95a6dbeb51748f7a64841,,0,CONSENSUS_PROVENANCE_INCOMPLETE,Actual preserved from BLS first release; consensus deliberately null.
US_CPI_2021-05-12,CPI,headline_cpi_mom,0.8,BLS archived first release,https://www.bls.gov/news.release/archives/cpi_05122021.htm,,,,,,2021-05-12T12:30:00Z,,America/New_York,NO_ACCEPTABLE_PRE_T0_EVIDENCE,NOT_ACCEPTED,1e46162286cf23097b122c2ed9ab7ba0216aadcd8e36f95e9901ee88f1413fad,,0,CONSENSUS_PROVENANCE_INCOMPLETE,Actual preserved from BLS first release; consensus deliberately null.
US_CPI_2021-05-12,CPI,headline_cpi_yoy,4.2,BLS archived first release,https://www.bls.gov/news.release/archives/cpi_05122021.htm,,,,,,2021-05-12T12:30:00Z,,America/New_York,NO_ACCEPTABLE_PRE_T0_EVIDENCE,NOT_ACCEPTED,5d61013530dc1ef85426ac37a94759d2a31eb558ac9376da99f2e26d18ae9b52,,0,CONSENSUS_PROVENANCE_INCOMPLETE,Actual preserved from BLS first release; consensus deliberately null.
US_CPI_2021-05-12,CPI,core_cpi_mom,0.9,BLS archived first release,https://www.bls.gov/news.release/archives/cpi_05122021.htm,,,,,,2021-05-12T12:30:00Z,,America/New_York,NO_ACCEPTABLE_PRE_T0_EVIDENCE,NOT_ACCEPTED,88c07e13e37988a8cd444d31222c9e6c8dbf7e252b8203250bea581a728ea929,,0,CONSENSUS_PROVENANCE_INCOMPLETE,Actual preserved from BLS first release; consensus deliberately null.
US_CPI_2021-05-12,CPI,core_cpi_yoy,3.0,BLS archived first release,https://www.bls.gov/news.release/archives/cpi_05122021.htm,,,,,,2021-05-12T12:30:00Z,,America/New_York,NO_ACCEPTABLE_PRE_T0_EVIDENCE,NOT_ACCEPTED,ab72d6296f7f8d3970c7b5658f4b67b7bf6c680c00cf5f080efe96c9a828ddf8,,0,CONSENSUS_PROVENANCE_INCOMPLETE,Actual preserved from BLS first release; consensus deliberately null.
US_CPI_2021-06-10,CPI,headline_cpi_mom,0.6,BLS archived first release,https://www.bls.gov/news.release/archives/cpi_06102021.htm,,,,,,2021-06-10T12:30:00Z,,America/New_York,NO_ACCEPTABLE_PRE_T0_EVIDENCE,NOT_ACCEPTED,a2d741cb28320084d54f91bb086729457ad0b07b3d3c14d80f81d36376f92889,,0,CONSENSUS_PROVENANCE_INCOMPLETE,Actual preserved from BLS first release; consensus deliberately null.
US_CPI_2021-06-10,CPI,headline_cpi_yoy,5.0,BLS archived first release,https://www.bls.gov/news.release/archives/cpi_06102021.htm,,,,,,2021-06-10T12:30:00Z,,America/New_York,NO_ACCEPTABLE_PRE_T0_EVIDENCE,NOT_ACCEPTED,45b34633d49d2aadfbd06770c5af5dce9a959d1a6aec639ead5bb9d39bc10fd4,,0,CONSENSUS_PROVENANCE_INCOMPLETE,Actual preserved from BLS first release; consensus deliberately null.
US_CPI_2021-06-10,CPI,core_cpi_mom,0.7,BLS archived first release,https://www.bls.gov/news.release/archives/cpi_06102021.htm,,,,,,2021-06-10T12:30:00Z,,America/New_York,NO_ACCEPTABLE_PRE_T0_EVIDENCE,NOT_ACCEPTED,f8656119e271ffa23e00a20f9e531c3ad86391ef92df07218dd72bfbf6d89863,,0,CONSENSUS_PROVENANCE_INCOMPLETE,Actual preserved from BLS first release; consensus deliberately null.
US_CPI_2021-06-10,CPI,core_cpi_yoy,3.8,BLS archived first release,https://www.bls.gov/news.release/archives/cpi_06102021.htm,,,,,,2021-06-10T12:30:00Z,,America/New_York,NO_ACCEPTABLE_PRE_T0_EVIDENCE,NOT_ACCEPTED,6649e630ffe3b18ad0c9849a6f473de547b75fcd355d9080131cb83982dc7a25,,0,CONSENSUS_PROVENANCE_INCOMPLETE,Actual preserved from BLS first release; consensus deliberately null.
US_CPI_2021-07-13,CPI,headline_cpi_mom,0.9,BLS archived first release,https://www.bls.gov/news.release/archives/cpi_07132021.htm,,,,,,2021-07-13T12:30:00Z,,America/New_York,NO_ACCEPTABLE_PRE_T0_EVIDENCE,NOT_ACCEPTED,9fd7408d57485df9439d852af5eb151c54542fa295cf29a4f3fa7b67294f7361,,0,CONSENSUS_PROVENANCE_INCOMPLETE,Actual preserved from BLS first release; consensus deliberately null.
US_CPI_2021-07-13,CPI,headline_cpi_yoy,5.4,BLS archived first release,https://www.bls.gov/news.release/archives/cpi_07132021.htm,,,,,,2021-07-13T12:30:00Z,,America/New_York,NO_ACCEPTABLE_PRE_T0_EVIDENCE,NOT_ACCEPTED,284f52eb29cbd8d54a6f9eeb21399d7398a5f8652e04404e840db1f3eb478cda,,0,CONSENSUS_PROVENANCE_INCOMPLETE,Actual preserved from BLS first release; consensus deliberately null.
US_CPI_2021-07-13,CPI,core_cpi_mom,0.9,BLS archived first release,https://www.bls.gov/news.release/archives/cpi_07132021.htm,,,,,,2021-07-13T12:30:00Z,,America/New_York,NO_ACCEPTABLE_PRE_T0_EVIDENCE,NOT_ACCEPTED,a270d41969926e812e83ea2b35ddfd3df9c5e1a1a804d3c65b8ce60f4d92ac78,,0,CONSENSUS_PROVENANCE_INCOMPLETE,Actual preserved from BLS first release; consensus deliberately null.
US_CPI_2021-07-13,CPI,core_cpi_yoy,4.5,BLS archived first release,https://www.bls.gov/news.release/archives/cpi_07132021.htm,,,,,,2021-07-13T12:30:00Z,,America/New_York,NO_ACCEPTABLE_PRE_T0_EVIDENCE,NOT_ACCEPTED,8c95d03965a7211f572bb529815e4afef198bbc18b6a26830d6030b073a03695,,0,CONSENSUS_PROVENANCE_INCOMPLETE,Actual preserved from BLS first release; consensus deliberately null.
US_CPI_2021-08-11,CPI,headline_cpi_mom,0.5,BLS archived first release,https://www.bls.gov/news.release/archives/cpi_08112021.htm,,,,,,2021-08-11T12:30:00Z,,America/New_York,NO_ACCEPTABLE_PRE_T0_EVIDENCE,NOT_ACCEPTED,439f0124c3523fffe9d65c3964090aca9c20d1354d78943497bff3d7689cd5bf,,0,CONSENSUS_PROVENANCE_INCOMPLETE,Actual preserved from BLS first release; consensus deliberately null.
US_CPI_2021-08-11,CPI,headline_cpi_yoy,5.4,BLS archived first release,https://www.bls.gov/news.release/archives/cpi_08112021.htm,,,,,,2021-08-11T12:30:00Z,,America/New_York,NO_ACCEPTABLE_PRE_T0_EVIDENCE,NOT_ACCEPTED,443a8b8fbd9a298c033b85b9f4551ee99f5b811635b0987f5305bd468fd3f503,,0,CONSENSUS_PROVENANCE_INCOMPLETE,Actual preserved from BLS first release; consensus deliberately null.
US_CPI_2021-08-11,CPI,core_cpi_mom,0.3,BLS archived first release,https://www.bls.gov/news.release/archives/cpi_08112021.htm,,,,,,2021-08-11T12:30:00Z,,America/New_York,NO_ACCEPTABLE_PRE_T0_EVIDENCE,NOT_ACCEPTED,d3a3d3d2de06f1ddac2cfa799b8eee66d08246ae92a59f9c0f123db1307efec1,,0,CONSENSUS_PROVENANCE_INCOMPLETE,Actual preserved from BLS first release; consensus deliberately null.
US_CPI_2021-08-11,CPI,core_cpi_yoy,4.3,BLS archived first release,https://www.bls.gov/news.release/archives/cpi_08112021.htm,,,,,,2021-08-11T12:30:00Z,,America/New_York,NO_ACCEPTABLE_PRE_T0_EVIDENCE,NOT_ACCEPTED,01edf41d377426ed8b906fb51a7aaf77a5d5d90302b23392aa1a964dbfa37690,,0,CONSENSUS_PROVENANCE_INCOMPLETE,Actual preserved from BLS first release; consensus deliberately null.
US_CPI_2021-09-14,CPI,headline_cpi_mom,0.3,BLS archived first release,https://www.bls.gov/news.release/archives/cpi_09142021.htm,,,,,,2021-09-14T12:30:00Z,,America/New_York,NO_ACCEPTABLE_PRE_T0_EVIDENCE,NOT_ACCEPTED,b5cf541b32bd8b7354da8a19ea1f3f7164a9f09275611f37cbb2e12fb49cae21,,0,CONSENSUS_PROVENANCE_INCOMPLETE,Actual preserved from BLS first release; consensus deliberately null.
US_CPI_2021-09-14,CPI,headline_cpi_yoy,5.3,BLS archived first release,https://www.bls.gov/news.release/archives/cpi_09142021.htm,,,,,,2021-09-14T12:30:00Z,,America/New_York,NO_ACCEPTABLE_PRE_T0_EVIDENCE,NOT_ACCEPTED,c689a7fbfcb8c019e20248ae7544edb13512e40d1c90cb4a84322f74891e949d,,0,CONSENSUS_PROVENANCE_INCOMPLETE,Actual preserved from BLS first release; consensus deliberately null.
US_CPI_2021-09-14,CPI,core_cpi_mom,0.1,BLS archived first release,https://www.bls.gov/news.release/archives/cpi_09142021.htm,,,,,,2021-09-14T12:30:00Z,,America/New_York,NO_ACCEPTABLE_PRE_T0_EVIDENCE,NOT_ACCEPTED,f342747c5f10e4931ab39b615bd29b9271b381b5ba8dd300c5003a7bdda400f4,,0,CONSENSUS_PROVENANCE_INCOMPLETE,Actual preserved from BLS first release; consensus deliberately null.
US_CPI_2021-09-14,CPI,core_cpi_yoy,4.0,BLS archived first release,https://www.bls.gov/news.release/archives/cpi_09142021.htm,,,,,,2021-09-14T12:30:00Z,,America/New_York,NO_ACCEPTABLE_PRE_T0_EVIDENCE,NOT_ACCEPTED,b62f8a123d66239006b8d3868b3fe158dd238a6a1b5a1f097451c8f64ace54b6,,0,CONSENSUS_PROVENANCE_INCOMPLETE,Actual preserved from BLS first release; consensus deliberately null.
US_CPI_2021-10-13,CPI,headline_cpi_mom,0.4,BLS archived first release,https://www.bls.gov/news.release/archives/cpi_10132021.htm,,,,,,2021-10-13T12:30:00Z,,America/New_York,NO_ACCEPTABLE_PRE_T0_EVIDENCE,NOT_ACCEPTED,0fb5ce91513c89892b06bcc22ca65772da7cc49bd6d7bb1cb4d27abc4a10dbf3,,0,CONSENSUS_PROVENANCE_INCOMPLETE,Actual preserved from BLS first release; consensus deliberately null.
US_CPI_2021-10-13,CPI,headline_cpi_yoy,5.4,BLS archived first release,https://www.bls.gov/news.release/archives/cpi_10132021.htm,,,,,,2021-10-13T12:30:00Z,,America/New_York,NO_ACCEPTABLE_PRE_T0_EVIDENCE,NOT_ACCEPTED,04065bcadb31f66d043a74f6a849261fdca44c8d0c6e9cf7c1a3dde787066337,,0,CONSENSUS_PROVENANCE_INCOMPLETE,Actual preserved from BLS first release; consensus deliberately null.
US_CPI_2021-10-13,CPI,core_cpi_mom,0.2,BLS archived first release,https://www.bls.gov/news.release/archives/cpi_10132021.htm,,,,,,2021-10-13T12:30:00Z,,America/New_York,NO_ACCEPTABLE_PRE_T0_EVIDENCE,NOT_ACCEPTED,04177c5f45ef37db7e2f5d4bc083bb2f36761fefa55726476b7ef2045f39f51c,,0,CONSENSUS_PROVENANCE_INCOMPLETE,Actual preserved from BLS first release; consensus deliberately null.
US_CPI_2021-10-13,CPI,core_cpi_yoy,4.0,BLS archived first release,https://www.bls.gov/news.release/archives/cpi_10132021.htm,,,,,,2021-10-13T12:30:00Z,,America/New_York,NO_ACCEPTABLE_PRE_T0_EVIDENCE,NOT_ACCEPTED,3d4312ff209cf17ca091b2435e0f45d0dcdd2537fb4293ae7f039e5daf389658,,0,CONSENSUS_PROVENANCE_INCOMPLETE,Actual preserved from BLS first release; consensus deliberately null.
US_CPI_2021-11-10,CPI,headline_cpi_mom,0.9,BLS archived first release,https://www.bls.gov/news.release/archives/cpi_11102021.htm,,,,,,2021-11-10T13:30:00Z,,America/New_York,NO_ACCEPTABLE_PRE_T0_EVIDENCE,NOT_ACCEPTED,bd0cb169d00423d0169f8b7a54441b69a044b24614b4e7d0ed2948221b1f1849,,0,CONSENSUS_PROVENANCE_INCOMPLETE,Actual preserved from BLS first release; consensus deliberately null.
US_CPI_2021-11-10,CPI,headline_cpi_yoy,6.2,BLS archived first release,https://www.bls.gov/news.release/archives/cpi_11102021.htm,,,,,,2021-11-10T13:30:00Z,,America/New_York,NO_ACCEPTABLE_PRE_T0_EVIDENCE,NOT_ACCEPTED,841a95203a1ad5a4e8e6111d1096562f34f945ee327aa77417f9018dbd865dd7,,0,CONSENSUS_PROVENANCE_INCOMPLETE,Actual preserved from BLS first release; consensus deliberately null.
US_CPI_2021-11-10,CPI,core_cpi_mom,0.6,BLS archived first release,https://www.bls.gov/news.release/archives/cpi_11102021.htm,,,,,,2021-11-10T13:30:00Z,,America/New_York,NO_ACCEPTABLE_PRE_T0_EVIDENCE,NOT_ACCEPTED,7b82426c87bfab85fef46fc461510de3f433675a9c24942cab863d7d7584c688,,0,CONSENSUS_PROVENANCE_INCOMPLETE,Actual preserved from BLS first release; consensus deliberately null.
US_CPI_2021-11-10,CPI,core_cpi_yoy,4.6,BLS archived first release,https://www.bls.gov/news.release/archives/cpi_11102021.htm,,,,,,2021-11-10T13:30:00Z,,America/New_York,NO_ACCEPTABLE_PRE_T0_EVIDENCE,NOT_ACCEPTED,b0325a2f2b50d8bb5a9d00eafea8dd43ab4fd2cc74dde6dfcc4ebce4fe71543d,,0,CONSENSUS_PROVENANCE_INCOMPLETE,Actual preserved from BLS first release; consensus deliberately null.
US_CPI_2021-12-10,CPI,headline_cpi_mom,0.8,BLS archived first release,https://www.bls.gov/news.release/archives/cpi_12102021.htm,,,,,,2021-12-10T13:30:00Z,,America/New_York,NO_ACCEPTABLE_PRE_T0_EVIDENCE,NOT_ACCEPTED,049b1bba48ef173b168e31c869f9941da1c10bf38d26f0ff51a2f70f6bdfd57b,,0,CONSENSUS_PROVENANCE_INCOMPLETE,Actual preserved from BLS first release; consensus deliberately null.
US_CPI_2021-12-10,CPI,headline_cpi_yoy,6.8,BLS archived first release,https://www.bls.gov/news.release/archives/cpi_12102021.htm,,,,,,2021-12-10T13:30:00Z,,America/New_York,NO_ACCEPTABLE_PRE_T0_EVIDENCE,NOT_ACCEPTED,9941ad27ccc130a6441e8ae5658d16ca2241fcd62cda448102d9017d2c301196,,0,CONSENSUS_PROVENANCE_INCOMPLETE,Actual preserved from BLS first release; consensus deliberately null.
US_CPI_2021-12-10,CPI,core_cpi_mom,0.5,BLS archived first release,https://www.bls.gov/news.release/archives/cpi_12102021.htm,,,,,,2021-12-10T13:30:00Z,,America/New_York,NO_ACCEPTABLE_PRE_T0_EVIDENCE,NOT_ACCEPTED,684df997b32438f6c4f1a2a1c1734e26c89eb5cb54aee8ff3258eeff8a5950e1,,0,CONSENSUS_PROVENANCE_INCOMPLETE,Actual preserved from BLS first release; consensus deliberately null.
US_CPI_2021-12-10,CPI,core_cpi_yoy,4.9,BLS archived first release,https://www.bls.gov/news.release/archives/cpi_12102021.htm,,,,,,2021-12-10T13:30:00Z,,America/New_York,NO_ACCEPTABLE_PRE_T0_EVIDENCE,NOT_ACCEPTED,3f6166f446a0fc396f79d2d67fd7b189bd2ba0746cf6ffd6d03eba5fb8ed2fa4,,0,CONSENSUS_PROVENANCE_INCOMPLETE,Actual preserved from BLS first release; consensus deliberately null.
US_NFP_2021-01-08,EMPLOYMENT_SITUATION,nfp_change_k,-140,BLS archived first release,https://www.bls.gov/news.release/archives/empsit_01082021.htm,,,,,,2021-01-08T13:30:00Z,,America/New_York,NO_ACCEPTABLE_PRE_T0_EVIDENCE,NOT_ACCEPTED,5da19ef0e8edb489b1aed01dc3ad976f77b13caaf090cf2cfbf2d4cbc1468ad2,,0,CONSENSUS_PROVENANCE_INCOMPLETE,Actual preserved from BLS first release; consensus deliberately null.
US_NFP_2021-01-08,EMPLOYMENT_SITUATION,unemployment_rate,6.7,BLS archived first release,https://www.bls.gov/news.release/archives/empsit_01082021.htm,,,,,,2021-01-08T13:30:00Z,,America/New_York,NO_ACCEPTABLE_PRE_T0_EVIDENCE,NOT_ACCEPTED,3e7772ea7817decab0e0761499bd0a41341197f408c9a119135770b3b8ec7030,,0,CONSENSUS_PROVENANCE_INCOMPLETE,Actual preserved from BLS first release; consensus deliberately null.
US_NFP_2021-01-08,EMPLOYMENT_SITUATION,ahe_mom,0.8,BLS archived first release,https://www.bls.gov/news.release/archives/empsit_01082021.htm,,,,,,2021-01-08T13:30:00Z,,America/New_York,NO_ACCEPTABLE_PRE_T0_EVIDENCE,NOT_ACCEPTED,6a49c80f586f846aca44e0198b3b9af54d43b21bbdf26fb570c9305f7e2529be,,0,CONSENSUS_PROVENANCE_INCOMPLETE,Actual preserved from BLS first release; consensus deliberately null.
US_NFP_2021-01-08,EMPLOYMENT_SITUATION,ahe_yoy,5.1,BLS archived first release,https://www.bls.gov/news.release/archives/empsit_01082021.htm,,,,,,2021-01-08T13:30:00Z,,America/New_York,NO_ACCEPTABLE_PRE_T0_EVIDENCE,NOT_ACCEPTED,af13e6c98f8b0e4ff35fb9dbd798f72462d1661d84187ac6f2119c555aec5747,,0,CONSENSUS_PROVENANCE_INCOMPLETE,Actual preserved from BLS first release; consensus deliberately null.
US_NFP_2021-01-08,EMPLOYMENT_SITUATION,prior_payroll_revisions,Oct +610k→+654k; Nov +245k→+336k; net +135k,BLS archived first release,https://www.bls.gov/news.release/archives/empsit_01082021.htm,,,,,,2021-01-08T13:30:00Z,,America/New_York,NO_ACCEPTABLE_PRE_T0_EVIDENCE,NOT_ACCEPTED,7ae528365dbe04bbb91a160d4d40458e16d7b4a757577f4a7997547b4da018eb,,0,CONSENSUS_PROVENANCE_INCOMPLETE,Actual preserved from BLS first release; consensus deliberately null.
US_NFP_2021-02-05,EMPLOYMENT_SITUATION,nfp_change_k,49,BLS archived first release,https://www.bls.gov/news.release/archives/empsit_02052021.htm,,,,,,2021-02-05T13:30:00Z,,America/New_York,NO_ACCEPTABLE_PRE_T0_EVIDENCE,NOT_ACCEPTED,dd1402c655d1d273b08734797be37fe28aaac7da5e4441c7a6e5accf3b20e606,,0,CONSENSUS_PROVENANCE_INCOMPLETE,Actual preserved from BLS first release; consensus deliberately null.
US_NFP_2021-02-05,EMPLOYMENT_SITUATION,unemployment_rate,6.3,BLS archived first release,https://www.bls.gov/news.release/archives/empsit_02052021.htm,,,,,,2021-02-05T13:30:00Z,,America/New_York,NO_ACCEPTABLE_PRE_T0_EVIDENCE,NOT_ACCEPTED,55b79ecb4e4076d31fbecbe28c14ecf64eb2a405f35e8d77a4596885c109aecb,,0,CONSENSUS_PROVENANCE_INCOMPLETE,Actual preserved from BLS first release; consensus deliberately null.
US_NFP_2021-02-05,EMPLOYMENT_SITUATION,ahe_mom,0.2,BLS archived first release,https://www.bls.gov/news.release/archives/empsit_02052021.htm,,,,,,2021-02-05T13:30:00Z,,America/New_York,NO_ACCEPTABLE_PRE_T0_EVIDENCE,NOT_ACCEPTED,148e681ac776804e0d44f83148807a99013ae49bf54b531ef04fe575e75247aa,,0,CONSENSUS_PROVENANCE_INCOMPLETE,Actual preserved from BLS first release; consensus deliberately null.
US_NFP_2021-02-05,EMPLOYMENT_SITUATION,ahe_yoy,5.4,BLS archived first release,https://www.bls.gov/news.release/archives/empsit_02052021.htm,,,,,,2021-02-05T13:30:00Z,,America/New_York,NO_ACCEPTABLE_PRE_T0_EVIDENCE,NOT_ACCEPTED,e24f654eda44df3da5224fe98b1fba2bf1961d087e2c203804d796dca3eddba8,,0,CONSENSUS_PROVENANCE_INCOMPLETE,Actual preserved from BLS first release; consensus deliberately null.
US_NFP_2021-02-05,EMPLOYMENT_SITUATION,prior_payroll_revisions,Nov +336k→+264k; Dec -140k→-227k; net -159k,BLS archived first release,https://www.bls.gov/news.release/archives/empsit_02052021.htm,,,,,,2021-02-05T13:30:00Z,,America/New_York,NO_ACCEPTABLE_PRE_T0_EVIDENCE,NOT_ACCEPTED,9c438a84e1f7700e74fdcb764983ff5f65b3c217049bce7c419ce2b5a5431015,,0,CONSENSUS_PROVENANCE_INCOMPLETE,Actual preserved from BLS first release; consensus deliberately null.
US_NFP_2021-03-05,EMPLOYMENT_SITUATION,nfp_change_k,379,BLS archived first release,https://www.bls.gov/news.release/archives/empsit_03052021.htm,,,,,,2021-03-05T13:30:00Z,,America/New_York,NO_ACCEPTABLE_PRE_T0_EVIDENCE,NOT_ACCEPTED,d68dadb725fc1c97f8c0fc4ddf880bc975592983b1ce8f2f1781cfb6ef84bf40,,0,CONSENSUS_PROVENANCE_INCOMPLETE,Actual preserved from BLS first release; consensus deliberately null.
US_NFP_2021-03-05,EMPLOYMENT_SITUATION,unemployment_rate,6.2,BLS archived first release,https://www.bls.gov/news.release/archives/empsit_03052021.htm,,,,,,2021-03-05T13:30:00Z,,America/New_York,NO_ACCEPTABLE_PRE_T0_EVIDENCE,NOT_ACCEPTED,288fbe3ff2f21f405abeeb3a7e1be31ad45ea0282af9d966ecabee840873c0ba,,0,CONSENSUS_PROVENANCE_INCOMPLETE,Actual preserved from BLS first release; consensus deliberately null.
US_NFP_2021-03-05,EMPLOYMENT_SITUATION,ahe_mom,0.2,BLS archived first release,https://www.bls.gov/news.release/archives/empsit_03052021.htm,,,,,,2021-03-05T13:30:00Z,,America/New_York,NO_ACCEPTABLE_PRE_T0_EVIDENCE,NOT_ACCEPTED,f518c9f975ebe0cbee8a2f25695e6d909f54f21f761272c560356d793b7550e4,,0,CONSENSUS_PROVENANCE_INCOMPLETE,Actual preserved from BLS first release; consensus deliberately null.
US_NFP_2021-03-05,EMPLOYMENT_SITUATION,ahe_yoy,5.3,BLS archived first release,https://www.bls.gov/news.release/archives/empsit_03052021.htm,,,,,,2021-03-05T13:30:00Z,,America/New_York,NO_ACCEPTABLE_PRE_T0_EVIDENCE,NOT_ACCEPTED,cd9f42d9afbf5f48c8fa8c1ab55bf204d1a51f3a0590c729f4bac82fab17a96b,,0,CONSENSUS_PROVENANCE_INCOMPLETE,Actual preserved from BLS first release; consensus deliberately null.
US_NFP_2021-03-05,EMPLOYMENT_SITUATION,prior_payroll_revisions,Dec -227k→-306k; Jan +49k→+166k; net +38k,BLS archived first release,https://www.bls.gov/news.release/archives/empsit_03052021.htm,,,,,,2021-03-05T13:30:00Z,,America/New_York,NO_ACCEPTABLE_PRE_T0_EVIDENCE,NOT_ACCEPTED,79e8f460753eb9b647f3b9dcde06417940d00ab778a1a15e2c6d395fd9b7054d,,0,CONSENSUS_PROVENANCE_INCOMPLETE,Actual preserved from BLS first release; consensus deliberately null.
US_NFP_2021-04-02,EMPLOYMENT_SITUATION,nfp_change_k,916,BLS archived first release,https://www.bls.gov/news.release/archives/empsit_04022021.htm,,,,,,2021-04-02T12:30:00Z,,America/New_York,NO_ACCEPTABLE_PRE_T0_EVIDENCE,NOT_ACCEPTED,2cacf373261d610870dd1c80b041f0197fdb71cfd9962e88f9c2468c6a6df58f,,0,CONSENSUS_PROVENANCE_INCOMPLETE,Actual preserved from BLS first release; consensus deliberately null.
US_NFP_2021-04-02,EMPLOYMENT_SITUATION,unemployment_rate,6.0,BLS archived first release,https://www.bls.gov/news.release/archives/empsit_04022021.htm,,,,,,2021-04-02T12:30:00Z,,America/New_York,NO_ACCEPTABLE_PRE_T0_EVIDENCE,NOT_ACCEPTED,91ecf7e239a617b1594cca5507cda8ddd7f3e96893c78b6ce440fb3ebe4623f9,,0,CONSENSUS_PROVENANCE_INCOMPLETE,Actual preserved from BLS first release; consensus deliberately null.
US_NFP_2021-04-02,EMPLOYMENT_SITUATION,ahe_mom,-0.1,BLS archived first release,https://www.bls.gov/news.release/archives/empsit_04022021.htm,,,,,,2021-04-02T12:30:00Z,,America/New_York,NO_ACCEPTABLE_PRE_T0_EVIDENCE,NOT_ACCEPTED,b907d39c6d394624deccd3b76fa91e7728acd950d42e48c80da51f69e95337dd,,0,CONSENSUS_PROVENANCE_INCOMPLETE,Actual preserved from BLS first release; consensus deliberately null.
US_NFP_2021-04-02,EMPLOYMENT_SITUATION,ahe_yoy,4.2,BLS archived first release,https://www.bls.gov/news.release/archives/empsit_04022021.htm,,,,,,2021-04-02T12:30:00Z,,America/New_York,NO_ACCEPTABLE_PRE_T0_EVIDENCE,NOT_ACCEPTED,e5dee5d24b897b75a0141f8403b2b77c09c7105a5784366d18435198a0d336bd,,0,CONSENSUS_PROVENANCE_INCOMPLETE,Actual preserved from BLS first release; consensus deliberately null.
US_NFP_2021-04-02,EMPLOYMENT_SITUATION,prior_payroll_revisions,Jan +166k→+233k; Feb +379k→+468k; net +156k,BLS archived first release,https://www.bls.gov/news.release/archives/empsit_04022021.htm,,,,,,2021-04-02T12:30:00Z,,America/New_York,NO_ACCEPTABLE_PRE_T0_EVIDENCE,NOT_ACCEPTED,177de29973c05e0f1a8ceb56df7361852fff0cf77a0fd0256e4911663e466f86,,0,CONSENSUS_PROVENANCE_INCOMPLETE,Actual preserved from BLS first release; consensus deliberately null.
US_NFP_2021-05-07,EMPLOYMENT_SITUATION,nfp_change_k,266,BLS archived first release,https://www.bls.gov/news.release/archives/empsit_05072021.htm,,,,,,2021-05-07T12:30:00Z,,America/New_York,NO_ACCEPTABLE_PRE_T0_EVIDENCE,NOT_ACCEPTED,37c51fb5a45d177dda83767fccc275f29b2e1e1921f3b697645c1a1f859698b4,,0,CONSENSUS_PROVENANCE_INCOMPLETE,Actual preserved from BLS first release; consensus deliberately null.
US_NFP_2021-05-07,EMPLOYMENT_SITUATION,unemployment_rate,6.1,BLS archived first release,https://www.bls.gov/news.release/archives/empsit_05072021.htm,,,,,,2021-05-07T12:30:00Z,,America/New_York,NO_ACCEPTABLE_PRE_T0_EVIDENCE,NOT_ACCEPTED,61aedbae38576e8ac48b481a0e13202f033cb24e430094bf1acdc61a42af9dd8,,0,CONSENSUS_PROVENANCE_INCOMPLETE,Actual preserved from BLS first release; consensus deliberately null.
US_NFP_2021-05-07,EMPLOYMENT_SITUATION,ahe_mom,0.7,BLS archived first release,https://www.bls.gov/news.release/archives/empsit_05072021.htm,,,,,,2021-05-07T12:30:00Z,,America/New_York,NO_ACCEPTABLE_PRE_T0_EVIDENCE,NOT_ACCEPTED,e7d0344b987b0695e0fed938d91f65c8e283b8a0133124c91ad67b3865e986e4,,0,CONSENSUS_PROVENANCE_INCOMPLETE,Actual preserved from BLS first release; consensus deliberately null.
US_NFP_2021-05-07,EMPLOYMENT_SITUATION,ahe_yoy,0.3,BLS archived first release,https://www.bls.gov/news.release/archives/empsit_05072021.htm,,,,,,2021-05-07T12:30:00Z,,America/New_York,NO_ACCEPTABLE_PRE_T0_EVIDENCE,NOT_ACCEPTED,4e5ccb09686daaa4cbdf778985fcd50f0ec8eb4491ce4a182f957cf9b46fd317,,0,CONSENSUS_PROVENANCE_INCOMPLETE,Actual preserved from BLS first release; consensus deliberately null.
US_NFP_2021-05-07,EMPLOYMENT_SITUATION,prior_payroll_revisions,Feb +468k→+536k; Mar +916k→+770k; net -78k,BLS archived first release,https://www.bls.gov/news.release/archives/empsit_05072021.htm,,,,,,2021-05-07T12:30:00Z,,America/New_York,NO_ACCEPTABLE_PRE_T0_EVIDENCE,NOT_ACCEPTED,b9414cbfe22a4fbbe011667d1ad3bc17726970354e7b958d6414ff3bbbb12f24,,0,CONSENSUS_PROVENANCE_INCOMPLETE,Actual preserved from BLS first release; consensus deliberately null.
US_NFP_2021-06-04,EMPLOYMENT_SITUATION,nfp_change_k,559,BLS archived first release,https://www.bls.gov/news.release/archives/empsit_06042021.htm,,,,,,2021-06-04T12:30:00Z,,America/New_York,NO_ACCEPTABLE_PRE_T0_EVIDENCE,NOT_ACCEPTED,d66aec9e998b54d5edd3961d6f824615b9e7d50f871e7af081e0804c16f1f06f,,0,CONSENSUS_PROVENANCE_INCOMPLETE,Actual preserved from BLS first release; consensus deliberately null.
US_NFP_2021-06-04,EMPLOYMENT_SITUATION,unemployment_rate,5.8,BLS archived first release,https://www.bls.gov/news.release/archives/empsit_06042021.htm,,,,,,2021-06-04T12:30:00Z,,America/New_York,NO_ACCEPTABLE_PRE_T0_EVIDENCE,NOT_ACCEPTED,0e3a9e27ec4026b6236ed9d995c1670d1bd5dfd42aef3e566b0580b607628ab1,,0,CONSENSUS_PROVENANCE_INCOMPLETE,Actual preserved from BLS first release; consensus deliberately null.
US_NFP_2021-06-04,EMPLOYMENT_SITUATION,ahe_mom,0.5,BLS archived first release,https://www.bls.gov/news.release/archives/empsit_06042021.htm,,,,,,2021-06-04T12:30:00Z,,America/New_York,NO_ACCEPTABLE_PRE_T0_EVIDENCE,NOT_ACCEPTED,ffbafe715395ecdd1beac7a4bff2f6297b96b8f415ba9baebd09acb52754a857,,0,CONSENSUS_PROVENANCE_INCOMPLETE,Actual preserved from BLS first release; consensus deliberately null.
US_NFP_2021-06-04,EMPLOYMENT_SITUATION,ahe_yoy,2.0,BLS archived first release,https://www.bls.gov/news.release/archives/empsit_06042021.htm,,,,,,2021-06-04T12:30:00Z,,America/New_York,NO_ACCEPTABLE_PRE_T0_EVIDENCE,NOT_ACCEPTED,abeeea672c014851436f2affc0e41af23068a6f6701ba3b316e0ef4ceff95d4d,,0,CONSENSUS_PROVENANCE_INCOMPLETE,Actual preserved from BLS first release; consensus deliberately null.
US_NFP_2021-06-04,EMPLOYMENT_SITUATION,prior_payroll_revisions,Mar +770k→+785k; Apr +266k→+278k; net +27k,BLS archived first release,https://www.bls.gov/news.release/archives/empsit_06042021.htm,,,,,,2021-06-04T12:30:00Z,,America/New_York,NO_ACCEPTABLE_PRE_T0_EVIDENCE,NOT_ACCEPTED,929cf1349c1c253775890db0a62e4f14fe0c80044b3c48bda8516fcf6e8b0bd0,,0,CONSENSUS_PROVENANCE_INCOMPLETE,Actual preserved from BLS first release; consensus deliberately null.
US_NFP_2021-07-02,EMPLOYMENT_SITUATION,nfp_change_k,850,BLS archived first release,https://www.bls.gov/news.release/archives/empsit_07022021.htm,,,,,,2021-07-02T12:30:00Z,,America/New_York,NO_ACCEPTABLE_PRE_T0_EVIDENCE,NOT_ACCEPTED,a0790b2a3f3d25c9096edd6fa3da13e7c7382c1ac64b42d1ce36713ca54ec908,,0,CONSENSUS_PROVENANCE_INCOMPLETE,Actual preserved from BLS first release; consensus deliberately null.
US_NFP_2021-07-02,EMPLOYMENT_SITUATION,unemployment_rate,5.9,BLS archived first release,https://www.bls.gov/news.release/archives/empsit_07022021.htm,,,,,,2021-07-02T12:30:00Z,,America/New_York,NO_ACCEPTABLE_PRE_T0_EVIDENCE,NOT_ACCEPTED,756d528abf66e204436e9fa4e19264dabbc3cbcafdd99a9f5be772f571dcff3e,,0,CONSENSUS_PROVENANCE_INCOMPLETE,Actual preserved from BLS first release; consensus deliberately null.
US_NFP_2021-07-02,EMPLOYMENT_SITUATION,ahe_mom,0.3,BLS archived first release,https://www.bls.gov/news.release/archives/empsit_07022021.htm,,,,,,2021-07-02T12:30:00Z,,America/New_York,NO_ACCEPTABLE_PRE_T0_EVIDENCE,NOT_ACCEPTED,b738293faba45d239decbfb3403728f2c9b079d86c44e7879ae7293a199f55bc,,0,CONSENSUS_PROVENANCE_INCOMPLETE,Actual preserved from BLS first release; consensus deliberately null.
US_NFP_2021-07-02,EMPLOYMENT_SITUATION,ahe_yoy,3.6,BLS archived first release,https://www.bls.gov/news.release/archives/empsit_07022021.htm,,,,,,2021-07-02T12:30:00Z,,America/New_York,NO_ACCEPTABLE_PRE_T0_EVIDENCE,NOT_ACCEPTED,75d060aaa5738e21c3b97347c2d2a379fcd3e072eea705f18a801364bce96c88,,0,CONSENSUS_PROVENANCE_INCOMPLETE,Actual preserved from BLS first release; consensus deliberately null.
US_NFP_2021-07-02,EMPLOYMENT_SITUATION,prior_payroll_revisions,Apr +278k→+269k; May +559k→+583k; net +15k,BLS archived first release,https://www.bls.gov/news.release/archives/empsit_07022021.htm,,,,,,2021-07-02T12:30:00Z,,America/New_York,NO_ACCEPTABLE_PRE_T0_EVIDENCE,NOT_ACCEPTED,a7c582a91b8f27e362fc954c634bddf0878942f0df2e27ae16e50309422136b8,,0,CONSENSUS_PROVENANCE_INCOMPLETE,Actual preserved from BLS first release; consensus deliberately null.
US_NFP_2021-08-06,EMPLOYMENT_SITUATION,nfp_change_k,943,BLS archived first release,https://www.bls.gov/news.release/archives/empsit_08062021.htm,,,,,,2021-08-06T12:30:00Z,,America/New_York,NO_ACCEPTABLE_PRE_T0_EVIDENCE,NOT_ACCEPTED,fd7b58216eae4e3083ada3c6dee07d0c820c70e18f440ac6bf3b7e98e33c94de,,0,CONSENSUS_PROVENANCE_INCOMPLETE,Actual preserved from BLS first release; consensus deliberately null.
US_NFP_2021-08-06,EMPLOYMENT_SITUATION,unemployment_rate,5.4,BLS archived first release,https://www.bls.gov/news.release/archives/empsit_08062021.htm,,,,,,2021-08-06T12:30:00Z,,America/New_York,NO_ACCEPTABLE_PRE_T0_EVIDENCE,NOT_ACCEPTED,5fa4e746264b189c1e88e39a37d7cdca655bb7b2aa1f749309ed93a01e67a777,,0,CONSENSUS_PROVENANCE_INCOMPLETE,Actual preserved from BLS first release; consensus deliberately null.
US_NFP_2021-08-06,EMPLOYMENT_SITUATION,ahe_mom,0.4,BLS archived first release,https://www.bls.gov/news.release/archives/empsit_08062021.htm,,,,,,2021-08-06T12:30:00Z,,America/New_York,NO_ACCEPTABLE_PRE_T0_EVIDENCE,NOT_ACCEPTED,2a97609dbb1d85f78191b84a5e9fd854582668ddd1dc0d70f5dc4528029dcd1e,,0,CONSENSUS_PROVENANCE_INCOMPLETE,Actual preserved from BLS first release; consensus deliberately null.
US_NFP_2021-08-06,EMPLOYMENT_SITUATION,ahe_yoy,4.0,BLS archived first release,https://www.bls.gov/news.release/archives/empsit_08062021.htm,,,,,,2021-08-06T12:30:00Z,,America/New_York,NO_ACCEPTABLE_PRE_T0_EVIDENCE,NOT_ACCEPTED,aeb2ce36c423e1fd1faf0485e0bcbd50a95064c9bb92dfda7abd89dfafb3b023,,0,CONSENSUS_PROVENANCE_INCOMPLETE,Actual preserved from BLS first release; consensus deliberately null.
US_NFP_2021-08-06,EMPLOYMENT_SITUATION,prior_payroll_revisions,May +583k→+614k; Jun +850k→+938k; net +119k,BLS archived first release,https://www.bls.gov/news.release/archives/empsit_08062021.htm,,,,,,2021-08-06T12:30:00Z,,America/New_York,NO_ACCEPTABLE_PRE_T0_EVIDENCE,NOT_ACCEPTED,7ad190ed55d2255a8542b8236fe24cb972e11f864b8aa8593abf2b3aa516796c,,0,CONSENSUS_PROVENANCE_INCOMPLETE,Actual preserved from BLS first release; consensus deliberately null.
US_NFP_2021-09-03,EMPLOYMENT_SITUATION,nfp_change_k,235,BLS archived first release,https://www.bls.gov/news.release/archives/empsit_09032021.htm,,,,,,2021-09-03T12:30:00Z,,America/New_York,NO_ACCEPTABLE_PRE_T0_EVIDENCE,NOT_ACCEPTED,5593a8ebbb4d664029fa79c741d5e6a6d0ea6786a7dfb38db329f092d0744465,,0,CONSENSUS_PROVENANCE_INCOMPLETE,Actual preserved from BLS first release; consensus deliberately null.
US_NFP_2021-09-03,EMPLOYMENT_SITUATION,unemployment_rate,5.2,BLS archived first release,https://www.bls.gov/news.release/archives/empsit_09032021.htm,,,,,,2021-09-03T12:30:00Z,,America/New_York,NO_ACCEPTABLE_PRE_T0_EVIDENCE,NOT_ACCEPTED,32347eccc43c11b19283a14ce58d013fa7fb01a1d136d9b7cb31b4eff57dcd19,,0,CONSENSUS_PROVENANCE_INCOMPLETE,Actual preserved from BLS first release; consensus deliberately null.
US_NFP_2021-09-03,EMPLOYMENT_SITUATION,ahe_mom,0.6,BLS archived first release,https://www.bls.gov/news.release/archives/empsit_09032021.htm,,,,,,2021-09-03T12:30:00Z,,America/New_York,NO_ACCEPTABLE_PRE_T0_EVIDENCE,NOT_ACCEPTED,1d110668f4260f27626de6316a2f2b26e7d400fab65b6768eb46a08a48c5a5c4,,0,CONSENSUS_PROVENANCE_INCOMPLETE,Actual preserved from BLS first release; consensus deliberately null.
US_NFP_2021-09-03,EMPLOYMENT_SITUATION,ahe_yoy,4.3,BLS archived first release,https://www.bls.gov/news.release/archives/empsit_09032021.htm,,,,,,2021-09-03T12:30:00Z,,America/New_York,NO_ACCEPTABLE_PRE_T0_EVIDENCE,NOT_ACCEPTED,a68619f18c80d0d8b4c2ce23b7d520c316db53b0baf28c58adb63009aab67feb,,0,CONSENSUS_PROVENANCE_INCOMPLETE,Actual preserved from BLS first release; consensus deliberately null.
US_NFP_2021-09-03,EMPLOYMENT_SITUATION,prior_payroll_revisions,"Jun +938k→+962k; Jul +943k→+1,053k; net +134k",BLS archived first release,https://www.bls.gov/news.release/archives/empsit_09032021.htm,,,,,,2021-09-03T12:30:00Z,,America/New_York,NO_ACCEPTABLE_PRE_T0_EVIDENCE,NOT_ACCEPTED,52b109d0ef3a690c3d9656e31a71d840793e2da461afd7d7ff2d17c40ebeb64c,,0,CONSENSUS_PROVENANCE_INCOMPLETE,Actual preserved from BLS first release; consensus deliberately null.
US_NFP_2021-10-08,EMPLOYMENT_SITUATION,nfp_change_k,194,BLS archived first release,https://www.bls.gov/news.release/archives/empsit_10082021.htm,,,,,,2021-10-08T12:30:00Z,,America/New_York,NO_ACCEPTABLE_PRE_T0_EVIDENCE,NOT_ACCEPTED,3c7d24024c9968575c9eeb2882c8a6519bc7d76d8bf1712e684051e7b23e39d4,,0,CONSENSUS_PROVENANCE_INCOMPLETE,Actual preserved from BLS first release; consensus deliberately null.
US_NFP_2021-10-08,EMPLOYMENT_SITUATION,unemployment_rate,4.8,BLS archived first release,https://www.bls.gov/news.release/archives/empsit_10082021.htm,,,,,,2021-10-08T12:30:00Z,,America/New_York,NO_ACCEPTABLE_PRE_T0_EVIDENCE,NOT_ACCEPTED,a5602395b8565ea49eaa8fa019036c428d86a5fe45e121dd1a450c885d9c8247,,0,CONSENSUS_PROVENANCE_INCOMPLETE,Actual preserved from BLS first release; consensus deliberately null.
US_NFP_2021-10-08,EMPLOYMENT_SITUATION,ahe_mom,0.6,BLS archived first release,https://www.bls.gov/news.release/archives/empsit_10082021.htm,,,,,,2021-10-08T12:30:00Z,,America/New_York,NO_ACCEPTABLE_PRE_T0_EVIDENCE,NOT_ACCEPTED,686d164e6966d9966f83c24eac6e27bb5e2933929f7f38d2eb059dea6c38509f,,0,CONSENSUS_PROVENANCE_INCOMPLETE,Actual preserved from BLS first release; consensus deliberately null.
US_NFP_2021-10-08,EMPLOYMENT_SITUATION,ahe_yoy,4.6,BLS archived first release,https://www.bls.gov/news.release/archives/empsit_10082021.htm,,,,,,2021-10-08T12:30:00Z,,America/New_York,NO_ACCEPTABLE_PRE_T0_EVIDENCE,NOT_ACCEPTED,31dce7aff11b06b17e70e35e616944da3f030ab99438e0c2c98e8056a64c70d0,,0,CONSENSUS_PROVENANCE_INCOMPLETE,Actual preserved from BLS first release; consensus deliberately null.
US_NFP_2021-10-08,EMPLOYMENT_SITUATION,prior_payroll_revisions,"Jul +1,053k→+1,091k; Aug +235k→+366k; net +169k",BLS archived first release,https://www.bls.gov/news.release/archives/empsit_10082021.htm,,,,,,2021-10-08T12:30:00Z,,America/New_York,NO_ACCEPTABLE_PRE_T0_EVIDENCE,NOT_ACCEPTED,ed2831be4656bf7ca9da391e8d0949dd9ce8ad24bd5c01dd4c7f06bbbac18bd0,,0,CONSENSUS_PROVENANCE_INCOMPLETE,Actual preserved from BLS first release; consensus deliberately null.
US_NFP_2021-11-05,EMPLOYMENT_SITUATION,nfp_change_k,531,BLS archived first release,https://www.bls.gov/news.release/archives/empsit_11052021.htm,,,,,,2021-11-05T12:30:00Z,,America/New_York,NO_ACCEPTABLE_PRE_T0_EVIDENCE,NOT_ACCEPTED,fbd3ee3f9b3cb6716d2261f1fa02760424f0ff7bd06acd154c69be3bd3c4f56e,,0,CONSENSUS_PROVENANCE_INCOMPLETE,Actual preserved from BLS first release; consensus deliberately null.
US_NFP_2021-11-05,EMPLOYMENT_SITUATION,unemployment_rate,4.6,BLS archived first release,https://www.bls.gov/news.release/archives/empsit_11052021.htm,,,,,,2021-11-05T12:30:00Z,,America/New_York,NO_ACCEPTABLE_PRE_T0_EVIDENCE,NOT_ACCEPTED,9ca175858c58fdb0e16df9ed39880d416232cdaaa4bed2b6fc0c52c6bcd852e2,,0,CONSENSUS_PROVENANCE_INCOMPLETE,Actual preserved from BLS first release; consensus deliberately null.
US_NFP_2021-11-05,EMPLOYMENT_SITUATION,ahe_mom,0.4,BLS archived first release,https://www.bls.gov/news.release/archives/empsit_11052021.htm,,,,,,2021-11-05T12:30:00Z,,America/New_York,NO_ACCEPTABLE_PRE_T0_EVIDENCE,NOT_ACCEPTED,06df15dc81c254c37321bb6f54548bb1725627dc2b7f0335f5962c913120f3b1,,0,CONSENSUS_PROVENANCE_INCOMPLETE,Actual preserved from BLS first release; consensus deliberately null.
US_NFP_2021-11-05,EMPLOYMENT_SITUATION,ahe_yoy,4.9,BLS archived first release,https://www.bls.gov/news.release/archives/empsit_11052021.htm,,,,,,2021-11-05T12:30:00Z,,America/New_York,NO_ACCEPTABLE_PRE_T0_EVIDENCE,NOT_ACCEPTED,9f201ad70ee870bf0a9db5c5c8ddca2294c563d4c36ced397480fe98034f2a93,,0,CONSENSUS_PROVENANCE_INCOMPLETE,Actual preserved from BLS first release; consensus deliberately null.
US_NFP_2021-11-05,EMPLOYMENT_SITUATION,prior_payroll_revisions,Aug +366k→+483k; Sep +194k→+312k; net +235k,BLS archived first release,https://www.bls.gov/news.release/archives/empsit_11052021.htm,,,,,,2021-11-05T12:30:00Z,,America/New_York,NO_ACCEPTABLE_PRE_T0_EVIDENCE,NOT_ACCEPTED,5610d9354bdcf4a7f3a8f56226d71170857722e3da372e50af839e5150b3d9cc,,0,CONSENSUS_PROVENANCE_INCOMPLETE,Actual preserved from BLS first release; consensus deliberately null.
US_NFP_2021-12-03,EMPLOYMENT_SITUATION,nfp_change_k,210,BLS archived first release,https://www.bls.gov/news.release/archives/empsit_12032021.htm,,,,,,2021-12-03T13:30:00Z,,America/New_York,NO_ACCEPTABLE_PRE_T0_EVIDENCE,NOT_ACCEPTED,43db4ed4b355222243803e2517eaeb65f7142d4be2a7f4b24292201e90f3fa9a,,0,CONSENSUS_PROVENANCE_INCOMPLETE,Actual preserved from BLS first release; consensus deliberately null.
US_NFP_2021-12-03,EMPLOYMENT_SITUATION,unemployment_rate,4.2,BLS archived first release,https://www.bls.gov/news.release/archives/empsit_12032021.htm,,,,,,2021-12-03T13:30:00Z,,America/New_York,NO_ACCEPTABLE_PRE_T0_EVIDENCE,NOT_ACCEPTED,d7c8eee3fcf589de846a1adb976ab86d840be4de839083bbd8211a3a229faeb9,,0,CONSENSUS_PROVENANCE_INCOMPLETE,Actual preserved from BLS first release; consensus deliberately null.
US_NFP_2021-12-03,EMPLOYMENT_SITUATION,ahe_mom,0.3,BLS archived first release,https://www.bls.gov/news.release/archives/empsit_12032021.htm,,,,,,2021-12-03T13:30:00Z,,America/New_York,NO_ACCEPTABLE_PRE_T0_EVIDENCE,NOT_ACCEPTED,7d473475f6bb0facadd0708c96a9a69ae557f876474122a318f791dbf1b19228,,0,CONSENSUS_PROVENANCE_INCOMPLETE,Actual preserved from BLS first release; consensus deliberately null.
US_NFP_2021-12-03,EMPLOYMENT_SITUATION,ahe_yoy,4.8,BLS archived first release,https://www.bls.gov/news.release/archives/empsit_12032021.htm,,,,,,2021-12-03T13:30:00Z,,America/New_York,NO_ACCEPTABLE_PRE_T0_EVIDENCE,NOT_ACCEPTED,82a410c30604c4d58fa9a8451c81e4269605c982d3db05199d6ba115e9220ba1,,0,CONSENSUS_PROVENANCE_INCOMPLETE,Actual preserved from BLS first release; consensus deliberately null.
US_NFP_2021-12-03,EMPLOYMENT_SITUATION,prior_payroll_revisions,Sep +312k→+379k; Oct +531k→+546k; net +82k,BLS archived first release,https://www.bls.gov/news.release/archives/empsit_12032021.htm,,,,,,2021-12-03T13:30:00Z,,America/New_York,NO_ACCEPTABLE_PRE_T0_EVIDENCE,NOT_ACCEPTED,7a77aa6b84295c03471f2e2a4edc598246f2c0282daa3f246135e8b232ac1ad0,,0,CONSENSUS_PROVENANCE_INCOMPLETE,Actual preserved from BLS first release; consensus deliberately null.
