Primary Family,Total Board Rows,Scientific Negatives,Positive/Survives,Mixed,Insufficient Sample,Blocked/Technical,Pending/Forward,Strict Adjudicated Rows,Failure Density %
VOL,12,6,3,0,0,2,1,9,66.7
TREND,11,4,2,1,1,1,2,6,66.7
MICRO,8,1,1,0,2,3,1,2,50
FLOW,6,3,1,0,0,2,0,4,75
MR,6,1,0,0,3,2,0,1,100
RV,6,1,1,0,2,1,1,2,50
CREDIT,5,2,0,0,1,0,2,2,100
ACCESS,4,3,0,0,0,1,0,3,100
SUPPLY,3,2,0,0,1,0,0,2,100
CARRY,2,1,0,0,0,1,0,1,100
EVENT,2,1,1,0,0,0,0,2,50
LEADLAG,2,0,0,0,0,2,0,0,NA
MACRO,1,1,0,0,0,0,0,1,100