Row,Lab / Mechanism,Primary Family,Secondary,Math Engine,Current Scientific Status,Maturity,Mechanism / Why it could pay,Main Failure Mode,Next Action / Governance,Authority,Negative Map Class
1,TFG Donchian 1D,TREND,—,breakout + positive skew / 3R-style asymmetry,ACTIVE — forward regime adaptation watcher protected,M6 SHADOW,persistent trends allow winners to outrun capped losses,chop / regime shift,protect current forward watcher; no retrospective rule edits,CRYPTO_REPO_ARCHIVE_PLAN_V1,POSITIVE_OR_SURVIVES
2,HTF Donchian / DH03 12H,TREND,—,breakout / trend persistence,MIXED FAMILY — DH03 survives secondary forward holdout,M5 OOS/HOLDOUT,higher-timeframe persistence,range-bound market,preserve; adjudicate under frozen lineage before any new promotion,CRYPTO_REPO_ARCHIVE_PLAN_V1,POSITIVE_OR_SURVIVES
3,ETF-CME-INSTFLOW-001,FLOW,MACRO,conditional return from positioning delta,TIER 2 PROMOTED CANDIDATE — FRAGILE / FORWARD_SHADOW_ACTIVE,M6 SHADOW,institutional positioning changes may contain slow-moving information/pressure,thin economics / influential trade / cost sensitivity,continue frozen forward shadow; no early interpretation,CRYPTO NEAR-DIAMONDS RECOVERY PROGRAM — V2,POSITIVE_OR_SURVIVES
4,OPTIONS-SPOTPERP-001,RV,VOL,spot-perp/options dislocation and risk scaling,TIER 2 PROMOTED CANDIDATE — QUASE DIAMANTE / HIGH RISK FRAGILITY — 2025 OOS PASS,M6 SHADOW,derivative/spot relative mispricing can converge,stress20 negative; cost sensitivity; temporal/quarter instability; high-risk fragility,continue frozen prospective V2.1 forward shadow; no automatic micro-live/Tier1; first 50 forward trade gate remains frozen,OPTIONS-SPOTPERP-001 V2.1 2025 OOS run 35231711508 / artifact 10504812106 / terminal Tier-2 classification under V3,POSITIVE_OR_SURVIVES
5,BNB-LAUNCHPOOL-DEMAND-001,EVENT,SUPPLY,conditional event response / demand shock,TIER 2 PROMOTED CANDIDATE / QUASE DIAMANTE — V3 HIGH TAIL/CONCENTRATION FRAGILITY,M6 SHADOW,Launchpool utility creates discrete BNB demand,sparse events; tail/concentration dependence; no prospective resolved event yet,retain frozen forward watcher; V3 does not require arbitrary 25-event wait for Tier2; micro-live still requires separate candidate-specific authority,PROMOTION POLICY V3 — BNB rare-event replicated corpus path; 66 events / 3 disjoint blocks / V3 Tier2,POSITIVE_OR_SURVIVES
6,MVE-ADX4H-01,TREND,—,trend-strength conditional technical signal,TIER 4 — REJECTED / STONE after 2025 confirmation,M5 OOS/HOLDOUT,trend-strength regimes may improve continuation,unstable across years/assets; 2025 net negative,closed; no asset/parameter rescue,CRYPTO NEAR-DIAMONDS RECOVERY PROGRAM — V2,NEGATIVE_SCIENTIFIC
7,NFP Surprise V2 replication,EVENT,MACRO,macro surprise conditional probability,TIER 4 — REJECTED / 2025 INDEPENDENT OOS FAIL,M5 OOS/HOLDOUT,actual-vs-consensus surprise may shift rate expectations and crypto direction,provenance-clean 2025 OOS materially negative for BTC and ETH; exact path contradicted,archive exact NFP-SURPRISE-V2 path; no component/window/direction/cost/subperiod rescue; 2026 locked,NFP-SURPRISE-V2 — 2025 OOS TERMINAL CLOSEOUT — TIER 4 — 2026-09-17,NEGATIVE_SCIENTIFIC
8,CED 1D Momentum,TREND,—,momentum continuation,MIXED V3 — AVAX20 TIER 2 PROMOTED CANDIDATE / QUASE DIAMANTE; SOL20 + SOL60 TIER 4 REJECTED — COMPOSITE EXECUTION PASS,M6 SHADOW — ARMED PROSPECTIVE / 0 RESOLVED POST-FREEZE EVENTS,cross-asset directional persistence,"AVAX20: independent 2025 OOS positive but statistically fragile; first aggTrades 5s print visibility failed 99% gate, then prospectively frozen bookDepth capacity corroboration passed 710/714 legs (99.44%) at exactly 100 USDT/leg. SOL20/SOL60 independent 2025 materially negative.","AVAX20 M6 shadow collector V0.2A implementation FROZEN + final static preflight PASS (run 35352179444). Public/read-only collection is armed; first eligible signal completion 2026-09-19T00:00Z. Collector dynamically acquires exactly 20 prior valid daily observations for lookback input, then reconstructs every eligible signal day from 2026-09-18 through explicit cutoff; source-readiness guard <= UTC today-3; no retrospective pre-boundary performance.",Promotion 3f207f05; activation 211c3926; precedence 790236ed; V0.2A collector commit 4c55a069 / blob bdb1ca9f; final QA run 35352025750 SUCCESS; V0.2A freeze commit 744806cb; armed workflow commit e600344b; static preflight commit f6688446 / run 35352179444 SUCCESS. Original V0.3 runner/hypotheses hashes enforced. 0 resolved eligible events; no live/order/authenticated endpoint authority.,MIXED
9,Simple Trading 4H / MVE-SIMPLE4H-01,TREND,MR,mixed frozen technical cells; protected OOS confirmation,REJECTED_STONE — 2025 ONE-SHOT COMPLETE,M5 OOS/HOLDOUT,legacy breakout/pullback/reversion rules could in principle monetize persistence/reversion,0/7 strong-evidence cells; 5/7 negative after 14 bps; post-outcome selection risk,close recovery; archive candidate; 2026 locked; do not isolate XRP Donchian,MVE_SIMPLE4H_01_2025_CLOSEOUT_V0.1,NEGATIVE_SCIENTIFIC
10,Cross-Venue Funding / Basis,CARRY,RV,carry + convergence,REPLICATION_INCONCLUSIVE / UNPROVEN — P0E SOURCE COVERAGE BLOCKED; P0F EXECUTED / BLOCKED_NO_AUTHORIZATION,M4 REPLICATION,leveraged demand pays funding/basis premium that may be hedged,"Native-oracle provenance remains unresolved. P0F now has a viable local credential provider, but the currently selected AWS identity is root and is intentionally not authorized for requester-pays execution.","PC preflight is technically READY (boto3 + dependencies + AWS identity resolution), but DO NOT execute requester-pays under root. Next: dedicated least-privilege AWS identity limited to the four frozen explorer_blocks objects, then run the exact unchanged Windows P0F. 2026/live remain locked.",P0F GitHub run 35379993022 / artifact 10561783072 remained BLOCKED_NO_AUTHORIZATION with 0 source bytes. Local Windows readiness checked 2026-09-20; safe least-privilege AWS profile still pending.,BLOCKED_OR_TECHNICAL
11,Spot–Perp Cash-and-Carry V0.1,CARRY,RV,hedged basis convergence,TIER 4 — tested implementation closed,M5 OOS/HOLDOUT,gross basis convergence exists,realistic costs make OOS net economics negative,closed exact implementation; no retrospective fee rescue,CRYPTO NEAR-DIAMONDS RECOVERY PROGRAM — V2,NEGATIVE_SCIENTIFIC
12,DLI-BTC-FUTSPOT-TURNOVER-001,VOL,FLOW,conditional realized-range response,CLOSED_NO_PREDICTIVE_VOLATILITY_EDGE,M3 DISCOVERY,derivatives-dominant turnover could indicate leverage/speculation intensity,ratio is descriptive but not predictive,closed exact mechanism; no threshold/lookback rescue,GAP ANALYSIS V3,NEGATIVE_SCIENTIFIC
13,PERPETUAL-LAUNCH-SHOCK-001,ACCESS,MICRO,event study / market-structure regime change,NO_CAUSAL_LAUNCH_INTENSITY_EDGE — EXACT MECHANISM CLOSED / NO RESCUE,M3 DISCOVERY — TERMINAL,"A new perpetual changes short access, leverage, liquidity and price discovery.","The frozen 2023 causal Discovery contradicted the required volatility mechanism: 72 eligible events, mean excess realized-volatility ratio negative and bootstrap CI crossed zero.",CLOSED exact PLS-MECH-SPOTRV-001. Do not open the frozen 2024 strategy path and do not rescue windows/control/sample/gates. 2025/2026 remain locked.,PERPETUAL-LAUNCH-SHOCK-001 DISCOVERY CLOSEOUT V0.1 — source population 170 (83 in 2023 / 87 in 2024); 72 eligible 2023 events; exact mechanism terminal.,NEGATIVE_SCIENTIFIC
14,DEFI-LIQUIDATION-SHOCK-001,MICRO,CREDIT,forced-flow conditional response,ACTIVE SOURCE GATE — KAMINO CORRECTED SMOKE ADJUDICATED / ARCHIVAL RAW VALIDATION BLOCKED IN CLOUD / SOURCE_DATA_PASS FALSE,M2 SOURCE,On-chain liquidations create non-discretionary forced flow and temporary imbalance.,"Kamino V0.2 has 16 successful reference candidates and 0 anomalies, but GitHub Actions has neither HELIUS_API_KEY nor DLS_RPC_URL, so candidate-specific archival RAW proof cannot be completed in cloud yet.",Preserve source-only state. Cloud credential readiness run 35428300762 proved ARCHIVAL_RPC_CREDENTIAL_ABSENT with zero RPC requests. Next source action requires an authorized archival Solana RPC route; no prices/returns/PnL/direction until SOURCE_DATA_PASS.,"Kamino V0.2 adjudication 41 rows / 16 successful / 25 failed attempts / 0 anomalies. Archival readiness run 35428300762 SUCCESS operationally, terminal readiness status ARCHIVAL_RPC_CREDENTIAL_ABSENT; no 2025/2026 or outcomes opened.",BLOCKED_OR_TECHNICAL
15,Historical Liquidations,MICRO,—,forced deleveraging / event intensity,BLOCKED_DATA_UNAVAILABLE / MERGED_INTO_EXISTING,M2 SOURCE,liquidation pressure may create predictable short-horizon effects,public long-horizon liquidation source missing,no negative market verdict; resolve source only,CRYPTO_REPO_ARCHIVE_PLAN_V1,BLOCKED_OR_TECHNICAL
16,MSEL-001 Memecoin Structural Edge,ACCESS,EVENT,launch/migration structural event study,PILOT25_PARTIAL_GATES_FAIL — EXACT MSEL-001 CLOSED / NO RESCUE,M3 PILOT — TERMINAL,"Launch/migration structure may contain exploitable access information, but the exact MSEL-001 primary pilot ranking failed required economic separation.",Three of four evaluable economic gates failed; only winner-retention passed and it depended on one winner.,CLOSED exact MSEL-001 score/slices/thresholds. No rescue. The materially distinct MSEL-002 identity-reuse experiment is tracked separately.,MSEL-001 PILOT25_V14_CLOSEOUT_V0.1.,NEGATIVE_SCIENTIFIC
17,BTC Options Expiry / Gamma Reversal,VOL,MICRO,dealer hedging / expiry conditional reversal,SOURCE ENGINEERING NOT YET PROVEN,M1/M2,dealer gamma and concentrated OI can induce hedging pressure near expiry,historical point-in-time gamma reconstruction unavailable,prove reproducible Deribit OI/gamma source before outcomes,GAP ANALYSIS V3,BLOCKED_OR_TECHNICAL
18,Coinbase–Binance Lead-Lag,LEADLAG,—,cross-venue lag dependency,DATA_FAILURE,M2 SOURCE,venue price discovery may diffuse with lag,"Official candle route remains below the frozen 99.5% gate. Advanced Trade Public Market Trades V0.3 returned historical BTC-USDT/ETH-USDT without auth, but the same response snapshot includes best bid/ask with non-historical semantics; under the protected-period firewall this is PROVENANCE_FAILURE / response contamination risk, not SOURCE_DATA_PASS. Paid tick-level route remains technically plausible but untested; genuine zero-trade 5m buckets may still fail the unchanged gate.",Preserve DATA_FAILURE / M2 SOURCE. Current official verification (2026-09-20) found no free Coinbase route that establishes complete reproducible historical tick coverage for the frozen 2022–2023 gap. Coinbase Data Marketplace tick-level remains the official full-history route and requires purchase/licensing + SFTP. No purchase/SFTP without explicit authorization.,CBLL V0.2/V0.3 source-recovery lineage preserved. External source verification 2026-09-20: public Exchange/Advanced Trade routes are insufficient for the frozen completeness requirement; Data Marketplace tick-level remains paid/licensed route. NOT NO_EDGE.,BLOCKED_OR_TECHNICAL
19,On-chain Capital Flow,FLOW,—,capital-flow conditional response,MVE0_FAIL / RISK_CONTROL_DEV_FAIL,M3/M4,capital movement may foreshadow market pressure,no robust predictive edge / risk control fails,exact tested implementation closed,CRYPTO_REPO_ARCHIVE_PLAN_V1,NEGATIVE_SCIENTIFIC
20,Token Unlock / Supply Dilution,SUPPLY,EVENT,supply shock conditional distribution,NO_EDGE — DISCOVERY CLOSED / EXACT MVE TUE-CLIFF-ADV30-001,M3 DISCOVERY — TERMINAL,known token-unlock supply shocks could in principle create predictable avoidance/short pressure,"237 events / 22 tokens; 2024 base mean negative, stress mean negative, mechanism beta CI crosses zero; frozen promotion gates fail",CLOSE exact tested MVE; no horizon/threshold/token/year rescue; 2025/2026 remain closed,TOKEN-UNLOCK-EVENT-001 DISCOVERY_CLOSEOUT_OFFICIAL_V01 / result sha256 ece492adf7781486c8428209ab67acbf5695ad3cd75417455f9919f33b04a856,NEGATIVE_SCIENTIFIC
21,Stablecoin Peg Dislocation,MR,RV,convergence / peg restoration,DISCOVERY_FAIL_NO_PROMOTION — CLOSED,M3 DISCOVERY,temporary USDCUSDT dislocation may converge toward parity when redemption/liquidity anchor holds,gross convergence sign only +2.47 bps; frozen 20/30 bps cost envelopes destroy economics; all represented years base-negative,archive exact SPD-USDCUSDT-CROSS25-H60-001; no threshold/horizon/side/fee/subperiod/regime rescue; 2025/2026 locked,SPD DISCOVERY_CLOSEOUT_V0.1 — run 35091703060 / artifact 10444711700,NEGATIVE_SCIENTIFIC
22,BTC Options VRP / DVOL,VOL,CARRY,implied-vs-realized variance premium -> executable short-vol BBO implementation,DISCOVERY_PASS_VRP_EXISTS / EXECUTION_DATA_LIQUIDITY_INSUFFICIENT / BBO SOURCE ACCESS BLOCKED,M3 DISCOVERY + EXECUTION SOURCE RECOVERY,A persistent BTC variance-risk premium may be monetizable only if historical option quotes provide genuinely executable bid/ask states and size.,Public trade-print execution MVE produced only 19/120 required episodes; CoinAPI frozen BBO probe stopped at HTTP 403 before metadata; full Tardis history remains access/cost gated.,Preserve the old execution closeout; no purchase or paid overage. Reopen BBO execution research only with separately authorized full historical access and a prospective execution freeze. 2025/2026 remain locked.,"CoinAPI OVRP-EXEC-SOURCE-COINAPI-PROBE-001: 8 contracts expected / 0 resolved / first metadata request HTTP 403 / SOURCE_ACCESS_CREDENTIAL_REQUIRED; no prices, returns or PnL opened. Tardis sample source gate PASS but full-history access required.",BLOCKED_OR_TECHNICAL
23,Aave Credit Stress,CREDIT,FLOW,protocol-native borrow-rate stress -> conditional next-day BTC response,DISCOVERY_NO_PREDICTIVE_CREDIT_EDGE — CLOSED / NO RESCUE,M3 DISCOVERY — TERMINAL,rising DeFi stablecoin borrowing stress may precede forced deleveraging/risk pressure,"Frozen expected beta<0 was contradicted: full-sample, 2023 and 2024 betas were positive; HAC and block-bootstrap gates failed despite sufficient sample.",CLOSED. No threshold/year/asset/horizon rescue. 2025/2026 remain unopened. Preserve negative evidence and archive exact lineage.,Drive closeout 18o77yQCXGt2oITKZLwNJjIdWNkhe96TqhynG6NvdW2I; Discovery run 35334070486; artifact 10542198755; result sha256:520a67ab6dc41a430ce92cb7087777105205d7affdd1ed7a3f562f2ffca81b9c,NEGATIVE_SCIENTIFIC
24,BTC Options Expiry Reversal,VOL,EVENT,expiry-conditioned reversal / positioning response,STONE_AFTER_INDEPENDENT_OOS — V2 PATH2 FAIL,M5 OOS/HOLDOUT,expiry positioning can create temporary reversal pressure,2024 stress mean negative; leave-one-out robustness failed,archive exact lineage; no 2025/2026 rescue,BOER V2 Path2 2024 closeout,NEGATIVE_SCIENTIFIC
25,ETF Creation Flow,FLOW,—,ETF shares-outstanding changes as slow capital-flow signal,SOURCE_FEASIBILITY_BLOCKED / NOT NO_EDGE,M2 SOURCE,creation/redemption flow could exert persistent spot demand/supply,exact official historical Shares Outstanding corpus not recovered cutoff-safely,dormant; reopen only with exact official point-in-time source,ETF-CREATION-FLOW-001 OFFICIAL CLOSEOUT,BLOCKED_OR_TECHNICAL
26,ETF Shortflow,FLOW,—,short-volume conditional direction,DISCOVERY_FAIL_NO_PROMOTION,M3 DISCOVERY,short activity might contain positioning information,frozen beta sign wrong; gross/net negative; PF below 1,archive candidate; no inversion or horizon/ETF rescue,ETF-SHORTFLOW-001 DISCOVERY CLOSEOUT,NEGATIVE_SCIENTIFIC
27,Capitulation Reversion,MR,—,oversold shock reversion,CLOSED_DATA_OR_TECHNICAL_FAILURE_NOT_NO_EDGE; economic diagnostics negative,M3 DISCOVERY-like / technical closeout,capitulation overshoot may mean-revert,source ambiguity remains; 626 resolved trades economically negative across windows,archive candidate preserving NOT_NO_EDGE semantics; no rescue,CAPITULATION_REVERSION_001_CLOSEOUT_V0.1,BLOCKED_OR_TECHNICAL
28,Treasury Auction Demand,MACRO,EVENT,auction-demand surprise -> crypto conditional response,DISCOVERY_FAIL_NO_PROMOTION,M3 DISCOVERY,Treasury demand may transmit through yields/liquidity expectations,effect too small after costs/inference gates,archive exact MVE; no threshold/subperiod rescue,TREASURY-AUCTION-DEMAND-001 Discovery Closeout,NEGATIVE_SCIENTIFIC
29,Cross-Asset Vol Stress / Cboe VX Settlement,VOL,MACRO,weekly VX settlement delta -> 7D BTC directional response,DISCOVERY_FAIL_NO_PROMOTION — CLOSED,M3 DISCOVERY,changes in cross-asset implied-vol stress may transmit to subsequent BTC risk appetite,negative aggregate expectancy; PF < 1; 2021-2024 stability failed,archive exact CAVS-VXSETTLE-W1-001; no timing/sign/threshold/cost/subset rescue; 2025/2026 locked,CROSS-ASSET-VOL-STRESS-001 CANONICAL_DISCOVERY_CLOSEOUT_V0.1 — run 35060815694,NEGATIVE_SCIENTIFIC
30,ETH-STAKING-FLOW-001 / ESF-NETQUEUE-XATU-7D-003,SUPPLY,FLOW,validator entry-vs-exit queue pressure / conditional return,SOURCE_DATA_PASS / DISCOVERY_INSUFFICIENT_SAMPLE — N=19 POSITIVE DIAGNOSTICS; V3 STAGE-A SOURCE RECOVERY BLOCKED AT 601/608 — V0.1.4 BEACON API SOURCE_ACQUISITION_TECHNICAL_FAILURE,M3 DISCOVERY / V3 REPLICATION SOURCE — BLOCKED,validator pending-entry vs active-exit queue pressure may proxy marginal ETH staking demand/supply pressure,"Discovery minimum N>=30 failed at N=19 despite NET10 +2.5716%, PF 2.0382, p=0.09889. Seven 2025 Xatu dates have no usable timestamp rows; V0.1.4 independent Beacon API probe found 0 usable historical endpoints even on controls.",STOP Stage-A source recovery for now. Do not open R1=2025 or R2=2026 outcomes unless a new auditable historical source can reproduce frozen Xatu control counts exactly and recover only the seven missing dates. No gate reduction or signal change.,"Discovery run 35387086232; original Stage-A 35387477455 = 601/608; V0.1.2 QA controls exact PASS then empty timestamp rows; V0.1.3 confirmed zero non-empty timestamp rowgroups on 7 dates; V0.1.4 addendum commit a52e3ee4, workflow e5bab3aa, run 35454337723 / artifact 10587417853 = SOURCE_ACQUISITION_TECHNICAL_FAILURE with 0 usable public historical Beacon endpoints; firewall PASS.",INSUFFICIENT_SAMPLE
31,AAVE-LIQUIDATION-OVERHANG-001,CREDIT,MICRO,latent liquidation inventory / borrower-state hazard,REPLICATION_NO_SIGNAL — 2023 DISCOVERY MECHANISM PASS NOT REPLICATED IN 2024 — CLOSED,M4 REPLICATION — TERMINAL,"latent liquidation inventory could proxy borrower hazard, but the independent replication did not preserve the relationship",2024 independent replication: Spearman rho -0.000755; bootstrap lower -0.110812; mechanism signal disappeared,CLOSE exact AAVE-LIQUIDATION-OVERHANG-001 path; no rescue/tuning; do not open market-return/PnL layer,2023 Discovery run 35436923688 / artifact 10582547257 / DISCOVERY_MECHANISM_PASS; 2024 replication run 35438333758 / artifact 10584403183 / sha256:dbc62898100467d5ebf4dc29fcb1cf52e173705677034bf1b7d92c9b3d6424dc / REPLICATION_NO_SIGNAL; terminal repo closeout 581a4e0fd91b124daeda27add92833a0b1f61550; Drive closeout 18ucas3ke8nWbdsdum6ze6H2MPtZq0KRN7xONGIkk8lg,NEGATIVE_SCIENTIFIC
32,AAVE-RISK-PARAMETER-SHOCK-001,CREDIT,EVENT,exogenous liquidation-threshold tightening shock,INSUFFICIENT_PRIMARY_MECHANISM_SAMPLE — CLOSED / NO DISCOVERY / NO RESCUE,M2 SOURCE / MECHANISM CENSUS — TERMINAL,"a decrease in Aave collateral liquidationThreshold can mechanically compress borrower solvency margins, but the exact historical event population is too sparse/clustered for the frozen test",Only 5 independent 24h episodes despite 16 decrease logs; fails frozen >=12 independence gate. Assets and year coverage passed.,"CLOSED exact primary mechanism. Do not lower episode gate, split clusters, threshold magnitude, select assets, switch configurator event family, or open LiquidationCall outcomes.",Mechanism census run 35385465168 / artifact 10564642712 / sha256:2dd51e13db15e531bc8d1132a6bad5e62012efba7ed2a941cffc05accfa7220d; 16 decrease logs / 5 independent episodes / 12 assets / years 2023+2024; closeout commit 51edd321e4bb7426f6243d622570de4cbe6c3cfb,INSUFFICIENT_SAMPLE
33,STETH-REDEMPTION-BASIS-001,MR,RV,protocol-redemption convergence / asynchronous queue opportunity-cost anchor,FROZEN_SOURCE_BOUNDARY_PROVENANCE_FAILURE — EXACT V0.1 CLOSED,M2 SOURCE — TERMINAL FOR EXACT FROZEN V0.1,"secondary-market stETH discount may converge toward explicit protocol ETH redemption value, net of queue wait/risk/cost",frozen first 12:00 UTC snapshot on 2023-05-15 predates canonical V2 WithdrawalQueue state; exact source boundary cannot satisfy its own state-access requirement,CLOSED exact V0.1. No start-time/snapshot-drop rescue. Any later post-enactment design must be a new prospectively frozen experiment.,GitHub closeout 663d072d0b720cb8906b2f4badfc4c2f880e397a; provenance run 35385142825 / artifact 10563801890 / sha256:a1a47e2c1026cccfc068b6d42a0f699dfd527aa038d4b2f74a2d904a6089d741; Drive 1jypke8tLoguYsa-HP6MfiQtZg5HoPmhfyyGLErQh6Kc,BLOCKED_OR_TECHNICAL
34,STETH-REDEMPTION-BASIS-002,MR,RV,protocol-redemption convergence / asynchronous queue opportunity-cost anchor,DISCOVERY_INSUFFICIENT_SAMPLE — CLOSED / NO PROMOTION,M3 DISCOVERY — TERMINAL,"secondary-market stETH discount can occasionally converge toward exact Lido redemption value, but the frozen V0.1 predictor produced too few executable episodes for scientific promotion","Exact canonical retry produced only 2 signals / 2 completed positions across 596 snapshots; frozen minimum was >=30. Base mean was slightly positive, but positive rate was 50% and stress mean was negative; sample gate fails before edge adjudication.",CLOSED exact V0.1. No threshold/cost/clock/notional/venue rescue; any successor requires a new LAB_ID and prospective freeze.,Canonical run 35398364376 / artifact 10571306603 / sha256:bfd278261fe006df29b65dd64fe62b956449d9d9b25eba1de9c4f357eba775b1; classification DISCOVERY_INSUFFICIENT_SAMPLE; 596 snapshots / 2 signals / 2 completed / 0 wait failures / 0 censoring; no 2025/2026.,INSUFFICIENT_SAMPLE
35,HTF-DH03-12H-STANDALONE-FORWARD-V1,TREND,—,Donchian40 + Wilder ATR28 / 3R / 12H standalone prospective,NEW PROSPECTIVE STANDALONE CANDIDATE — SOURCE PASS / LOCAL COLLECTOR READY,M6 SHADOW — GATED BY LOCAL RUNTIME TRUTH,higher-timeframe breakout persistence with minute-path execution fidelity,range/chop; exact-minute gaps; transport/clock discontinuity; prospective sample fragility,"collect exact prospective evidence only; MISSING/BOOTSTRAPPING=GATED, COLLECTING=SHADOW, FAIL_CLOSED=BLOCKED; no DH02 rescue",HTF-DH03-12H-STANDALONE freeze 2026-09-18T06:26:53Z / Radar registry 3.6 / Windows local collector,PENDING_OR_FORWARD
36,EMA6H-50X200-REGIME-DEPENDENCY-001,TREND,MACRO,EMA50x200 6H crossover + frozen BTC 1D regime tagging / fixed 36h hold,TIER 3 HIGH WATCHLIST — TEMPORALLY FRAGILE — PROSPECTIVE REGIME FORWARD ONLY,M6 SHADOW — WAITING FIRST ELIGIBLE BOUNDARY,directional crossover continuation may vary by slow BTC market regime/state transition,2025 negative / 2026 Jan-Aug positive; historical regime asymmetry is post-outcome diagnostic only,"collect every frozen cross in both directions/all regime buckets; 10 resolved=mechanism review, 25 clean=separate V3 adjudication; no automatic promotion",Phase A closeout + XFER-EMA6H-50X200-REGIME-TO-RADAR-001 / validation run 35445454103 / first eligible close 2026-09-20T00:00Z,PENDING_OR_FORWARD
37,DEX-LIQUIDITY-PROVISION-001,MICRO,VOL,net LP provision/withdrawal state -> conditional future volatility / impact,DISCOVERY_INSUFFICIENT_SAMPLE — SOURCE_DATA_PASS / EXACT DISCOVERY CLOSED WITHOUT REPLICATION,M3 DISCOVERY — INSUFFICIENT SAMPLE,Frozen USDC/WETH Uniswap LP activity was source-complete and evaluable; exact Discovery tested the pre-frozen liquidity-provision mechanism without opening protected periods.,"Source gate fully passed (6,862,601 Swaps / 1,096 unique Swap days; 119,781 Mints; 130,516 Burns), but frozen Discovery produced N=1,469 below the predeclared eligible-observation minimum. q5/q1 ratio 1.0064951141; Spearman rho 0.0282662012. Classification is INSUFFICIENT_SAMPLE, not NO_EDGE.","STOP exact path under this MVE; replication not authorized. No sample/window/threshold rescue. Preserve as scientifically unresolved/insufficient rather than stone. Any materially distinct successor requires new causal identity, fresh freeze and independent evidence.","Sharded source run 35530732777 = SOURCE_DATA_PASS / artifact 10612116802. Discovery Eval Recovery run 35580431272 = DISCOVERY_INSUFFICIENT_SAMPLE, N=1469, replication_authorized=false / artifact 10630061668 / artifact SHA256 b5622c2f88649ae821c9d4f3940cc7bd23d94dc3b75ea4e9ca7bf0b5042b2c73.",INSUFFICIENT_SAMPLE
38,MSEL-002 — On-Chain Immutable Identity Reuse,ACCESS,EVENT,prior-only exact immutable identity reuse / source prevalence,ECONOMIC_COHORT_FREEZE_PASS — MIGRATION DISCOVERY SOURCE/SCHEMA BLOCKED / UNCHANGED RERUN REQUESTED,M3 DISCOVERY — SOURCE/SCHEMA BLOCKED,"Frozen exact immutable-identity reuse cohort (51 exposed + 510 controls) tests whether reused identity lowers Pump→PumpSwap migration completion at 24h/72h, with no price/PnL outcomes.","Discovery run 35500644950 did not reach a scientific migration verdict: exact frozen collector stopped on MIGRATE_SCHEMA_OR_CONTINUITY_FAILURE_1 — one Pump migrate instruction failed the pinned schema/continuity check. This is SOURCE/SCHEMA failure, not NO_EDGE.","Rerun the unchanged frozen job and preserve exact malformed-instruction diagnostic if it persists. Technical transport/diagnostic plumbing only may be corrected; do not relax Pump program/discriminator/account continuity, cohort, horizons, matched-set gates or bootstrap.",Frozen cohort run 35500294196 PASS / 561 candidates. Discovery run 35500644950 job 106051691579 failed SOURCE/SCHEMA with MIGRATE_SCHEMA_OR_CONTINUITY_FAILURE_1; exact job rerun requested 2026-09-23. MSEL + LP2 Watch monitors the unchanged path.,BLOCKED_OR_TECHNICAL
39,ETH-BLOCKSPACE-DEMAND-001,SUPPLY,FLOW,Ethereum blockspace demand / base-fee burn + gas utilization -> conditional ETH return,DISCOVERY_NO_EDGE — EXACT CANDIDATE CLOSED / NO RESCUE,M3 DISCOVERY — TERMINAL,High Ethereum protocol demand and base-fee burn could reflect economically meaningful demand and supply pressure.,"Point estimates were positive, but the prospectively frozen uncertainty gates failed: bootstrap lower 95% < 0 and one-sided p > 0.05.",CLOSED exact EBD-BURN80-UTIL50-LONG-H24-001. No threshold/direction/horizon/cost/regime rescue. 2024 OOS remains locked; 2025/2026 outcomes remain closed.,"Canonical run 35448832680 / artifact 10585897896; N=112; base mean +30.5959 bps, PF 1.28984; stress mean +20.5959 bps; bootstrap lower95 -37.0300 bps; p=0.17638; source coverage 4723/4723 and audits 237/237.",NEGATIVE_SCIENTIFIC
40,STABLECOIN-DEX-STRESS-001,MICRO,RV,Curve 3pool liquidity/peg-stress source normalization,PROVENANCE_FAILURE — FROZEN SOURCE FORMULA INCOMPATIBLE / EXACT MVE CLOSED,M2 SOURCE — TERMINAL FOR EXACT SOURCE DEFINITION,Stablecoin-pool imbalance and liquidity stress could transmit depeg or forced-flow pressure.,"Canonical Curve 3pool TokenExchange history contains zero token quantities, making the frozen log-normalization undefined on the full canonical event corpus.","CLOSED exact SDS-CURVE3POOL-PEG-001. Do not drop zero rows, add epsilon, clip/winsorize, change pool/subset/formula or open outcomes. Any successor requires a NEW prospectively frozen mechanism/source formula ID.",SQD source remediation V0.2 closeout; canonical run 35334465172. Transport/address/topic/ABI passed; source formula failed. 2025/2026 and ETH market outcomes remained closed.,BLOCKED_OR_TECHNICAL
41,TFG-PBR01-1H-001,TREND,—,frozen PBR01 technical rule translated to 1H,SOURCE_ACCESS_BLOCKED — EXACT 1H HYPOTHESIS UNEVALUATED,M2 SOURCE — TERMINAL FOR FROZEN WINDOW,A lower-timeframe implementation could in principle preserve the parent pullback/breakout mechanism if the exact source window were reproducible.,"Frozen MEXC-only 2022–2024 source cannot be reproduced: 138/216 files present, 78 missing; official missing-boundary probes returned HTTP 200 but zero records.","Close exact 1H source route. No window reduction, cross-exchange backfill, synthetic history or interpolation. Scientific edge remains unevaluated; next independent queue item is TFG-VWAP-15M-001.",TFG_PBR01_1H_001_SOURCE_CLOSEOUT_V0.1; freeze commit 3447043398ef2fda4ac1272cc213f57329ace657; 2025/2026 not accessed.,BLOCKED_OR_TECHNICAL
42,TFG-PBR01-4H-001,TREND,—,frozen PBR01 technical rule at 4H,INSUFFICIENT_SAMPLE — EXACT 4H DISCOVERY CLOSED,M3 DISCOVERY — TERMINAL,The frozen PBR mechanism could in principle retain asymmetric trend/pullback behavior on a 4H horizon.,Only 87 trades versus frozen minimum 100; positive point estimates were not enough and the bootstrap interval spans zero.,CLOSED exact 4H test. No sample/window/parameter rescue; preserve insufficient-sample verdict. 2025/2026 remain untouched.,"Official closeout: N=87 (<100); base expectancy +0.133585R / PF 1.19698; stress +0.088616R / PF 1.13067; bootstrap 95% CI [-0.2162,+0.5028].",INSUFFICIENT_SAMPLE
43,L2-RESILIENCY-001,MICRO,LEADLAG,post-sweep replenishment strength -> short-horizon directional response,2025 INDEPENDENT VALIDATION PASS — MECHANISM REPLICATED / DIRECT HYPERLIQUID STANDARD-BASE EXECUTION ROUTES CLOSED,M4 REPLICATION PASS / M5 EXECUTION TRANSLATION: STANDARD-BASE TAKER + PASSIVE CLOSED; LOW-FEE CHILD DORMANT,Weak versus strong L2 replenishment after a consumed top-of-book level may encode short-lived information transmission and continuation/reversal asymmetry.,"Parent mechanism remains scientifically validated. Direct monetization at Hyperliquid standard fees failed twice: taker route failed fee-floor; passive maker route failed even an optimistic perfect-fill upper bound. This is execution-path failure, not NO_EDGE.",Account-specific Hyperliquid fee trigger failed: maker 1.5 bps/fill > frozen <=0.4 bps/fill threshold; low-fee same-venue child remains DORMANT. Direct standard-fee L2 monetization is exhausted for the current account. New prospective child L2R-OVERLAY-ETF-CME-001 is now frozen to test incremental entry-timing information without changing the validated parent mechanism. 2026 remains closed.,Fee-tier account gate closeout 0db7a7e911aea0913f0b6aca859f4ac46444b1b4. Passive canonical closeout 4e60a4da08542750dd3fdedf934dc5f3cd450a34. New overlay protocol 2d12d690fe703ac6dec270cf551eeae0b85cadb0; implementation lock 81eb670ddde2bbf604f7b89a5026a48a73a04526; one-shot authorization f0fd04353eb0758d9f4f958e1f92c16f7df78e1f. Parent scientific verdict unchanged; no 2026/live/orders/exchange mutation/main merge.,POSITIVE_OR_SURVIVES
44,L2R-OVERLAY-ETF-CME-001,MICRO,FLOW,L2 active-WEAK state at immutable ETF-CME entry T0 -> incremental entry-timing / adverse-selection separation,DEVELOPMENT_OVERLAY_INSUFFICIENT_SAMPLE_OR_SOURCE — EXACT V0.1 CLOSED / NO RESCUE,M2 DEVELOPMENT — TERMINAL SOURCE/TIMING CONSTRAINT,"Validated Hyperliquid replenishment state may contain incremental entry-timing information relative to ETF-CME, but V0.1 could not adjudicate direction because its frozen exact-T0 midpoint sampler produced zero source-evaluable entries.","Canonical one-shot traversed 8,400/8,400 objects and 53,647,518 accepted states, but global_source_evaluable_rows=0. Of 49 nonzero ETF entries, 3 touch canonical source gaps and the remaining source-present entries still obtained no accepted MID_T0 within the frozen 1,100ms first-after-T0 rule. Therefore no ALIGNED/OPPOSED residual outcome was observed. This is not NO_EDGE and not DEVELOPMENT_NO_SUPPORT.","Close exact V0.1. Do not widen the 1,100ms T0 window, replace first-after-T0 with last-before-T0, select cells, or rerun under this LAB_ID. Any successor needs a new prospective LAB_ID and frozen T0/reference semantics before combined directional outcome access. 2026 remains CLOSED.",Evidence ZIP SHA256 a8734c72cad031e8d6f32d5836c615909e2605a0b37fe4f075a52aaeab2b09a0; Drive evidence ID 1a6VsKOSCxa7qV3J4dsQfOxfMjPk6fcZD; receipt eb9771ab767cc6c0c3f3dabd8ba2712038f2d6ae978c9369763ea66aa2dec56b; closeout MD bb84d0bfd2e530f6e51d5e3fba566479e15d56c6; closeout JSON 81b689b7e84475e74819e6dd30e3ff81c770dae6; parent states unchanged; PR #110 draft / NO MERGE.,INSUFFICIENT_SAMPLE
45,L2R-OVERLAY-ETF-CME-SPAN-001,MICRO,FLOW,active weak L2 event spanning immutable ETF-CME T0; frozen R midpoint -> frozen Y midpoint in ETF parent direction,DEVELOPMENT_SPAN_NO_SUPPORT — EXACT V0.1 CLOSED / NO RESCUE,M2 DEVELOPMENT — TERMINAL / NO PROMOTION,"Cross-T0 L2 R→Y span showed positive panel-level directional separation on average, but the frozen robustness gate required >=4 positive viable cells and at least one positive viable cell in every R family. Those conditions were not met.",Valid one-shot evidence: 46 source-present parent rows; 4 viable cells; 3 positive viable-cell separations. Panel separation +1.204834 bps; ALIGNED mean +0.331302 bps; OPPOSED mean -0.873532 bps. R1 and R5 positive; R15 failed because R15_Y60 separation = -0.038640 bps. R1_Y5 and R5_Y15 were sample-ineligible and receive zero gate credit.,"Close exact SPAN-001. Do not promote from positive panel mean alone, do not count sample-ineligible cells, do not drop R15, and do not alter sample minima/RR/R-Y horizons. Any materially different overlay requires a NEW LAB_ID and pre-outcome freeze. 2026 remains CLOSED.",Evidence ZIP SHA256 842bafad5c4b61682ae5a2a1f95393c4331174fa5728f0eaed072048a5d0ea92; Drive file ID 1uuZ1fj-26agc1WLc1VwVHQzx-SNvc3H6; adjudication run 36321383470 job 108625762248 = PASS; receipt SHA 55394877c6c6adbf6d341f32c21b73d51cba8941479c6bb38f9b91d978fe3156; ledger SHA 7c7612c683df28acca6bd64e65837a8fba5a11955381cf148da7647385e58fcd; closeout MD 10c843846210a54107d177418bc9daaabe73c505; closeout JSON 12a2008e96548e5b086ef67fe61af8e25577819f; PR #122 NO MERGE.,NEGATIVE_SCIENTIFIC
46,GEOMETRIC-TRENDLINE-001 / GTL-THIRDTOUCH-REJECTION-1H-001,TREND,—,causal two-anchor projected slope / first-interaction conditional directional response,DISCOVERY_FAIL_NO_PROMOTION — EXACT MVE CLOSED / NO RESCUE,M3 DISCOVERY — TERMINAL,A pre-existing sloped boundary constructed only from confirmed pivots could in principle encode support/resistance interaction information distinct from horizontal Donchian/range state.,"816 outcome-eligible events; global +6h mean -2.272247 bps; clustered CI95 [-13.340276,+8.897476]; resistance mean -10.863464 bps; only 2/4 years positive. Support +5.988539 bps is post-outcome diagnostic only.","CLOSE exact third-touch rejection MVE. No support-only rescue and no +12h/+24h horizon rescue. Any materially distinct successor needs a new prospective ID, anti-duplication gate, fresh freeze and independent evidence; 2025/2026 remain locked.",Discovery run 35500670280 / artifact 10602101963 / ZIP sha256 74eecbc99d22256117da59ed833d5771e89973ac380fe40140b687ba01239f20; repo closeout b679f170426603dd63770bf110e6ba420b192fa2; Drive closeout 1IGWktBsFX5AyuDz3KUJ3C4eSpinL6FcNtB-z7xoe7HM; evidence ZIP 1aXE93DyBtp0NKUD2x-yRhv52OC3bnsCn.,NEGATIVE_SCIENTIFIC
47,CRYPTO-INTRAWEEK-RV-001 / CIRV-HAR-DOW-BTCETH-001,VOL,—,HAR realized variance + target-day weekday structure / forecast-loss differential,SURVIVES_2025_HOLDOUT — REPLICATED FORECAST MECHANISM / RADAR INTAKE APPROVED — NOT YET ECONOMIC TRADING EDGE,M6 SHADOW — RADAR VOL/FORECAST MOTOR APPROVED / WINDOWS V0.14.4 FINAL PREDEPLOY VALIDATED / 0 RESOLVED CLEAN TARGETS,Target-day weekday periodicity improves one-day-ahead BTC/ETH realized-variance forecast loss versus plain HAR; effect replicated on USD-M Futures and Spot.,"Prospective weekday effect may decay; QLIKE differential may turn negative. Canonical Binance Vision D-1 archives publish ~08:14–08:35 UTC, so forecast is delayed-source and not an intraday execution signal.","CIRV remains the 8th research-only VOL/forecast Radar motor. First prospectively frozen economic translation CIRV-VOLTARGET-BTCETH-SPOT-001 TERMINALLY FAILED 2023 Discovery: 365/365 days; HAR-DOW BASE mean -0.023507%/day, PF 0.9622, Sharpe -0.2532; STRESS mean -0.117845%/day, PF 0.8261. It reduced annualized vol and slightly improved max drawdown vs HAR but failed positive expectancy/PF/Sharpe gates. Exact vol-target path CLOSED; 2024/2025 unopened; no rescue. Next materially distinct direct monetization path (CIRV-informed options/variance premium) was rechecked SOURCE-ONLY and is BLOCKED_SOURCE, not NO_EDGE: no free full historical executable BBO/size corpus; Tardis free access is sample-only, full history access-gated; current Bybit public orderbook is live/recent, not equivalent historical BBO. Parent forecast mechanism remains valid M6 shadow.",Parent evidence: Futures holdout 35500049139; Spot replication 35500300894; Radar V0.14.4 CI 35783406662 / artifact 10718868076 / PR #73. Economic freeze 79577d02184113a4c67486b42f30b360bfdab76e; source gate 35785110379 PASS 120/120; runner blob fec92212203ffdf1e01fadf6d25d895ec05c4279; 2023 Discovery 35785236955 scientific FAIL; artifact 10719028993 digest sha256:09a5bb881863b15cfecca5af23215efd95a2c97327e0f7e630146d88557a8c2d; closeout 6233c6812fb6f1bd0188b85a47d782e7d21f4883; fail-lock f5ff8e1d9c0364226019be9b1c13c6a31313d5e7; options-source feasibility receipt 968640616660b6d3b487565dea6a11cb862b4dfc; PR #74 draft/no merge. 2024/2025/2026 not opened by the failed translation; no paid data/live/order/exchange mutation.,POSITIVE_OR_SURVIVES
48,AMM-LVR-CROSSVENUE-001,RV,MICRO,stale AMM quote / cross-venue convergence / LVR -> realizable non-integrated searcher PnL,FORWARD EVIDENCE ACTIVE — REPEATED PRE-INCLUSION HEADROOM NEGATIVE / SCIENTIFIC VERDICT NOT OPEN,M2 SOURCE / PROSPECTIVE ENGINEERING + PERSISTENT LEDGER,"Frozen Uniswap V2/V3 swap events are captured prospectively with causal Binance Spot depth; the hypothesis asks whether stale AMM pricing leaves realizable non-integrated searcher headroom after hedge, gas and competitive inclusion costs.","Day-1 evidence is strongly negative but non-adjudicating: canonical pilot 43 block×pool states, seq3 41, seq4 42; every evaluated 500/1000/5000-USDT state had 0 positive PRE_INCLUSION_HEADROOM at T0/+250/+1000/+3000ms. Seq4 captured 60 real tx / 65 swaps, 60/60 traces, 22 direct fee-recipient-transfer-positive events, 100% latency-depth coverage and 0 runtime errors. Missing non-negative priority/private-builder/failed-inclusion costs cannot rescue an already-negative observed state. NOT NO_EDGE: controlling gate remains >=500 eligible events AND >=14 UTC days, with full-cost accessibility bound.","Continue exactly one genuinely new UTC-day forward capture when missing, under FORWARD_ECONOMIC_PROTOCOL_V0.1 + AUTHORITY_RECONCILIATION_V0.2. Use persistent deduplicated ledger; do not spam same-day runs for promotion credit. If any future state has positive pre-inclusion headroom, bind priority/builder/failure costs for that exact prospective candidate before positive scientific credit. No rescue/tuning/new LAB_ID from negative signs.","PR #75 draft. Seq3 run 35824550686: 60 tx/64 swaps/41 states, 100% four-latency depth, 0 positive headroom. Seq4 run 35824869702: 60 tx/65 swaps/42 states, 100% depth, 0 positive headroom; persistent ledger + rollup PASS and committed as 520c9320eee676f04ff6fa6ee0da1b164745b6c9. Current rollup starts seq4: 60 dedup raw tx / 65 swaps / 1 UTC day / eligible_event_count_claimed=0. Existing Radar Fishing Watch now carries the once-per-UTC-day AMM-LVR forward guard. No live capital/main merge.",PENDING_OR_FORWARD
49,LIQUIDATION-PRESSURE-002-FORWARD,MICRO,FLOW,forced liquidation burst -> order-book damage/replenishment -> short-horizon continuation/reversal,FORWARD SOURCE PASS — PERSISTENT SOURCE-ONLY Q95 CALIBRATION ACTIVE,M2 SOURCE / CALIBRATION,Mechanically forced Bybit liquidation bursts may overshoot local equilibrium; frozen MVE LP2-BYBIT-REV5S-Q95-H30-V1 later tests 30s reversal only after outcome-blind source calibration.,"Source/order-book replay is proven. Calibration must remain liquidation-only until >=24 UTC hours AND >=500 raw liquidation records; per-symbol q95 requires >=30 non-empty 5s windows. No markouts, returns or PnL may influence thresholds.","Accumulate the persistent deduplicated Bybit allLiquidation ledger under frozen six symbols and 5s windows. When source minimum is reached, freeze nearest-rank per-symbol q95 before opening any markout. No q90/q99, direction, symbol or horizon rescue.",PR #79 draft. Persistent calibration freeze/collector/workflow added 2026-09-23 on branch liquidation-pressure-002-forward-v0.1. Source Calibration run 35828337306 launched from commit 271a84ae2f8197afaed3bf5a19b23469271dabd0. Existing MSEL + LP2 Watch now operates hourly calibration guard. No outcomes/orders/exchange mutation.,PENDING_OR_FORWARD
50,TVSQZ-001 / TradingView Squeeze Momentum Compression-Release,VOL,—,BB20×2 inside KC20×1.5 compression-release -> conditional next-4H realized-volatility expansion,NO_EDGE — DISCOVERY CLOSED / EXACT MVE TERMINAL,M3 DISCOVERY — TERMINAL,Relative volatility compression followed by a causal squeeze release could precede abnormal future realized-volatility expansion.,"Frozen 2022-2023 Discovery contradicted the mechanism: 3,660 events; overall median future-RV ratio 0.792585; bootstrap 95% [0.745818, 0.830726]; 0/6 symbol medians >1.0.",CLOSE exact TVSQZ-001. Directional Stage B not opened. No parameter/timeframe/horizon/asset rescue; 2024/2025/2026 remain sealed.,Branch tradingview-strategy-census-v0.1; run 35915731682 SUCCESS; source bundle sha256 ace6ee45c4c8b255576be5ac45f887c8a367c0e2e5327e3a23b3d241f159d367; closeout commit 5bce99744ed6b43e928ae702a8b1a5a780240246.,NEGATIVE_SCIENTIFIC
51,USORB-001 / U.S. Cash Open 15m Opening-Range Breakout,TREND,MICRO,09:30 ET opening-auction clock + 15m session range -> first-break 60m directional continuation,NO_EDGE — DISCOVERY CLOSED / EXACT MVE TERMINAL,M3 DISCOVERY — TERMINAL,The U.S. equity core open concentrates cross-asset price discovery; a first break of the 09:30–09:45 ET crypto range could continue directionally.,"2,853 trades; gross -0.398 bps/trade; NET10 -10.398 bps; PF 0.7574; date-cluster bootstrap 95% [-17.866,-2.881]; 0/6 symbols positive; 0/2 years positive.",CLOSE exact continuation ORB. No reversal/filter/window/horizon/weekday/asset rescue. 2024/2025/2026 remain sealed. Broader U.S.-session mechanism may only continue under materially new causal observables/new LAB_ID.,Branch us-open-orb-crypto-v0.1; run 35917864706 SUCCESS; source bundle sha256 a2b15380cc5cf6e71750db8a9af07abd2086df5dbd183cf96406d51b2746cc70; closeout commit 202d897118f856568ce7a18b282e1a873781ca22.,NEGATIVE_SCIENTIFIC
52,USOPEN-VOL-001 / USOV-PREETF-001 — U.S. Cash Open Volatility Shock,VOL,MICRO,09:30 ET external market-open clock -> 30m realized-variance concentration vs adjacent matched windows,DISCOVERY_MECHANISM_SURVIVES_PREETF_ONLY — NOT YET TRADING EDGE,M3 DISCOVERY,U.S. cash-market open concentrates cross-asset information/liquidity demand; continuous crypto may exhibit a second-moment shock at the external 09:30 ET clock.,"2022-2023: 3,002 symbol-days / 501 dates; pooled OPEN/PRE median 1.9647x, bootstrap95 [1.7904,2.1087]; OPEN/POST 1.2493x [1.1310,1.3483]; 6/6 symbols and 2/2 years pass breadth gates.",Preserve M3 only. No direction/PnL inference. 2024/2025/2026 remain sealed; any post-ETF replication/structural-break test requires separate prospective freeze. Monetization requires a separate application layer.,Canonical branch us-open-volatility-shock-v0.1a-runner22; run 35920465721 SUCCESS; duplicate run 35919992368 SUCCESS with byte-identical receipt blob 94adc4c0fb852f22d31ede73d2eeb1a0efffdf42 (zero extra scientific credit); source bundle sha256 a2b15380cc5cf6e71750db8a9af07abd2086df5dbd183cf96406d51b2746cc70; closeout 8b73e57d62ef731eb931aea457ae1603fb2455a1; technical reproduction receipt 38c77cbed5c9a7a8b6c1c59a36ddeb52b4973e61.,POSITIVE_OR_SURVIVES
53,USOPEN-VOL-002 / USOV-POSTETF-2024-001 — Post-ETF 2024 Replication,VOL,MICRO,Exact 09:30 ET 30m RV replication after spot Bitcoin ETP launch + frozen pre/post structural comparison,POSTETF_2024_EXACT_REPLICATION_FAILS — OPEN/PRE PRESERVED; OPEN/POST FAILS,M4 REPLICATION — EXACT SPEC FAILED,"Test whether the exact pre-ETF U.S.-open volatility concentration persists from 2024-01-11 without changing clock, windows, estimator, universe or gates.","2024 post-ETF: 1,470 symbol-days / 245 dates; OPEN/PRE 1.9908x, bootstrap95 [1.7736,2.2695], 6/6 breadth; OPEN/POST 1.0226x, bootstrap95 [0.9256,1.1348] => confirmatory gate fails. Structural factor vs 2022-2023 1.0133x, bootstrap95 [0.8779,1.1964] => NO_DETECTABLE_SHIFT.","Close exact M4 replication as FAIL. Preserve evidence that OPEN/PRE remains ~2x, but do not retroactively drop OPEN/POST gate. Any persistence/duration hypothesis requires new LAB_ID. 2025/2026 remain sealed; no PnL/live.",Branch us-open-volatility-postetf-2024-v0.1; run 35921872685 SUCCESS; post-ETF source bundle sha256 87c448a6c5d2004cdf4ebd49985365821cb864222247c21b5c4cb78a45c38e86; baseline bundle matched parent a2b15380cc5cf6e71750db8a9af07abd2086df5dbd183cf96406d51b2746cc70; closeout commit bceeb22c8eef246c7cfcb06a713e5c68d898b7f5.,NEGATIVE_SCIENTIFIC
54,USOPEN-PERSIST-001 — U.S. Cash Open Volatility Persistence 2025 OOS,VOL,MICRO,09:30 ET market-open clock -> elevated RV persists into 10:00–10:30 ET vs pre-open baseline,OOS_2025_PERSISTENCE_SURVIVES — MECHANISM SURVIVES / NOT YET TRADING EDGE,M5 OOS/HOLDOUT,"2024 suggested persistence only after the exact OPEN/POST replication failed; 2025 was frozen one-shot OOS. If U.S.-open institutional activity creates a durable volatility regime, 10:00–10:30 ET RV should remain materially above 09:00–09:30 ET.","2025 OOS: 1,500 symbol-days / 250 dates; OPEN/PRE 2.9879x bootstrap95 [2.6468,3.3827]; PERSIST/PRE 2.5828x [2.2895,2.9518]; 6/6 symbols >1.10. PERSIST/OPEN diagnostic 0.8138x [0.7202,0.9113].",Preserve M5 mechanism only. No directional/PnL inference. 10:30–11:00 DECAY/PRE diagnostic 1.9103x is hypothesis-generating only and earns zero promotion credit. Any monetization or later-duration test requires new LAB_ID; 2026 remains sealed.,Branch us-open-persistence-2025-v0.1; run 35956007393 SUCCESS; source bundle sha256 2871ccc7f0496f3fa206c2891a615dbf31cff311eec8624ccd40122bf0291478; closeout commit 90bef74fcc3c2898fd58383b1606c3ae485de214.,POSITIVE_OR_SURVIVES
55,USOPEN-STRADDLE-001 — 09:00→11:00 ET Long ATM Straddle Diagnostic,VOL,EVENT,"U.S.-open volatility persistence -> buy nearest 7–14 DTE BTC ATM straddle at 09:00 ask, exit 11:00 bid",RETROSPECTIVE_PRICE_ONLY_NO_SUPPORT — ZERO PROMOTION CREDIT,M3 DIAGNOSTIC — TERMINAL EXACT IMPLEMENTATION,Test whether the M5 U.S.-open volatility mechanism is economically capturable through a simple long ATM straddle. 2024H1 was already contaminated and therefore diagnostic only.,"134 episodes; mean gross -0.001970 BTC; mean fees 0.001200 BTC; mean base net -0.003170 BTC; PF 0.0777; bootstrap95 [-0.003599,-0.002704]; win rate 8.21%; 0/7 nonnegative month means; stress mean -0.005849 BTC.",Close exact long-vol implementation. Gross was already negative before fees. No short-vol inversion on same 2024 block; no clock/DTE/strike/month rescue. Any opposite-side test must be prospective under new LAB_ID.,Branch us-open-straddle-monetization-v0.1; run 35958059556 SUCCESS; source parquet sha256 6ed2162288d177d3c3a5443456c3fb78ed2c175249f0a0ff1665a5dd9c89800b; closeout commit 37f22fafd4e7c76b5f4778c09459e274ae5756a2.,NEGATIVE_SCIENTIFIC
56,USOPEN-SHORTVOL-FWD-001 — U.S. Open Short-Vol Forward Shadow,VOL,EVENT,Prospective 09:00→11:00 ET BTC ATM 7–14 DTE short straddle using public BBO + displayed size,PUBLIC_BBO_SIZE_SOURCE_PASS — FORWARD PRE-FROZEN / 0 COMPLETED EVENTS,M2 SOURCE — FORWARD SHADOW PREPARED,"Test only prospectively whether U.S.-open option premium exceeds subsequent 2h mark-to-market enough for a short ATM straddle after executable bid→ask fills, fees and stress. Historical inversion forbidden.","Source probe: 48 eligible 7–14 DTE instruments; ATM 84,000 call+put selected; both two-sided BBOs present; displayed sizes far above frozen 0.1 BTC amount. Source run 35958435834 PASS. Collector validation run 35958620020 PASS.","Collect forward only after 2026-09-24 freeze boundary. No adjudication before 30 completed dates. No historical backfill, no live orders, no private endpoints, no capital authority.",Branch us-open-shortvol-forward-v0.1; source receipt run 35958435834; collector validation run 35958620020 SUCCESS; source probe classification PUBLIC_BBO_SIZE_SOURCE_PASS.,PENDING_OR_FORWARD
57,AAVE-HF-CROWDING-001 — Aave Borrower Health-Factor Crowding,CREDIT,FLOW,Prospective borrower liquidation-proximity / health-factor crowding -> credit-stress state,AAVE_V4_BORROWER_POPULATION_SOURCE_PASS — HF_CROWDING_CALIBRATION_COLLECTING / OUTCOMES CLOSED,M2 SOURCE / OUTCOME-BLIND CALIBRATION,Protocol-wide v4 top-borrower health-factor crowding may identify latent on-chain credit stress before liquidation cascades. Distinct from the closed Aave USDC-rate→BTC MVE.,"Population census PASS: 92/92 reserves, 67 with borrow holders, 1,501 holder rows, 1,223 unique borrowers, 0 errors. Day-1 calibration after schema-valid technical fix: 467 sampled borrowers, 467 valid HFs, 100% coverage, primary HF<1.10 crowding 20.77%; diagnostics HF<1.05 14.35%, HF<1.25 32.33%, median HF 1.4725. No outcomes opened.",Continue exactly one outcome-blind snapshot per UTC day. Need >=30 valid daily snapshots and median HF coverage >=80%; then freeze nearest-rank q90 of HF<1.10 crowding before any liquidation/market outcome is opened. No q80/q95 rescue.,Branch aave-health-factor-crowding-v0.1; source 35963878052; schema 35979351196; population 35979591813; canonical Day-1 calibration 35980119507; Day-1 receipt commit 1a1e49f3f047580a2224badb6d5b6f17f070559e.,PENDING_OR_FORWARD
58,BINANCE-COLLATERAL-HAIRCUT-001 — Portfolio Margin Collateral-Ratio Shock,ACCESS,EVENT,Signed collateral-capacity shock: sign(after-before) × asset-vs-BTC 24h market-adjusted return,DISCOVERY_NO_SIGNAL — CLOSED / NO RESCUE,M3 DISCOVERY — TERMINAL,Portfolio Margin collateral-ratio increases loosen collateral capacity while decreases tighten it; pre-frozen signed hypothesis tested whether this access shock transmits to relative price.,"Source PASS: 5 official 2024 clusters / 36 asset-events / 32 assets. Discovery: 27 analyzable / 5 clusters; mean signed MAR24 -1.1242%; bootstrap95 [-3.0018%, +0.5135%]; sign p=0.779; loosening mean -1.7752%; every leave-one-cluster-out mean negative.","Archive exact hypothesis. No sign inversion, tightening-only rescue, horizon/asset/subperiod/BTC-control change. 2025/2026 remain sealed; no PnL/live layer.",Branch binance-collateral-haircut-v0.1; source gate run 35987028847 PASS; Discovery run 35987191375 SUCCESS; source bundle 3f703e523494a7f2a7bbb05859fa823f278edac71e0b9f4184a35124e4a8a8d0; closeout af8672e7e1f83c1db4e83424db98267476abffd1.,NEGATIVE_SCIENTIFIC
59,WBTC-BTC-PEG-REVERSION-001 — Wrapped BTC Discount Reversion,MR,RV,Direct WBTCBTC discount-crossing reversion with 1:1 BTC backing anchor; 50 bps threshold / 24h hold / 20–30 bps hurdles,DISCOVERY_INSUFFICIENT_SAMPLE — CLOSED EXACT V0.1 / 2024 OOS SEALED,M3 DISCOVERY — TERMINAL EXACT V0.1,WBTC's 1:1 BTC backing and merchant/custodian redemption machinery create an economic convergence anchor distinct from generic technical MR.,"Source PASS across 2022–2024 archive controls. Discovery 2022–23 produced only 6 non-overlap signals (6 in 2022, 0 in 2023) vs >=30 gate. Diagnostics: mean gross +13.74 bps, base net -6.26 bps, stress -16.26 bps, PF 0.232, bootstrap crosses zero, 0% touched 0.999 within 24h.","Do not consume 2024 OOS; no threshold reduction, cross-rate substitution, liquidity-filter loosening, premium-side inversion, horizon/cost rescue. Exact V0.1 closed as insufficient sample, not NO_EDGE.",Branch wbtc-btc-peg-reversion-v0.1; source run 35987768556 PASS; Discovery run 35987933949 SUCCESS; source bundle 3863cf3ebe4f3286f1bc2ce95b685f98a5045f39441e7c50517e3369aeb05694; closeout 05e4e3f6a0639e4514587456ade7997a55f8282d.,INSUFFICIENT_SAMPLE
60,INFORMATION-PROPAGATION-GRAPH-001,LEADLAG,MICRO,Asynchronous multi-surface state-transition graph: options → perp → microstructure → spot; event-time + jitter/null controls,SOURCE_PARTIAL — HISTORICAL CORE BLOCKED / FORWARD REQUIRED / METHOD PASS / DRAFT PR #89,M2 SOURCE + METHOD — CORE FORWARD COLLECTION REQUIRED,"OpenMarket negative-control reproduces exact 2,936,031-pair timing distribution and proves clock-offset sensitivity; Binance 2024 spot+USD-M historical archives pass checksum/timestamp fixture.",Official Deribit public history cannot reconstruct the frozen 2024 OPTIONS_STATE surface; current expired inventory is retention-limited and old option/mark rows are absent. Binance USD-M live stream also blocked in GitHub-hosted runner.,"Do not run 2024 core Discovery or substitute generic perp→spot. Obtain official Binance USD-M forward stream in an authorized non-timing-distorting environment, then pass frozen >=24h collector-valid gate.",Historical core closeout: HISTORICAL_CORE_SOURCE_BLOCKED / FORWARD_COLLECTION_REQUIRED_FOR_OPTIONS_GRAPH; edge NOT TESTED. OpenMarket NEGATIVE_CONTROL_PASS/CLOCK_OFFSET_SENSITIVE. No live/merge.,BLOCKED_OR_TECHNICAL
61,LIQUIDATION-CONVEXITY-ORACLE-DISTANCE-001,CREDIT,MICRO,Oracle shock → borrower revaluation → newly liquidation-eligible debt curve / first- and second-difference convexity,FORWARD_OBSERVATION_002 PASS — SERIES 2/30 / 2/21 DAYS — PROVENANCE CHAIN PASS / CORE LOCK ACTIVE / DRAFT PR #91,M2 FORWARD MECHANISM — OUTCOME-BLIND SERIES ACCUMULATING,"Observation #002 remains PASS at block 26,060,405 with 2,244/2,244 included and 100% count/debt coverage. Forward provenance chain now PASS for 2/2 canonical snapshots: #001 adjudicated-equivalence, #002 direct-code-SHA; both snapshot self-hashes recompute exactly. Frozen scientific-core fingerprint = 2c2f14706348….","ZERO EDGE CREDIT: market returns, liquidation outcomes, direction, PnL and trading remain CLOSED. Scientific-core lock is enforced before preflight and again at selected code SHA; any core drift fails closed. Predictor-only review is chained behind provenance PASS and currently returns ACCUMULATION_GATE_NOT_READY / metrics_opened=false.","Wait for canonical #003 and continue toward >=30 observations across >=21 UTC days. The future predictor-only review method is already pre-registered over the full 9-point vector, all slopes and curvatures; no shock-point selection, outcome opening or post-hoc metric choice is permitted before the frozen gate.",Hardening PASS: core-lock run #36261426037; provenance adjudication run #36261486161; full provenance chain run #36261641014; operational health run #36261715593 = HEALTHY_CANONICAL_DAY_PRESENT; predictor+provenance gate run #36261760771 PASS. Recovery health PR #109 merged to main as 03361679…; active-file TODO/FIXME/TBD scan = none; PR #91 remains DRAFT.,PENDING_OR_FORWARD
62,CROSSCHAIN-LIQUIDITY-MIGRATION-001 / CCLM-CCTP-USDC-001,FLOW,LEADLAG,Circle CCTP native USDC burn/message/mint pairing → directional cross-chain capital migration,NO_EDGE_DISCOVERY — OOS/HOLDOUT SEALED / DRAFT PR #92,M3 DISCOVERY CLOSED — SOURCE PIPELINE RETAINED,"Completed CCTP V1 flow source is reproducible (7,397 canonical settlements), but the frozen 4h AVAX/BTC response did not beat the 10,000-permutation raw-flow monthly-shift null.","Primary observed mean signed 4h relative log return = 0.0016586895; null >= observed in 6,205/10,000 permutations; empirical p=0.6205379462. Positive 12h/24h values are secondary only and cannot rescue.",STOP predictive child CCLM-CCTP-SETTLED-FLOW-002. Do not open 2024-H1 OOS or protected 2024-H2 holdout. No threshold/horizon/sign/date/null rescue. Retain source pipeline only for genuinely independent future hypotheses frozen pre-outcome.,CCLM-002 = NO_EDGE_DISCOVERY; 89 independent triggers; p=0.6205379462; OOS=false; holdout=false; Discovery receipt commit 806409d7…; closeout commit 626d86b1…; PR #92 DRAFT.,NEGATIVE_SCIENTIFIC
63,CMM-001 — Cross-Market Mispricing,RV,MACRO,"cross-market state divergence / convergence across BTC spot, options, rates and stablecoin liquidity",INSUFFICIENT_SAMPLE — STATIC FADE CLOSED / NEGATIVE ECONOMIC LEAN,M3 DISCOVERY — INSUFFICIENT SAMPLE,Independent markets can encode information at different speeds; an extreme spot-vs-nonspot state gap may later converge.,"Source Gate passed, but 2024 had only 4 events versus frozen minimum 8 and pooled economics were negative (N=35, mean NET10 -32.8199 bps, PF 0.8205). CMM-MECH-001 then confirmed proxy contamination: among state-space SPOT_LED cases, roll-off exceeded the actual BTC move in 80.95% at 3d and 84.62% at 7d; actual BTC moved against the supposed closure in 47.62% and 42.31%, respectively.",CLOSE exact CMM-001 static-fade path and RETIRE trailing-7d S-state as a direct price-mispricing proxy. No threshold/component/horizon/cost rescue. Any successor must use actual contemporaneous price/residual mechanics under a new LAB_ID and fresh pre-outcome freeze; CMM-RM/CMM-MECH remain diagnostics only.,Source/Data Gate V0.2 run 36111573403 PASS 5/5; terminal Discovery repair run 36108372138; roll-off audit run 36113306142 SUCCESS / zero-PnL diagnostic; event-ledger SHA256 8c79b4287d5a0bc7ab263b856b56bded638d75e2ea14c25434156a4eb20909d8; Drive closeout 1jEAzSvQDbwM7H5PGLgvfJgpFjoEM8ej1sqOVC8aLrjk.,INSUFFICIENT_SAMPLE
64,CMM-DRV-001 — Dynamic Cross-Market Resolution,RV,LEADLAG,extreme divergence -> wait 24h -> spot-led shrinking-gap confirmation -> frozen 48h continuation,INSUFFICIENT_SAMPLE — 2025 ONE-SHOT N=3 / 0 WINS / STRONGLY NEGATIVE LEAN — CLOSED,M5 OOS/HOLDOUT — INSUFFICIENT SAMPLE,"If spot has genuinely begun to capitulate toward the non-spot consensus, that adjustment might continue after confirmation rather than requiring an immediate contrarian entry.","2025 source firewall passed and 9 initial cycles were identified, but only 3 confirmed and all 3 lost: mean NET10 -136.6528 bps, median -138.9890, PF 0, 0/3 positive. Mechanism audit also showed one of the three confirmations had actual BTC price moving against the claimed first-day closure, with roll-off larger than the actual move.",CLOSE exact CMM-DRV-001 child; no confirmation/direction/month/horizon/cost rescue and no 2026 historical opening. Preserve the three losses. Retire the parent rolling-return spot-state for new mispricing work; any successor requires actual-price/residual definition plus new prospective authority.,Authority commit 42070887e09aee0560522c4d1f1b809804cf82f1; 2025 one-shot run 36112980562 SUCCESS; roll-off audit run 36113306142 SUCCESS; Deribit O_raw coverage 362/365 with 0 errors/truncation; 2026 historical holdout remains sealed.,INSUFFICIENT_SAMPLE
65,CMM-PR-001 — Cross-Market Price Residual,RV,MACRO,causal 365-valid-day OLS of direct BTC 24h return on O_z/R_z/L_z -> residual z -> next-24h mean-reversion test,DEV_MECHANISM_FAIL — EXACT PRICE-RESIDUAL CONVERGENCE CLOSED / NO FORWARD,M3 DEVELOPMENT / MECHANISM — TERMINAL / ZERO PROMOTION CREDIT,"A direct BTC price move that is unusually strong/weak relative to contemporaneous options, rates and stablecoin information could represent a temporary cross-market overshoot.","N=1,035 causal observations contradicted mean reversion: beta +6.1716 bps per residual-z versus expected <0; Spearman +0.007432; mean MR gross -8.5471 bps/day and NET10 diagnostic -18.5471. Bootstrap p95 +15.6521; 2023 and 2024 beta positive, only 2025 negative.","CLOSE exact CMM-PR-001 V0.1. No 180/365-window, feature, threshold, direction, clock or horizon rescue. Do not launch forward. 2026 remains sealed. Any future cross-market work must use a materially different economic observable, not another cosmetic composite of the same states.","Authority freeze commit 4c06dd154fe95cd24f3a91ec1c6e073a35deca76; development run 36114311971 SUCCESS; source PASS with 61 checksum-verified Binance Spot archives / 1,826 state dates / 100% 17h+18h coverage; 2026 not accessed.",NEGATIVE_SCIENTIFIC
66,RETH-NAV-DISLOCATION-001 — rETH Protocol NAV Dislocation,MR,RV,Rocket Pool rETH backing-rate NAV vs canonical Uniswap V3 rETH/WETH spot; signed predictor d = market/NAV - 1 with protocol totalCollateral retained as source state,CLOSED — DISCOVERY_PREDICTOR_INSUFFICIENT_SAMPLE / 0 EVENTS / OUTCOMES NEVER OPENED,"TERMINAL CLOSEOUT — SOURCE + CENSUS PASS, SAMPLE GATE FAIL","V0.1C transport equivalence PASS; predictor census PASS 556/556 with 0 invalid. Frozen nearest-rank q05 ≈ -0.7390227%, q95 ≈ +0.5729902%. Discovery predictor grid 139/139 valid, zero source errors, but all 139 states were NEUTRAL; observed range ≈ -0.5830317% to +0.0635364%, entirely inside the frozen extreme band.","TERMINAL / ZERO EDGE CREDIT. Transition events = 0; discount events = 0; premium events = 0. Per pre-frozen no-rescue tree, no widening thresholds, changing cadence/pool, dropping a tail, or opening outcomes is allowed. Mechanism Discovery, returns, PnL, OOS and protected holdout were NEVER opened.",Exact lab closed. Do not reopen or rescue. Only a genuinely distinct pre-frozen child with a different economic mechanism may be considered in future.,"Verified 2026-09-27: run #36267764426 SUCCESS; exact grids/formulas/quantiles and 0 entries reproduced from stored predictor rows. PR #111 CLOSED, unmerged. CLOSEOUT_V0.1.md + CLOSEOUT_RECEIPT_V0.1.json.",INSUFFICIENT_SAMPLE
67,CBBTC-ETH-MINT-BURN-FLOW-001 — Ethereum cbBTC Creation/Redemption Flow,FLOW,SUPPLY,Official Ethereum cbBTC zero-address ERC-20 mint/burn flow; daily signed net creation/redemption normalized by prior circulating supply,TECHNICAL_SOURCE_TRANSPORT_BLOCKED — GATE NOT EVALUATED / V0.1G FULL TIMEOUT-HARDENED RETRY QUEUED / DRAFT PR #114,M2 SOURCE — PRE-GATE TRANSPORT REMEDIATION,"cbBTC identity PASS (cbBTC / 8 decimals). Authoritative #36276732156 was intentionally cancelled pre-Gate after hours stalled inside Source Gate with no receipt/window evidence persisted. V0.1F added explicit 30s timeout/raw JSON-RPC to source boundary/getLogs transport but was superseded before execution. Static audit then found the downstream full census still had unbounded network calls; V0.1G hardens those calls too without changing contract, windows, topics, census dates or gates.","ZERO EDGE CREDIT. No valid SOURCE_PASS/SOURCE_BLOCKED verdict yet. No mint/burn census, BTC/cbBTC price outcomes, direction, PnL or 2026 data opened by the cancelled runs. An evaluated SOURCE_BLOCKED remains terminal only after source_gate_evaluated=true.",Current single valid run #36286148021 executes the exact frozen source → full outcome-blind census → q10/q90 calibration → H2-2025 transition sample gate → conditional 2025 BTC Discovery chain. Accept each frozen verdict exactly; no threshold/window/horizon rescue. 2026 stays CLOSED.,Branch cbbtc-eth-mint-burn-flow-001-source-gate-v01; V0.1F source patch e6b42806…; V0.1G full-census transport patch b1f041e4…; V0.1G trigger head e0c4afef…; run #36286148021 QUEUED; PR #114 DRAFT / NO MERGE.,BLOCKED_OR_TECHNICAL
68,DUAL-LST-RV-001 — rETH / wstETH Relative Protocol-NAV,RV,MR,Direct Uniswap V3 rETH/wstETH market vs two independent protocol anchors: Rocket Pool ETH/rETH and Lido protocol-accounting ETH/wstETH; common ETH numeraire must be proven on-chain via stETH totalSupply == getTotalPooledEther.,CLOSED — SOURCE_BLOCKED / DIRECT POOL LIQUIDITY GATE FAIL / OUTCOMES NEVER OPENED,TERMINAL CLOSEOUT — SOURCE GATE FAIL / ZERO PROMOTION CREDIT,"Authoritative V0.1B source run proved the common protocol-accounting ETH numeraire and exact rETH + wstETH protocol methods, but no direct rETH/wstETH Uniswap V3 pool satisfied the frozen requirement of positive liquidity at all four sentinels. Fee-500 pool was valid at only 2/4 sentinels; fee-3000 was valid at 0/4. At block 24,000,000 and the finalized block, both direct pools had zero liquidity.","ZERO EDGE CREDIT. This is a legitimate SOURCE_BLOCKED verdict, not a transport failure. Predictor census, q10/q90, Discovery sample, mechanism outcomes, market returns, OOS, holdout and PnL were never opened. Synthetic rETH/ETH ÷ wstETH/ETH rescue remains forbidden.",Close exact DUAL-LST-RV-001. Do not switch pool/venue or synthesize the ratio inside this LAB_ID. Any future child must be a genuinely distinct pre-frozen economic/source design.,Run #36277086380 completed with SOURCE_BLOCKED and persisted DUAL_LST_RV_001_SOURCE_GATE_RECEIPT_V0.1B.json + CLOSEOUT_V0.1.md / CLOSEOUT_RECEIPT_V0.1.json on branch head 6ff56fc4…. No merge.,BLOCKED_OR_TECHNICAL