Candidate / clue,Evidence class,Information primitive,Who/what pays or creates pressure,Horizon,Economic / mechanism evidence,Independent evidence,Execution state,Main fragility,Meta lesson
BNB-LAUNCHPOOL-DEMAND-001,TIER2_ECONOMIC,Official Launchpool utility event,BNB utility demand + pre-positioning,24h,N66 BASE +80.1639bps PF1.6727; RT006 V2 asset-control +163.963bps/event PF3.034,3 disjoint blocks incl 2025 OOS,Shadow / event authority gated,tail dependence; pre-positioning; volatility/regime,"Large effect + real event pressure, but causality needs adversarial controls"
ETF-CME-INSTFLOW-001,TIER2_ECONOMIC,Institutional positioning delta,slow institutional inventory/positioning,days-weeks,2025 BASE +11.40bps PF1.0572; STRESS +1.60bps PF1.0078,2025 independent OOS,Forward shadow,thin economics; influential trade,Slow information can survive despite thin edge
OPTIONS-SPOTPERP-001-V2.1,TIER2_ECONOMIC,Options/spot-perp relative state,hedging / derivative dislocation,1d,N363 BASE10 +5.0428bps PF1.0692; STRESS20 -4.6759bps PF0.9402,2025 independent OOS,Forward shadow,cost/stress sensitivity,Direct RV can work but friction dominates tail of evidence
CED1D-0031 AVAX20,TIER2_ECONOMIC,20D price momentum,persistent directional price state,20D state / daily execution,N357 BASE14 +8.5507bps PF1.0477; STRESS20 +2.5507bps,2025 independent OOS,bookDepth capacity 710/714; shadow,p=.401; CI crosses zero; LOMO/neighbour fail,Price-only exception: possible but fragile and needs strong OOS/execution proof
L2-RESILIENCY-001,MECHANISM_VALIDATED,L2 replenishment after sweep,liquidity providers / informed pressure,1s-60s,+0.582609bps weak-minus-strong; all 6 cells positive; 12/12 months positive,2025 validation PASS,standard-fee taker/passive routes closed,effect too small for fees,Real mechanism can be economically unusable
CIRV-HAR-DOW-BTCETH-001,FORECAST_VALIDATED,realized-vol + weekday state,volatility persistence / calendar structure,1d,forecast-loss improvement survives holdout,2025 holdout + Spot replication,first vol-target translation failed,monetization mapping,Forecast skill != economic edge
USOPEN-PERSIST-001,MECHANISM_VALIDATED,U.S. cash-open clock + RV,institutional/session activity,30-90m,PERSIST/PRE 2.5828x; 6/6 symbols,2025 untouched OOS,long straddle translation failed; short-vol forward only,instrument/side translation,Structural clock can be real while trade implementation is wrong
BTC Options VRP / DVOL,MECHANISM_SUPPORTED,implied vs realized variance,volatility risk premium / hedging demand,days-weeks,parent VRP Discovery exists,not enough executable BBO history,source/access blocked,quote/size history,Solve execution source before spending more outcomes
ETH-BLOCKSPACE-DEMAND-001,POLICY_CASUALTY_EXACT_CLOSED,base-fee burn + gas utilization,protocol demand / supply burn,24h,N112 BASE +30.5959bps PF1.2898; STRESS +20.5959bps PF~1.186,no OOS opened under exact lineage,exact historical MVE closed,uncertainty gates,"Positive economics are clues, not permission to resurrect"
TFG-PBR01-4H-001,INSUFFICIENT_POLICY_CASUALTY,4H pullback/breakout state,price persistence,4H,N87 BASE +0.1336R PF1.197; STRESS +0.0886R PF1.131,insufficient exact sample,closed insufficient,N<100; wide CI,Do not confuse insufficient with NO_EDGE
HTF-DH03-12H-STANDALONE-FORWARD-V1,PROSPECTIVE_UNRESOLVED,12H Donchian + ATR,higher-timeframe persistence,12H,historical sibling evidence supportive; standalone has no resolved prospective sample yet,forward required,collector/source ready,prospective sample fragility,Separate identity prevents post-hoc sibling substitution
AAVE-HF-CROWDING-001,PROSPECTIVE_UNRESOLVED,borrower health-factor distribution,borrower liquidation proximity,daily state,source/population pass; outcome-blind calibration,not opened,calibration only,threshold must freeze before outcomes,Strong causal primitive; zero edge credit until outcome gate
LIQUIDATION-CONVEXITY-ORACLE-DISTANCE-001,PROSPECTIVE_UNRESOLVED,oracle shock -> liquidation-eligible debt curve,forced deleveraging potential,snapshot / event,provenance chain pass; accumulating 2/30,not opened,outcome blind,sample accumulation,Direct forced-flow geometry is a high-value frontier