event_id,symbol,settleTime,fundingRate
SEP11_2026_CPI,XAU_USDT,1789214400000,0.0
SEP11_2026_CPI,XAU_USDT,1789200000000,0.0
SEP11_2026_CPI,XAU_USDT,1789185600000,0.0
SEP11_2026_CPI,XAU_USDT,1789171200000,0.0
SEP11_2026_CPI,XAU_USDT,1789156800000,0.00017
SEP11_2026_CPI,XAU_USDT,1789142400000,0.000111
SEP11_2026_CPI,XAU_USDT,1789128000000,8.5e-05
SEP11_2026_CPI,XAU_USDT,1789113600000,2.7e-05
SEP11_2026_CPI,XAU_USDT,1789099200000,7.4e-05
SEP11_2026_CPI,XAU_USDT,1789084800000,8.9e-05
SEP11_2026_CPI,XAU_USDT,1789070400000,0.000103
SEP11_2026_CPI,XAU_USDT,1789056000000,2.9e-05
SEP11_2026_CPI,XAU_USDT,1789041600000,6.7e-05
SEP11_2026_CPI,XAUT_USDT,1789214400000,2e-06
SEP11_2026_CPI,XAUT_USDT,1789200000000,5e-05
SEP11_2026_CPI,XAUT_USDT,1789185600000,-2.5e-05
SEP11_2026_CPI,XAUT_USDT,1789171200000,3.1e-05
SEP11_2026_CPI,XAUT_USDT,1789156800000,1.7e-05
SEP11_2026_CPI,XAUT_USDT,1789142400000,5e-05
SEP11_2026_CPI,XAUT_USDT,1789128000000,1e-05
SEP11_2026_CPI,XAUT_USDT,1789113600000,2.9e-05
SEP11_2026_CPI,XAUT_USDT,1789099200000,2.7e-05
SEP11_2026_CPI,XAUT_USDT,1789084800000,-3.1e-05
SEP11_2026_CPI,XAUT_USDT,1789070400000,-2.8e-05
SEP11_2026_CPI,XAUT_USDT,1789056000000,5e-06
SEP11_2026_CPI,XAUT_USDT,1789041600000,5e-05
SEP11_2026_CPI,SILVER_USDT,1789214400000,0.0
SEP11_2026_CPI,SILVER_USDT,1789200000000,0.0
SEP11_2026_CPI,SILVER_USDT,1789185600000,0.0
SEP11_2026_CPI,SILVER_USDT,1789171200000,0.0
SEP11_2026_CPI,SILVER_USDT,1789156800000,9.5e-05
SEP11_2026_CPI,SILVER_USDT,1789142400000,8e-05
SEP11_2026_CPI,SILVER_USDT,1789128000000,8e-05
SEP11_2026_CPI,SILVER_USDT,1789113600000,0.0
SEP11_2026_CPI,SILVER_USDT,1789099200000,7.5e-05
SEP11_2026_CPI,SILVER_USDT,1789084800000,0.000115
SEP11_2026_CPI,SILVER_USDT,1789070400000,0.000163
SEP11_2026_CPI,SILVER_USDT,1789056000000,7.7e-05
SEP11_2026_CPI,SILVER_USDT,1789041600000,0.0
SEP16_2026_FOMC,XAU_USDT,1789660800000,9e-06
SEP16_2026_FOMC,XAU_USDT,1789646400000,6e-06
SEP16_2026_FOMC,XAU_USDT,1789632000000,0.0
SEP16_2026_FOMC,XAU_USDT,1789617600000,0.0
SEP16_2026_FOMC,XAU_USDT,1789603200000,0.000121
SEP16_2026_FOMC,XAU_USDT,1789588800000,0.000164
SEP16_2026_FOMC,XAU_USDT,1789574400000,4.4e-05
SEP16_2026_FOMC,XAU_USDT,1789560000000,0.0
SEP16_2026_FOMC,XAU_USDT,1789545600000,0.0
SEP16_2026_FOMC,XAU_USDT,1789531200000,0.0
SEP16_2026_FOMC,XAU_USDT,1789516800000,8e-06
SEP16_2026_FOMC,XAU_USDT,1789502400000,2.6e-05
SEP16_2026_FOMC,XAUT_USDT,1789660800000,3.2e-05
SEP16_2026_FOMC,XAUT_USDT,1789646400000,5e-05
SEP16_2026_FOMC,XAUT_USDT,1789632000000,5e-05
SEP16_2026_FOMC,XAUT_USDT,1789617600000,4.9e-05
SEP16_2026_FOMC,XAUT_USDT,1789603200000,-2e-05
SEP16_2026_FOMC,XAUT_USDT,1789588800000,3.9e-05
SEP16_2026_FOMC,XAUT_USDT,1789574400000,5e-05
SEP16_2026_FOMC,XAUT_USDT,1789560000000,1.5e-05
SEP16_2026_FOMC,XAUT_USDT,1789545600000,-1.4e-05
SEP16_2026_FOMC,XAUT_USDT,1789531200000,5e-05
SEP16_2026_FOMC,XAUT_USDT,1789516800000,2.1e-05
SEP16_2026_FOMC,XAUT_USDT,1789502400000,5e-05
SEP16_2026_FOMC,SILVER_USDT,1789660800000,0.0
SEP16_2026_FOMC,SILVER_USDT,1789646400000,0.0
SEP16_2026_FOMC,SILVER_USDT,1789632000000,0.0
SEP16_2026_FOMC,SILVER_USDT,1789617600000,0.0
SEP16_2026_FOMC,SILVER_USDT,1789603200000,0.0
SEP16_2026_FOMC,SILVER_USDT,1789588800000,1.8e-05
SEP16_2026_FOMC,SILVER_USDT,1789574400000,0.0
SEP16_2026_FOMC,SILVER_USDT,1789560000000,0.0
SEP16_2026_FOMC,SILVER_USDT,1789545600000,0.0
SEP16_2026_FOMC,SILVER_USDT,1789531200000,0.0
SEP16_2026_FOMC,SILVER_USDT,1789516800000,0.0
SEP16_2026_FOMC,SILVER_USDT,1789502400000,8e-06
