event_id,symbol,metric,pre_restore_median,post_restore_median,compression_ratio
SEP11_2026_CPI,XAU_USDT,abs_last_index_bps,5.06806011321137,5.569766528843445,-0.09899377758449068
SEP11_2026_CPI,XAU_USDT,abs_fair_index_bps,1.527360582063153,5.111690539552627,-2.346747716015935
SEP11_2026_CPI,XAUT_USDT,abs_last_index_bps,5.3066309814964185,3.4459936158248716,0.35062497696926065
SEP11_2026_CPI,XAUT_USDT,abs_fair_index_bps,3.2408907819814203,2.750401105939271,0.15134409304045515
SEP11_2026_CPI,SILVER_USDT,abs_last_index_bps,4.69263256687058,5.419874633878496,-0.15497528447936815
SEP11_2026_CPI,SILVER_USDT,abs_fair_index_bps,1.5656802880870124,3.114052330237538,-0.9889452233203786
SEP16_2026_FOMC,XAU_USDT,abs_last_index_bps,2.974495431036228,5.160479354932024,-0.7349091550408811
SEP16_2026_FOMC,XAU_USDT,abs_fair_index_bps,3.3999366270331954,4.1547257072671595,-0.2220009262033209
SEP16_2026_FOMC,XAUT_USDT,abs_last_index_bps,5.079423716290998,5.2049680220001004,-0.024716249858512507
SEP16_2026_FOMC,XAUT_USDT,abs_fair_index_bps,4.156371949107784,3.8178058843341134,0.08145711426195823
SEP16_2026_FOMC,SILVER_USDT,abs_last_index_bps,6.234413965087171,7.810846684799255,-0.25285980824182275
SEP16_2026_FOMC,SILVER_USDT,abs_fair_index_bps,3.114779629342923,4.7080997837378735,-0.5115354355682198
SEP11_2026_CPI,XAU_XAUT_PAIR,abs_basis_dev_bps,10.977637691701458,7.319465888409038,0.3332385259952434
SEP16_2026_FOMC,XAU_XAUT_PAIR,abs_basis_dev_bps,3.473155455212538,2.764793444330895,0.20395344234261903
