ts,utc,window,xau_last,xaut_last,xau_xaut_basis_bps,basis_dev_from_pre_bps,abs_basis_dev_bps
1789578000,2026-09-16 17:00:00+00:00,PRE,4351.75,4342.8,20.608823800312148,-2.3228797949192987,2.3228797949192987
1789578060,2026-09-16 17:01:00+00:00,PRE,4350.14,4341.1,20.824215060699647,-2.1074885345318,2.1074885345318
1789578120,2026-09-16 17:02:00+00:00,PRE,4350.11,4341.1,20.75510815231052,-2.1765954429209273,2.1765954429209273
1789578180,2026-09-16 17:03:00+00:00,PRE,4350.64,4341.4,21.283456949372503,-1.6482466458589435,1.6482466458589435
1789578240,2026-09-16 17:04:00+00:00,PRE,4350.97,4341.7,21.351083676901528,-1.5806199183299192,1.5806199183299192
1789578300,2026-09-16 17:05:00+00:00,PRE,4351.76,4342.0,22.47812068171484,-0.4535829135166054,0.4535829135166054
1789578360,2026-09-16 17:06:00+00:00,PRE,4350.77,4341.6,21.121245623734186,-1.8104579714972608,1.8104579714972608
1789578420,2026-09-16 17:07:00+00:00,PRE,4349.76,4340.5,21.33394770187813,-1.597755893353316,1.597755893353316
1789578480,2026-09-16 17:08:00+00:00,PRE,4350.0,4340.5,21.886879391774805,-1.044824203456642,1.044824203456642
1789578540,2026-09-16 17:09:00+00:00,PRE,4349.66,4340.5,21.103559497752666,-1.8281440974787806,1.8281440974787806
1789578600,2026-09-16 17:10:00+00:00,PRE,4349.6,4340.1,21.88889656920434,-1.0428070260271056,1.0428070260271056
1789578660,2026-09-16 17:11:00+00:00,PRE,4348.96,4339.8,21.106963454535776,-1.8247401406956705,1.8247401406956705
1789578720,2026-09-16 17:12:00+00:00,PRE,4348.47,4339.3,21.132440716244982,-1.7992628789864646,1.7992628789864646
1789578780,2026-09-16 17:13:00+00:00,PRE,4348.84,4340.0,20.368663594469982,-2.5630400007614647,2.5630400007614647
1789578840,2026-09-16 17:14:00+00:00,PRE,4350.11,4340.6,21.909413445144743,-1.0222901500867039,1.0222901500867039
1789578900,2026-09-16 17:15:00+00:00,PRE,4350.3,4340.8,21.885366752671942,-1.046336842559505,1.046336842559505
1789578960,2026-09-16 17:16:00+00:00,PRE,4351.11,4341.9,21.211911835832264,-1.7197917593991825,1.7197917593991825
1789579020,2026-09-16 17:17:00+00:00,PRE,4350.43,4341.5,20.568927789934577,-2.36277580529687,2.36277580529687
1789579080,2026-09-16 17:18:00+00:00,PRE,4350.27,4342.0,19.04652233993609,-3.8851812552953575,3.8851812552953575
1789579140,2026-09-16 17:19:00+00:00,PRE,4351.11,4342.0,20.981114693687797,-1.9505889015436502,1.9505889015436502
1789579200,2026-09-16 17:20:00+00:00,PRE,4350.24,4341.3,20.59290995784613,-2.3387936373853186,2.3387936373853186
1789579260,2026-09-16 17:21:00+00:00,PRE,4349.53,4340.0,21.95852534562226,-0.9731782496091874,0.9731782496091874
1789579320,2026-09-16 17:22:00+00:00,PRE,4349.41,4339.8,22.14387759804426,-0.7878259971871877,0.7878259971871877
1789579380,2026-09-16 17:23:00+00:00,PRE,4349.84,4339.9,22.903753542709016,-0.027950052522431434,0.027950052522431434
1789579440,2026-09-16 17:24:00+00:00,PRE,4350.72,4340.9,22.622036904791365,-0.309666690440082,0.309666690440082
1789579500,2026-09-16 17:25:00+00:00,PRE,4352.01,4341.6,23.977335544498324,1.0456319492668769,1.0456319492668769
1789579560,2026-09-16 17:26:00+00:00,PRE,4352.37,4342.4,22.959653647753875,0.027950052522427882,0.027950052522427882
1789579620,2026-09-16 17:27:00+00:00,PRE,4352.27,4341.4,25.038006173125904,2.106302577894457,2.106302577894457
1789579680,2026-09-16 17:28:00+00:00,PRE,4352.58,4342.2,23.90493298328078,0.973229388049333,0.973229388049333
1789579740,2026-09-16 17:29:00+00:00,PRE,4353.22,4342.4,24.917096536478667,1.9853929412472198,1.9853929412472198
1789579800,2026-09-16 17:30:00+00:00,PRE,4354.0,4343.6,23.94327286121989,1.0115692659884417,1.0115692659884417
1789579860,2026-09-16 17:31:00+00:00,PRE,4352.95,4342.3,24.52617276558433,1.594469170352884,1.594469170352884
1789579920,2026-09-16 17:32:00+00:00,PRE,4354.14,4343.7,24.034809033774973,1.1031054385435262,1.1031054385435262
1789579980,2026-09-16 17:33:00+00:00,PRE,4356.22,4345.2,25.36131823621668,2.429614640985232,2.429614640985232
1789580040,2026-09-16 17:34:00+00:00,PRE,4355.33,4345.2,23.313081100986288,0.3813775057548412,0.3813775057548412
1789580100,2026-09-16 17:35:00+00:00,PRE,4354.52,4343.8,24.67885261752345,1.7471490222920032,1.7471490222920032
1789580160,2026-09-16 17:36:00+00:00,PRE,4353.41,4342.3,25.585519194895046,2.6538155996635986,2.6538155996635986
1789580220,2026-09-16 17:37:00+00:00,PRE,4353.41,4342.3,25.585519194895046,2.6538155996635986,2.6538155996635986
1789580280,2026-09-16 17:38:00+00:00,PRE,4352.13,4341.6,24.253731343282237,1.3220277480507896,1.3220277480507896
1789580340,2026-09-16 17:39:00+00:00,PRE,4350.4,4340.4,23.03935121187095,0.10764761663950395,0.10764761663950395
1789580400,2026-09-16 17:40:00+00:00,PRE,4350.79,4340.4,23.93788590913326,1.0061823139018138,1.0061823139018138
1789580460,2026-09-16 17:41:00+00:00,PRE,4351.32,4340.7,24.466099937798802,1.534396342567355,1.534396342567355
1789580520,2026-09-16 17:42:00+00:00,PRE,4351.15,4341.0,23.381709283574192,0.45000568834274546,0.45000568834274546
1789580580,2026-09-16 17:43:00+00:00,PRE,4349.98,4339.9,23.226341620774527,0.2946380255430796,0.2946380255430796
1789580640,2026-09-16 17:44:00+00:00,PRE,4349.92,4339.5,24.01198294734508,1.0802793521136316,1.0802793521136316
1789580700,2026-09-16 17:45:00+00:00,PRE,4349.79,4339.7,23.25045510058299,0.3187515053515426,0.3187515053515426
1789580760,2026-09-16 17:46:00+00:00,PRE,4350.6,4339.5,25.578983753888895,2.6472801586574484,2.6472801586574484
1789580820,2026-09-16 17:47:00+00:00,PRE,4349.17,4338.6,24.362697644400022,1.430994049168575,1.430994049168575
1789580880,2026-09-16 17:48:00+00:00,PRE,4351.12,4339.5,26.7772784883058,3.845574893074353,3.845574893074353
1789580940,2026-09-16 17:49:00+00:00,PRE,4350.76,4339.3,26.409789597401367,3.4780860021699205,3.4780860021699205
1789581000,2026-09-16 17:50:00+00:00,RESTRICTED_PRE,4350.73,4339.4,26.109600405586075,3.1778968103546283,3.1778968103546283
1789581060,2026-09-16 17:51:00+00:00,RESTRICTED_PRE,4352.47,4340.9,26.653458960124166,3.7217553648927186,3.7217553648927186
1789581120,2026-09-16 17:52:00+00:00,RESTRICTED_PRE,4352.75,4340.9,27.298486488978035,4.3667828937465885,4.3667828937465885
1789581180,2026-09-16 17:53:00+00:00,RESTRICTED_PRE,4354.73,4342.4,28.394436256446998,5.462732661215551,5.462732661215551
1789581240,2026-09-16 17:54:00+00:00,RESTRICTED_PRE,4354.4,4342.8,26.710877774707154,3.7791741794757066,3.7791741794757066
1789581300,2026-09-16 17:55:00+00:00,RESTRICTED_PRE,4353.99,4343.8,23.458722777289776,0.5270191820583285,0.5270191820583285
1789581360,2026-09-16 17:56:00+00:00,RESTRICTED_PRE,4356.97,4345.4,26.625857228335104,3.6941536331036566,3.6941536331036566
1789581420,2026-09-16 17:57:00+00:00,RESTRICTED_PRE,4360.2,4348.9,25.983582055233434,3.051878460001987,3.051878460001987
1789581480,2026-09-16 17:58:00+00:00,RESTRICTED_PRE,4360.05,4349.2,24.947116711120376,2.0154131158889292,2.0154131158889292
1789581540,2026-09-16 17:59:00+00:00,RESTRICTED_PRE,4368.41,4357.7,24.57718521238217,1.6454816171507218,1.6454816171507218
1789581600,2026-09-16 18:00:00+00:00,SHOCK_RESTRICTED,4344.98,4331.8,30.426150791817985,7.494447196586538,7.494447196586538
1789581660,2026-09-16 18:01:00+00:00,SHOCK_RESTRICTED,4324.99,4313.6,26.404859050443985,3.473155455212538,3.473155455212538
1789581720,2026-09-16 18:02:00+00:00,SHOCK_RESTRICTED,4339.36,4329.0,23.931623931623403,0.9999203363919555,0.9999203363919555
1789581780,2026-09-16 18:03:00+00:00,SHOCK_RESTRICTED,4338.16,4328.6,22.085662800903627,-0.8460407943278199,0.8460407943278199
1789581840,2026-09-16 18:04:00+00:00,SHOCK_RESTRICTED,4330.83,4323.5,16.953856828958447,-5.977846766273,5.977846766273
1789581900,2026-09-16 18:05:00+00:00,RESTORED_POST,4339.9,4331.9,18.46764699092729,-4.464056604304158,4.464056604304158
1789581960,2026-09-16 18:06:00+00:00,RESTORED_POST,4338.44,4330.5,18.33506523496009,-4.596638360271356,4.596638360271356
1789582020,2026-09-16 18:07:00+00:00,RESTORED_POST,4348.0,4339.5,19.58751008180659,-3.3441935134248553,3.3441935134248553
1789582080,2026-09-16 18:08:00+00:00,RESTORED_POST,4345.91,4337.8,18.69611323712439,-4.235590358107057,4.235590358107057
1789582140,2026-09-16 18:09:00+00:00,RESTORED_POST,4338.56,4330.1,19.537655019514766,-3.394048575716681,3.394048575716681
1789582200,2026-09-16 18:10:00+00:00,RESTORED_POST,4335.2,4325.6,22.19345293138497,-0.7382506638464754,0.7382506638464754
1789582260,2026-09-16 18:11:00+00:00,RESTORED_POST,4322.51,4312.9,22.281991235597598,-0.649712359633849,0.649712359633849
1789582320,2026-09-16 18:12:00+00:00,RESTORED_POST,4320.45,4311.3,21.2232969174031,-1.7084066778283464,1.7084066778283464
1789582380,2026-09-16 18:13:00+00:00,RESTORED_POST,4318.14,4309.2,20.746310219994513,-2.1853933752369343,2.1853933752369343
1789582440,2026-09-16 18:14:00+00:00,RESTORED_POST,4317.94,4309.0,20.74727314922198,-2.1844304460094683,2.1844304460094683
1789582500,2026-09-16 18:15:00+00:00,RESTORED_POST,4316.2,4307.6,19.964713529574407,-2.96699006565704,2.96699006565704
1789582560,2026-09-16 18:16:00+00:00,RESTORED_POST,4315.5,4307.4,18.804847471793895,-4.126856123437552,4.126856123437552
1789582620,2026-09-16 18:17:00+00:00,RESTORED_POST,4319.61,4310.9,20.204597647823785,-2.7271059474076615,2.7271059474076615
1789582680,2026-09-16 18:18:00+00:00,RESTORED_POST,4316.65,4309.1,17.521060082150708,-5.410643513080739,5.410643513080739
1789582740,2026-09-16 18:19:00+00:00,RESTORED_POST,4326.32,4317.6,20.1964054104109,-2.7352981848205467,2.7352981848205467
1789582800,2026-09-16 18:20:00+00:00,RESTORED_POST,4327.48,4318.9,19.866169626525654,-3.065533968705793,3.065533968705793
1789582860,2026-09-16 18:21:00+00:00,RESTORED_POST,4328.56,4320.5,18.65524823515985,-4.276455360071598,4.276455360071598
1789582920,2026-09-16 18:22:00+00:00,RESTORED_POST,4323.13,4315.1,18.60907047345206,-4.322633121779386,4.322633121779386
1789582980,2026-09-16 18:23:00+00:00,RESTORED_POST,4326.65,4319.0,17.712433433665353,-5.219270161566094,5.219270161566094
1789583040,2026-09-16 18:24:00+00:00,RESTORED_POST,4322.1,4313.8,19.240576753674077,-3.69112684155737,3.69112684155737
1789583100,2026-09-16 18:25:00+00:00,RESTORED_POST,4320.16,4313.4,15.672091621459217,-7.25961197377223,7.25961197377223
1789583160,2026-09-16 18:26:00+00:00,RESTORED_POST,4323.19,4315.5,17.81948789247867,-5.112215702752778,5.112215702752778
1789583220,2026-09-16 18:27:00+00:00,RESTORED_POST,4322.0,4315.4,15.294063122770485,-7.637640472460962,7.637640472460962
1789583280,2026-09-16 18:28:00+00:00,RESTORED_POST,4324.02,4316.0,18.58202038925061,-4.349683205980838,4.349683205980838
1789583340,2026-09-16 18:29:00+00:00,RESTORED_POST,4329.74,4321.3,19.531159604748716,-3.4005439904827313,3.4005439904827313
1789583400,2026-09-16 18:30:00+00:00,RESTORED_POST,4320.89,4313.2,17.828990076973472,-5.102713518257975,5.102713518257975
1789583460,2026-09-16 18:31:00+00:00,RESTORED_POST,4315.09,4307.4,17.85299716766664,-5.078706427564807,5.078706427564807
1789583520,2026-09-16 18:32:00+00:00,RESTORED_POST,4300.56,4293.9,15.510375183400704,-7.421328411830743,7.421328411830743
1789583580,2026-09-16 18:33:00+00:00,RESTORED_POST,4293.15,4286.8,14.812914061770321,-8.118789533461126,8.118789533461126
1789583640,2026-09-16 18:34:00+00:00,RESTORED_POST,4292.98,4286.5,15.117228508105818,-7.814475087125629,7.814475087125629
1789583700,2026-09-16 18:35:00+00:00,RESTORED_POST,4283.46,4275.9,17.680488318250198,-5.251215276981249,5.251215276981249
1789583760,2026-09-16 18:36:00+00:00,RESTORED_POST,4275.69,4268.9,15.905736840873264,-7.025966754358183,7.025966754358183
1789583820,2026-09-16 18:37:00+00:00,RESTORED_POST,4279.92,4273.8,14.319809069212042,-8.611894526019405,8.611894526019405
1789583880,2026-09-16 18:38:00+00:00,RESTORED_POST,4291.66,4286.4,12.271369914147456,-10.66033368108399,10.66033368108399
1789583940,2026-09-16 18:39:00+00:00,RESTORED_POST,4298.99,4293.5,12.7867706998952,-10.144932895336247,10.144932895336247
1789584000,2026-09-16 18:40:00+00:00,RESTORED_POST,4295.97,4290.6,12.51573206544565,-10.415971529785796,10.415971529785796
1789584060,2026-09-16 18:41:00+00:00,RESTORED_POST,4299.15,4293.1,14.09238079709052,-8.839322798140927,8.839322798140927
1789584120,2026-09-16 18:42:00+00:00,RESTORED_POST,4308.55,4303.3,12.199939581252206,-10.731764013979241,10.731764013979241
1789584180,2026-09-16 18:43:00+00:00,RESTORED_POST,4315.19,4309.5,13.20338786402031,-9.728315731211136,9.728315731211136
1789584240,2026-09-16 18:44:00+00:00,RESTORED_POST,4308.75,4302.4,14.75920416511789,-8.172499430113557,8.172499430113557
1789584300,2026-09-16 18:45:00+00:00,RESTORED_POST,4314.37,4306.7,17.809459679105633,-5.122243916125814,5.122243916125814
1789584360,2026-09-16 18:46:00+00:00,RESTORED_POST,4310.81,4304.8,13.961159635755838,-8.97054395947561,8.97054395947561
1789584420,2026-09-16 18:47:00+00:00,RESTORED_POST,4304.33,4298.4,13.795831006886417,-9.13587258834503,9.13587258834503
1789584480,2026-09-16 18:48:00+00:00,RESTORED_POST,4301.95,4296.0,13.8500931098684,-9.081610485363047,9.081610485363047
1789584540,2026-09-16 18:49:00+00:00,RESTORED_POST,4301.8,4295.6,14.433373684699102,-8.498329910532345,8.498329910532345
1789584600,2026-09-16 18:50:00+00:00,RESTORED_POST,4296.66,4290.9,13.423757253723245,-9.507946341508202,9.507946341508202
1789584660,2026-09-16 18:51:00+00:00,RESTORED_POST,4294.91,4288.1,15.881159487884933,-7.050544107346514,7.050544107346514
1789584720,2026-09-16 18:52:00+00:00,RESTORED_POST,4281.32,4275.9,12.675694005941374,-10.256009589290073,10.256009589290073
1789584780,2026-09-16 18:53:00+00:00,RESTORED_POST,4274.72,4270.0,11.053864168619754,-11.877839426611693,11.877839426611693
1789584840,2026-09-16 18:54:00+00:00,RESTORED_POST,4274.42,4269.4,11.75809247201176,-11.173611123219686,11.173611123219686
1789584900,2026-09-16 18:55:00+00:00,RESTORED_POST,4278.51,4272.5,14.06670567583479,-8.864997919396657,8.864997919396657
1789584960,2026-09-16 18:56:00+00:00,RESTORED_POST,4274.85,4269.4,12.765259755471714,-10.166443839759733,10.166443839759733
1789585020,2026-09-16 18:57:00+00:00,RESTORED_POST,4275.23,4271.0,9.904003746195045,-13.027699849036402,13.027699849036402
1789585080,2026-09-16 18:58:00+00:00,RESTORED_POST,4278.66,4273.7,11.605868451225465,-11.325835144005982,11.325835144005982
1789585140,2026-09-16 18:59:00+00:00,RESTORED_POST,4270.67,4266.1,10.712360235343166,-12.219343359888281,12.219343359888281
1789585200,2026-09-16 19:00:00+00:00,RESTORED_POST,4287.1,4281.4,13.313402158174892,-9.618301437056555,9.618301437056555
