ts,last_open,last_high,last_low,last_close,last_vol,last_amount,index_open,index_high,index_low,index_close,index_vol,index_amount,fair_open,fair_high,fair_low,fair_close,fair_vol,fair_amount,utc,event_id,symbol,window,last_index_bps,abs_last_index_bps,fair_index_bps,abs_fair_index_bps
1789126200,4341.13,4341.51,4340.41,4341.03,256465.0,1113284.75624,4339.01,4339.41,4338.39,4338.98,0.0,0.0,4341.09,4341.5,4340.41,4341.03,0.0,0.0,2026-09-11 11:30:00+00:00,SEP11_2026_CPI,XAU_USDT,PRE,4.724612696993535,4.724612696993535,4.724612696993535,4.724612696993535
1789126260,4341.03,4341.96,4339.05,4339.23,273890.0,1188901.25886,4338.98,4339.58,4337.04,4337.18,0.0,0.0,4341.03,4341.77,4339.03,4339.07,0.0,0.0,2026-09-11 11:31:00+00:00,SEP11_2026_CPI,XAU_USDT,PRE,4.7265734878410015,4.7265734878410015,4.357670191228458,4.357670191228458
1789126320,4339.23,4340.03,4339.23,4339.34,150241.0,651996.37951,4337.18,4337.69,4336.93,4337.13,0.0,0.0,4339.07,4340.01,4339.05,4339.34,0.0,0.0,2026-09-11 11:32:00+00:00,SEP11_2026_CPI,XAU_USDT,PRE,5.095535526948858,5.095535526948858,5.095535526948858,5.095535526948858
1789126380,4339.34,4339.93,4338.2,4338.2,113884.0,494142.75724,4337.13,4337.95,4336.03,4336.03,0.0,0.0,4339.34,4339.93,4338.12,4338.12,0.0,0.0,2026-09-11 11:33:00+00:00,SEP11_2026_CPI,XAU_USDT,PRE,5.00457792035558,5.00457792035558,4.8200773518636275,4.8200773518636275
1789126440,4338.2,4338.2,4336.12,4336.83,320863.0,1391718.70071,4336.03,4336.03,4334.65,4334.65,0.0,0.0,4338.12,4338.12,4336.74,4336.82,0.0,0.0,2026-09-11 11:34:00+00:00,SEP11_2026_CPI,XAU_USDT,PRE,5.029241115199756,5.029241115199756,5.006171201826781,5.006171201826781
1789126500,4336.83,4336.86,4335.37,4335.62,184694.0,800826.1901,4334.65,4334.66,4333.12,4333.38,0.0,0.0,4336.82,4336.82,4335.37,4335.62,0.0,0.0,2026-09-11 11:35:00+00:00,SEP11_2026_CPI,XAU_USDT,PRE,5.1691751011917475,5.1691751011917475,5.1691751011917475,5.1691751011917475
1789126560,4335.62,4337.74,4335.4,4337.63,231810.0,1005250.1803,4333.38,4335.4,4333.0,4335.36,0.0,0.0,4335.62,4337.69,4335.29,4337.63,0.0,0.0,2026-09-11 11:36:00+00:00,SEP11_2026_CPI,XAU_USDT,PRE,5.2360126956019215,5.2360126956019215,5.2360126956019215,5.2360126956019215
1789126620,4337.63,4338.73,4337.24,4338.73,156406.0,678448.62561,4335.36,4336.62,4335.11,4336.62,0.0,0.0,4337.63,4338.62,4337.24,4338.62,0.0,0.0,2026-09-11 11:37:00+00:00,SEP11_2026_CPI,XAU_USDT,PRE,4.865540443939054,4.865540443939054,4.611886676719745,4.611886676719745
1789126680,4338.73,4338.79,4338.0,4338.37,69427.0,301202.38128,4336.62,4336.63,4335.99,4336.22,0.0,0.0,4338.62,4338.64,4338.0,4338.35,0.0,0.0,2026-09-11 11:38:00+00:00,SEP11_2026_CPI,XAU_USDT,PRE,4.958235513878861,4.958235513878861,4.912112392820855,4.912112392820855
1789126740,4338.37,4338.69,4337.07,4337.16,144058.0,624850.36138,4336.22,4336.47,4334.81,4335.02,0.0,0.0,4338.35,4338.58,4336.92,4337.16,0.0,0.0,2026-09-11 11:39:00+00:00,SEP11_2026_CPI,XAU_USDT,PRE,4.9365400851653085,4.9365400851653085,4.9365400851653085,4.9365400851653085
1789126800,4337.16,4338.43,4337.16,4337.24,147859.0,641368.0637,4335.02,4336.24,4334.99,4335.07,0.0,0.0,4337.16,4338.41,4337.11,4337.11,0.0,0.0,2026-09-11 11:40:00+00:00,SEP11_2026_CPI,XAU_USDT,PRE,5.005686182690816,5.005686182690816,4.70580636529494,4.70580636529494
1789126860,4337.24,4338.4,4337.21,4338.19,35488.0,153941.00466,4335.07,4336.1,4335.05,4336.04,0.0,0.0,4337.11,4338.33,4337.09,4338.19,0.0,0.0,2026-09-11 11:41:00+00:00,SEP11_2026_CPI,XAU_USDT,PRE,4.958441342790554,4.958441342790554,4.958441342790554,4.958441342790554
1789126920,4338.19,4338.26,4336.14,4336.56,113387.0,491777.5272,4336.04,4336.07,4334.04,4334.25,0.0,0.0,4338.19,4338.25,4336.04,4336.3,0.0,0.0,2026-09-11 11:42:00+00:00,SEP11_2026_CPI,XAU_USDT,PRE,5.329641806541829,5.329641806541829,4.729768702775861,4.729768702775861
1789126980,4336.56,4336.64,4335.43,4336.52,130285.0,564899.84878,4334.25,4334.3,4333.26,4333.9,0.0,0.0,4336.3,4336.4,4335.45,4336.23,0.0,0.0,2026-09-11 11:43:00+00:00,SEP11_2026_CPI,XAU_USDT,PRE,6.04536329864791,6.04536329864791,5.3762200327645004,5.3762200327645004
1789127040,4336.52,4339.47,4336.49,4339.47,199983.0,867562.15408,4333.9,4336.41,4333.9,4336.4,0.0,0.0,4336.23,4338.97,4336.23,4338.97,0.0,0.0,2026-09-11 11:44:00+00:00,SEP11_2026_CPI,XAU_USDT,PRE,7.079605202473527,7.079605202473527,5.926575039203463,5.926575039203463
1789127100,4339.47,4340.74,4338.69,4340.47,489527.0,2124379.08688,4336.4,4338.21,4336.4,4338.13,0.0,0.0,4338.97,4340.5,4338.93,4340.47,0.0,0.0,2026-09-11 11:45:00+00:00,SEP11_2026_CPI,XAU_USDT,PRE,5.394029224574659,5.394029224574659,5.394029224574659,5.394029224574659
1789127160,4340.47,4340.58,4337.94,4339.01,121813.0,528585.82196,4338.13,4338.26,4336.15,4336.58,0.0,0.0,4340.47,4340.57,4338.07,4338.66,0.0,0.0,2026-09-11 11:46:00+00:00,SEP11_2026_CPI,XAU_USDT,PRE,5.603493997574649,5.603493997574649,4.796406384754981,4.796406384754981
1789127220,4339.01,4339.01,4337.99,4337.99,40012.0,173588.34921,4336.58,4336.79,4335.86,4335.91,0.0,0.0,4338.66,4338.9,4337.85,4337.93,0.0,0.0,2026-09-11 11:47:00+00:00,SEP11_2026_CPI,XAU_USDT,PRE,4.797147542268121,4.797147542268121,4.65876828624312,4.65876828624312
1789127280,4337.99,4339.92,4337.99,4338.65,79817.0,346330.95828,4335.91,4337.74,4335.83,4336.76,0.0,0.0,4337.93,4339.87,4337.87,4338.59,0.0,0.0,2026-09-11 11:48:00+00:00,SEP11_2026_CPI,XAU_USDT,PRE,4.358092216307785,4.358092216307785,4.219740082458401,4.219740082458401
1789127340,4338.65,4340.82,4338.65,4340.31,117191.0,508568.22788,4336.76,4338.56,4336.76,4338.09,0.0,0.0,4338.59,4340.67,4338.59,4340.16,0.0,0.0,2026-09-11 11:49:00+00:00,SEP11_2026_CPI,XAU_USDT,PRE,5.117459527119728,5.117459527119728,4.771685234745693,4.771685234745693
1789127400,4340.31,4340.31,4339.5,4339.84,48428.0,210174.67418,4338.09,4338.09,4337.4,4337.45,0.0,0.0,4340.16,4340.16,4339.52,4339.71,0.0,0.0,2026-09-11 11:50:00+00:00,SEP11_2026_CPI,XAU_USDT,PRE,5.510149972911549,5.510149972911549,5.210434702418443,5.210434702418443
1789127460,4339.84,4339.84,4338.36,4338.89,66454.0,288346.82037,4337.45,4337.48,4336.54,4336.82,0.0,0.0,4339.71,4339.71,4338.36,4338.89,0.0,0.0,2026-09-11 11:51:00+00:00,SEP11_2026_CPI,XAU_USDT,PRE,4.773082581248644,4.773082581248644,4.773082581248644,4.773082581248644
1789127520,4338.89,4339.48,4338.53,4339.46,84828.0,368083.06189,4336.82,4337.1,4336.55,4337.09,0.0,0.0,4338.89,4339.34,4338.67,4339.33,0.0,0.0,2026-09-11 11:52:00+00:00,SEP11_2026_CPI,XAU_USDT,PRE,5.464493473734677,5.464493473734677,5.16475332538624,5.16475332538624
1789127580,4339.46,4339.57,4338.04,4338.94,75932.0,329425.27588,4337.09,4337.21,4336.03,4336.91,0.0,0.0,4339.33,4339.36,4338.08,4338.94,0.0,0.0,2026-09-11 11:53:00+00:00,SEP11_2026_CPI,XAU_USDT,PRE,4.680751963954677,4.680751963954677,4.680751963954677,4.680751963954677
1789127640,4338.94,4339.22,4336.06,4336.06,185639.0,805197.29915,4336.91,4337.02,4334.43,4334.43,0.0,0.0,4338.94,4339.18,4336.2,4336.2,0.0,0.0,2026-09-11 11:54:00+00:00,SEP11_2026_CPI,XAU_USDT,PRE,3.7605867438172957,3.7605867438172957,4.083581924265722,4.083581924265722
1789127700,4336.06,4337.48,4335.88,4337.11,78137.0,338841.82819,4334.43,4335.13,4333.88,4334.99,0.0,0.0,4336.2,4337.28,4335.75,4337.11,0.0,0.0,2026-09-11 11:55:00+00:00,SEP11_2026_CPI,XAU_USDT,PRE,4.890438040225931,4.890438040225931,4.890438040225931,4.890438040225931
1789127760,4337.11,4337.11,4336.0,4336.15,70023.0,303667.82282,4334.99,4334.99,4333.78,4334.05,0.0,0.0,4337.11,4337.11,4335.99,4336.15,0.0,0.0,2026-09-11 11:56:00+00:00,SEP11_2026_CPI,XAU_USDT,PRE,4.845352499394107,4.845352499394107,4.845352499394107,4.845352499394107
1789127820,4336.15,4337.47,4336.15,4336.76,40416.0,175279.83022,4334.05,4334.87,4334.03,4334.53,0.0,0.0,4336.15,4337.25,4336.15,4336.68,0.0,0.0,2026-09-11 11:57:00+00:00,SEP11_2026_CPI,XAU_USDT,PRE,5.1447331083198655,5.1447331083198655,4.9601686918787635,4.9601686918787635
1789127880,4336.76,4338.04,4336.4,4338.04,36538.0,158473.5417,4334.53,4335.82,4334.21,4335.81,0.0,0.0,4336.68,4338.04,4336.36,4338.04,0.0,0.0,2026-09-11 11:58:00+00:00,SEP11_2026_CPI,XAU_USDT,PRE,5.143214301364107,5.143214301364107,5.143214301364107,5.143214301364107
1789127940,4338.04,4338.75,4336.97,4338.23,122770.0,532609.80059,4335.81,4336.5,4334.91,4335.91,0.0,0.0,4338.04,4338.75,4336.97,4337.95,0.0,0.0,2026-09-11 11:59:00+00:00,SEP11_2026_CPI,XAU_USDT,PRE,5.350664566377006,5.350664566377006,4.70489470491664,4.70489470491664
1789128000,4338.23,4339.61,4337.62,4339.28,107495.0,466371.99692,4335.91,4337.41,4335.77,4337.11,0.0,0.0,4337.95,4339.58,4337.62,4339.42,0.0,0.0,2026-09-11 12:00:00+00:00,SEP11_2026_CPI,XAU_USDT,PRE,5.0033317116704445,5.0033317116704445,5.326127305971262,5.326127305971262
1789128060,4339.28,4339.28,4337.49,4338.63,91130.0,395344.115,4337.11,4337.11,4335.41,4336.23,0.0,0.0,4339.42,4339.42,4337.42,4338.59,0.0,0.0,2026-09-11 12:01:00+00:00,SEP11_2026_CPI,XAU_USDT,PRE,5.534761763099638,5.534761763099638,5.44251573371568,5.44251573371568
1789128120,4338.63,4338.63,4336.88,4337.03,75022.0,325423.07932,4336.23,4336.23,4334.51,4334.66,0.0,0.0,4338.59,4338.6,4336.85,4336.98,0.0,0.0,2026-09-11 12:02:00+00:00,SEP11_2026_CPI,XAU_USDT,PRE,5.467556855669464,5.467556855669464,5.352207554916166,5.352207554916166
1789128180,4337.03,4337.45,4335.91,4336.88,309837.0,1343638.52775,4334.66,4334.92,4333.41,4333.9,0.0,0.0,4336.98,4337.25,4335.85,4336.44,0.0,0.0,2026-09-11 12:03:00+00:00,SEP11_2026_CPI,XAU_USDT,PRE,6.876023904567319,6.876023904567319,5.860772052885821,5.860772052885821
1789128240,4336.88,4336.88,4334.32,4334.86,301849.0,1308441.31558,4333.9,4333.9,4331.94,4332.11,0.0,0.0,4336.44,4336.44,4334.32,4334.62,0.0,0.0,2026-09-11 12:04:00+00:00,SEP11_2026_CPI,XAU_USDT,PRE,6.34794592011767,6.34794592011767,5.7939433670894935,5.7939433670894935
1789128300,4334.86,4335.27,4334.06,4335.1,129172.0,559915.02253,4332.11,4332.55,4331.68,4332.4,0.0,0.0,4334.62,4335.18,4334.06,4334.87,0.0,0.0,2026-09-11 12:05:00+00:00,SEP11_2026_CPI,XAU_USDT,PRE,6.232111531716544,6.232111531716544,5.701227956791399,5.701227956791399
1789128360,4335.1,4335.1,4332.07,4333.76,642064.0,2782196.52475,4332.4,4332.4,4330.05,4331.47,0.0,0.0,4334.87,4334.91,4332.28,4333.81,0.0,0.0,2026-09-11 12:06:00+00:00,SEP11_2026_CPI,XAU_USDT,PRE,5.286888746776075,5.286888746776075,5.402322998890874,5.402322998890874
1789128420,4333.76,4334.11,4331.84,4332.59,331137.0,1434743.49492,4331.47,4331.76,4329.5,4330.22,0.0,0.0,4333.81,4334.11,4331.8,4332.69,0.0,0.0,2026-09-11 12:07:00+00:00,SEP11_2026_CPI,XAU_USDT,PRE,5.473163026359362,5.473163026359362,5.704098175149941,5.704098175149941
1789128480,4332.59,4332.93,4332.3,4332.47,110204.0,477483.3293,4330.22,4330.46,4329.78,4329.89,0.0,0.0,4332.69,4332.9,4332.3,4332.3,0.0,0.0,2026-09-11 12:08:00+00:00,SEP11_2026_CPI,XAU_USDT,PRE,5.958580933926871,5.958580933926871,5.565961259985652,5.565961259985652
1789128540,4332.47,4332.89,4331.85,4332.46,82182.0,356058.03895,4329.89,4330.19,4329.2,4329.62,0.0,0.0,4332.3,4332.77,4331.83,4332.2,0.0,0.0,2026-09-11 12:09:00+00:00,SEP11_2026_CPI,XAU_USDT,PRE,6.5594671125879245,6.5594671125879245,5.9589525177727865,5.9589525177727865
1789128600,4332.46,4334.59,4332.46,4334.59,152728.0,661831.30342,4329.62,4331.87,4329.6,4331.87,0.0,0.0,4332.2,4334.3,4332.2,4334.3,0.0,0.0,2026-09-11 12:10:00+00:00,SEP11_2026_CPI,XAU_USDT,PRE,6.27904346160113,6.27904346160113,5.609586621944107,5.609586621944107
1789128660,4334.59,4335.94,4334.19,4335.94,234325.0,1015798.82406,4331.87,4332.99,4331.67,4332.98,0.0,0.0,4334.3,4335.49,4334.19,4335.48,0.0,0.0,2026-09-11 12:11:00+00:00,SEP11_2026_CPI,XAU_USDT,PRE,6.831326246601321,6.831326246601321,5.769701221791657,5.769701221791657
1789128720,4335.94,4337.68,4333.64,4333.79,257737.0,1117550.15967,4332.98,4334.78,4331.45,4331.54,0.0,0.0,4335.48,4337.42,4333.59,4333.64,0.0,0.0,2026-09-11 12:12:00+00:00,SEP11_2026_CPI,XAU_USDT,PRE,5.194457398522978,5.194457398522978,4.84816023862189,4.84816023862189
1789128780,4333.79,4334.06,4330.73,4330.76,332015.0,1438398.64496,4331.54,4331.54,4329.05,4329.05,0.0,0.0,4333.64,4333.64,4330.76,4330.76,0.0,0.0,2026-09-11 12:13:00+00:00,SEP11_2026_CPI,XAU_USDT,PRE,3.9500583268847755,3.9500583268847755,3.9500583268847755,3.9500583268847755
1789128840,4330.76,4333.23,4330.19,4333.15,167578.0,726031.35793,4329.05,4330.58,4328.07,4330.4,0.0,0.0,4330.76,4333.12,4330.2,4332.96,0.0,0.0,2026-09-11 12:14:00+00:00,SEP11_2026_CPI,XAU_USDT,PRE,6.35045261407674,6.35045261407674,5.911694069833384,5.911694069833384
1789128900,4333.15,4335.75,4333.03,4335.43,205642.0,891272.67832,4330.4,4332.76,4330.31,4332.66,0.0,0.0,4332.96,4335.67,4332.94,4335.66,0.0,0.0,2026-09-11 12:15:00+00:00,SEP11_2026_CPI,XAU_USDT,PRE,6.393301112943561,6.393301112943561,6.924152829901331,6.924152829901331
1789128960,4335.43,4336.23,4334.68,4334.89,114421.0,496062.02798,4332.66,4333.09,4332.07,4332.24,0.0,0.0,4335.66,4335.87,4334.68,4334.89,0.0,0.0,2026-09-11 12:16:00+00:00,SEP11_2026_CPI,XAU_USDT,PRE,6.1169279633643825,6.1169279633643825,6.1169279633643825,6.1169279633643825
1789129020,4334.89,4338.2,4334.73,4338.2,133742.0,580068.13049,4332.24,4335.21,4331.84,4335.21,0.0,0.0,4334.89,4338.15,4334.55,4338.15,0.0,0.0,2026-09-11 12:17:00+00:00,SEP11_2026_CPI,XAU_USDT,PRE,6.8970130628032145,6.8970130628032145,6.781678396201585,6.781678396201585
1789129080,4338.2,4338.86,4336.78,4338.33,100054.0,434032.33138,4335.21,4336.17,4334.58,4335.58,0.0,0.0,4338.15,4338.83,4336.95,4338.23,0.0,0.0,2026-09-11 12:18:00+00:00,SEP11_2026_CPI,XAU_USDT,PRE,6.342865314443724,6.342865314443724,6.112215666644882,6.112215666644882
1789129140,4338.33,4338.68,4336.47,4336.47,90658.0,393279.85803,4335.58,4335.85,4334.16,4334.17,0.0,0.0,4338.23,4338.54,4336.47,4336.47,0.0,0.0,2026-09-11 12:19:00+00:00,SEP11_2026_CPI,XAU_USDT,PRE,5.3066677126190065,5.3066677126190065,5.3066677126190065,5.3066677126190065
1789129200,4336.47,4338.54,4334.82,4337.44,132290.0,573633.44124,4334.17,4335.11,4332.43,4334.71,0.0,0.0,4336.47,4337.76,4334.82,4337.44,0.0,0.0,2026-09-11 12:20:00+00:00,SEP11_2026_CPI,XAU_USDT,RESTRICTED_PRE,6.297999174107449,6.297999174107449,6.297999174107449,6.297999174107449
1789129260,4337.44,4338.14,4336.24,4337.01,41617.0,180506.94453,4334.71,4335.07,4333.67,4334.27,0.0,0.0,4337.44,4337.84,4336.24,4337.01,0.0,0.0,2026-09-11 12:21:00+00:00,SEP11_2026_CPI,XAU_USDT,RESTRICTED_PRE,6.321710461045793,6.321710461045793,6.321710461045793,6.321710461045793
1789129320,4337.01,4338.99,4336.29,4336.94,37541.0,162832.36819,4334.27,4336.12,4333.8,4334.76,0.0,0.0,4337.01,4338.95,4336.29,4336.94,0.0,0.0,2026-09-11 12:22:00+00:00,SEP11_2026_CPI,XAU_USDT,RESTRICTED_PRE,5.029113491863413,5.029113491863413,5.029113491863413,5.029113491863413
1789129380,4336.94,4337.63,4335.37,4337.1,32379.0,140411.64348,4334.76,4335.13,4332.98,4334.23,0.0,0.0,4336.94,4337.51,4335.37,4337.1,0.0,0.0,2026-09-11 12:23:00+00:00,SEP11_2026_CPI,XAU_USDT,RESTRICTED_PRE,6.621706739144972,6.621706739144972,6.621706739144972,6.621706739144972
1789129440,4337.1,4337.97,4334.77,4334.8,31997.0,138750.20305,4334.23,4334.56,4332.25,4332.26,0.0,0.0,4337.1,4337.4,4334.8,4334.8,0.0,0.0,2026-09-11 12:24:00+00:00,SEP11_2026_CPI,XAU_USDT,RESTRICTED_PRE,5.862990679230684,5.862990679230684,5.862990679230684,5.862990679230684
1789129500,4334.8,4335.68,4334.17,4335.12,122402.0,530581.77772,4332.26,4332.71,4331.32,4332.19,0.0,0.0,4334.8,4335.41,4334.12,4335.12,0.0,0.0,2026-09-11 12:25:00+00:00,SEP11_2026_CPI,XAU_USDT,RESTRICTED_PRE,6.7633229382835225,6.7633229382835225,6.7633229382835225,6.7633229382835225
1789129560,4335.12,4339.25,4334.19,4338.64,278480.0,1208001.98324,4332.19,4335.73,4331.27,4335.73,0.0,0.0,4335.12,4338.8,4334.19,4338.76,0.0,0.0,2026-09-11 12:26:00+00:00,SEP11_2026_CPI,XAU_USDT,RESTRICTED_PRE,6.7116725441862535,6.7116725441862535,6.988442546009832,6.988442546009832
1789129620,4338.64,4344.02,4338.08,4343.4,651005.0,2826554.52934,4335.73,4340.7,4335.56,4340.68,0.0,0.0,4338.76,4343.66,4338.37,4343.66,0.0,0.0,2026-09-11 12:27:00+00:00,SEP11_2026_CPI,XAU_USDT,RESTRICTED_PRE,6.266299289510169,6.266299289510169,6.865283780419507,6.865283780419507
1789129680,4343.4,4344.74,4340.82,4343.42,319362.0,1387000.52506,4340.68,4341.4,4338.71,4341.4,0.0,0.0,4343.66,4344.11,4340.82,4344.09,0.0,0.0,2026-09-11 12:28:00+00:00,SEP11_2026_CPI,XAU_USDT,RESTRICTED_PRE,4.652876952135898,4.652876952135898,6.196157921409817,6.196157921409817
1789129740,4343.42,4348.49,4342.65,4345.79,637904.0,2772177.64254,4341.4,4346.9,4340.39,4344.54,0.0,0.0,4344.09,4348.24,4342.65,4345.85,0.0,0.0,2026-09-11 12:29:00+00:00,SEP11_2026_CPI,XAU_USDT,RESTRICTED_PRE,2.877174568538532,2.877174568538532,3.0152789478288256,3.0152789478288256
1789129800,4345.79,4358.0,4298.41,4302.25,3345524.0,14439375.0239,4344.54,4344.54,4299.31,4303.91,0.0,0.0,4345.85,4345.85,4300.79,4303.16,0.0,0.0,2026-09-11 12:30:00+00:00,SEP11_2026_CPI,XAU_USDT,SHOCK_RESTRICTED,-3.8569579754221817,3.8569579754221817,-1.74260149491956,1.74260149491956
1789129860,4302.25,4320.76,4301.81,4318.99,553695.0,2386441.09531,4303.91,4321.32,4300.64,4321.18,0.0,0.0,4303.16,4320.52,4301.06,4320.52,0.0,0.0,2026-09-11 12:31:00+00:00,SEP11_2026_CPI,XAU_USDT,SHOCK_RESTRICTED,-5.06806011321137,5.06806011321137,-1.527360582063153,1.527360582063153
1789129920,4318.99,4331.06,4315.48,4328.0,388949.0,1681757.65688,4321.18,4334.11,4317.22,4331.6,0.0,0.0,4320.52,4331.23,4315.97,4328.19,0.0,0.0,2026-09-11 12:32:00+00:00,SEP11_2026_CPI,XAU_USDT,SHOCK_RESTRICTED,-8.311016714378505,8.311016714378505,-7.872379721121092,7.872379721121092
1789129980,4328.0,4337.19,4324.94,4337.19,558902.0,2421721.91133,4331.6,4339.77,4329.42,4335.31,0.0,0.0,4328.19,4336.07,4325.73,4335.7,0.0,0.0,2026-09-11 12:33:00+00:00,SEP11_2026_CPI,XAU_USDT,SHOCK_RESTRICTED,4.336483434861371,4.336483434861371,0.899589648719612,0.899589648719612
1789130040,4337.19,4344.73,4334.99,4334.99,460570.0,1999319.46869,4335.31,4343.59,4335.31,4337.43,0.0,0.0,4335.7,4344.24,4335.7,4337.79,0.0,0.0,2026-09-11 12:34:00+00:00,SEP11_2026_CPI,XAU_USDT,SHOCK_RESTRICTED,-5.6254510159248206,5.6254510159248206,0.8299845761183811,0.8299845761183811
1789130100,4334.99,4340.14,4331.82,4340.14,373960.0,1621511.74085,4337.43,4337.43,4332.79,4337.28,0.0,0.0,4337.79,4338.79,4332.66,4338.79,0.0,0.0,2026-09-11 12:35:00+00:00,SEP11_2026_CPI,XAU_USDT,RESTORED_POST,6.593994392800617,6.593994392800617,3.481444592003946,3.481444592003946
1789130160,4340.14,4345.65,4340.14,4342.67,265550.0,1153515.61852,4337.28,4344.15,4337.28,4342.63,0.0,0.0,4338.79,4345.2,4338.79,4343.51,0.0,0.0,2026-09-11 12:36:00+00:00,SEP11_2026_CPI,XAU_USDT,RESTORED_POST,0.09211008075826754,0.09211008075826754,2.026421776666343,2.026421776666343
1789130220,4342.67,4347.97,4342.29,4343.16,332212.0,1443430.52578,4342.63,4350.17,4342.63,4345.62,0.0,0.0,4343.51,4348.52,4342.93,4343.35,0.0,0.0,2026-09-11 12:37:00+00:00,SEP11_2026_CPI,XAU_USDT,RESTORED_POST,-5.660872326618271,5.660872326618271,-5.223650480252751,5.223650480252751
1789130280,4343.16,4348.46,4339.19,4348.3,316418.0,1374083.35399,4345.62,4349.44,4342.1,4349.31,0.0,0.0,4343.35,4348.1,4339.92,4347.64,0.0,0.0,2026-09-11 12:38:00+00:00,SEP11_2026_CPI,XAU_USDT,RESTORED_POST,-2.322207430603962,2.322207430603962,-3.83968951396918,3.83968951396918
1789130340,4348.3,4356.99,4348.03,4355.18,659858.0,2872521.0287,4349.31,4359.33,4349.31,4358.63,0.0,0.0,4347.64,4357.56,4347.64,4355.97,0.0,0.0,2026-09-11 12:39:00+00:00,SEP11_2026_CPI,XAU_USDT,RESTORED_POST,-7.915331193516506,7.915331193516506,-6.102835065145973,6.102835065145973
1789130400,4355.18,4367.02,4354.71,4366.53,745407.0,3251599.84997,4358.63,4369.82,4358.58,4369.31,0.0,0.0,4355.97,4367.44,4355.19,4367.01,0.0,0.0,2026-09-11 12:40:00+00:00,SEP11_2026_CPI,XAU_USDT,RESTORED_POST,-6.362560678918605,6.362560678918605,-5.263989050903195,5.263989050903195
1789130460,4366.53,4366.78,4359.39,4364.32,687221.0,2998614.52206,4369.31,4369.31,4362.13,4368.09,0.0,0.0,4367.01,4367.01,4359.61,4365.88,0.0,0.0,2026-09-11 12:41:00+00:00,SEP11_2026_CPI,XAU_USDT,RESTORED_POST,-8.630774549059916,8.630774549059916,-5.059419563241407,5.059419563241407
1789130520,4364.32,4367.15,4359.99,4360.69,392075.0,1710670.1952,4368.09,4368.52,4359.2,4360.28,0.0,0.0,4365.88,4367.12,4359.41,4360.95,0.0,0.0,2026-09-11 12:42:00+00:00,SEP11_2026_CPI,XAU_USDT,RESTORED_POST,0.9403065858148985,0.9403065858148985,1.536598567064562,1.536598567064562
1789130580,4360.69,4365.94,4360.36,4364.77,258543.0,1127796.67075,4360.28,4362.97,4358.77,4362.38,0.0,0.0,4360.95,4365.03,4360.53,4364.77,0.0,0.0,2026-09-11 12:43:00+00:00,SEP11_2026_CPI,XAU_USDT,RESTORED_POST,5.478660731068619,5.478660731068619,5.478660731068619,5.478660731068619
1789130640,4364.77,4366.47,4357.2,4359.09,431360.0,1880806.89908,4362.38,4363.38,4355.66,4357.12,0.0,0.0,4364.77,4366.03,4357.06,4359.37,0.0,0.0,2026-09-11 12:44:00+00:00,SEP11_2026_CPI,XAU_USDT,RESTORED_POST,4.521335193889975,4.521335193889975,5.163961515863846,5.163961515863846
1789130700,4359.09,4364.75,4357.6,4364.75,314226.0,1370248.79622,4357.12,4361.2,4356.0,4361.08,0.0,0.0,4359.37,4363.65,4357.68,4363.51,0.0,0.0,2026-09-11 12:45:00+00:00,SEP11_2026_CPI,XAU_USDT,RESTORED_POST,8.415346657251188,8.415346657251188,5.572014271695291,5.572014271695291
1789130760,4364.75,4371.55,4364.75,4369.13,716607.0,3129966.02643,4361.08,4368.4,4361.08,4367.62,0.0,0.0,4363.51,4370.88,4363.51,4369.13,0.0,0.0,2026-09-11 12:46:00+00:00,SEP11_2026_CPI,XAU_USDT,RESTORED_POST,3.4572604759586234,3.4572604759586234,3.4572604759586234,3.4572604759586234
1789130820,4369.13,4369.68,4363.27,4365.66,282058.0,1231683.11673,4367.62,4367.7,4361.46,4362.79,0.0,0.0,4369.13,4369.66,4363.27,4364.8,0.0,0.0,2026-09-11 12:47:00+00:00,SEP11_2026_CPI,XAU_USDT,RESTORED_POST,6.578359260931421,6.578359260931421,4.607143593893248,4.607143593893248
1789130880,4365.66,4369.77,4362.19,4368.55,374108.0,1633202.25865,4362.79,4366.39,4361.05,4366.24,0.0,0.0,4364.8,4368.78,4362.34,4368.55,0.0,0.0,2026-09-11 12:48:00+00:00,SEP11_2026_CPI,XAU_USDT,RESTORED_POST,5.290593279343447,5.290593279343447,5.290593279343447,5.290593279343447
1789130940,4368.55,4372.88,4366.99,4367.02,282845.0,1236372.39051,4366.24,4369.83,4365.97,4365.97,0.0,0.0,4368.55,4372.56,4367.18,4367.18,0.0,0.0,2026-09-11 12:49:00+00:00,SEP11_2026_CPI,XAU_USDT,RESTORED_POST,2.4049638453771394,2.4049638453771394,2.771434526576133,2.771434526576133
1789131000,4367.02,4375.48,4365.44,4374.79,507701.0,2219540.48296,4365.97,4372.84,4363.37,4372.44,0.0,0.0,4367.18,4375.48,4365.17,4374.36,0.0,0.0,2026-09-11 12:50:00+00:00,SEP11_2026_CPI,XAU_USDT,RESTORED_POST,5.374573464702603,5.374573464702603,4.3911408732877355,4.3911408732877355
1789131060,4374.79,4381.57,4374.65,4381.29,729031.0,3191934.28577,4372.44,4378.86,4372.44,4378.65,0.0,0.0,4374.36,4381.36,4374.36,4381.3,0.0,0.0,2026-09-11 12:51:00+00:00,SEP11_2026_CPI,XAU_USDT,RESTORED_POST,6.029255592476801,6.029255592476801,6.052093681843118,6.052093681843118
1789131120,4381.29,4381.9,4377.86,4381.6,502517.0,2201024.57499,4378.65,4379.4,4376.64,4379.29,0.0,0.0,4381.3,4381.76,4378.34,4381.35,0.0,0.0,2026-09-11 12:52:00+00:00,SEP11_2026_CPI,XAU_USDT,RESTORED_POST,5.27482765471099,5.27482765471099,4.7039588609121274,4.7039588609121274
1789131180,4381.6,4383.88,4381.6,4382.78,396862.0,1739418.9622,4379.29,4381.38,4379.29,4381.09,0.0,0.0,4381.35,4383.53,4381.35,4383.25,0.0,0.0,2026-09-11 12:53:00+00:00,SEP11_2026_CPI,XAU_USDT,RESTORED_POST,3.857487520229075,3.857487520229075,4.93027990751127,4.93027990751127
1789131240,4382.78,4387.28,4381.69,4382.71,476984.0,2091501.97778,4381.09,4384.48,4380.42,4380.59,0.0,0.0,4383.25,4387.09,4382.0,4382.47,0.0,0.0,2026-09-11 12:54:00+00:00,SEP11_2026_CPI,XAU_USDT,RESTORED_POST,4.839530748141918,4.839530748141918,4.291659342692267,4.291659342692267
1789131300,4382.71,4385.0,4382.13,4383.94,366610.0,1607004.87551,4380.59,4382.14,4380.3,4381.2,0.0,0.0,4382.47,4384.54,4382.08,4383.45,0.0,0.0,2026-09-11 12:55:00+00:00,SEP11_2026_CPI,XAU_USDT,RESTORED_POST,6.253994339449065,6.253994339449065,5.135579293344961,5.135579293344961
1789131360,4383.94,4384.37,4381.56,4383.37,353567.0,1549597.65846,4381.2,4381.82,4379.72,4381.25,0.0,0.0,4383.45,4383.96,4381.61,4383.37,0.0,0.0,2026-09-11 12:56:00+00:00,SEP11_2026_CPI,XAU_USDT,RESTORED_POST,4.83880171183948,4.83880171183948,4.83880171183948,4.83880171183948
1789131420,4383.37,4386.9,4382.42,4386.64,442159.0,1938984.87526,4381.25,4384.69,4380.41,4384.58,0.0,0.0,4383.37,4386.67,4382.45,4386.64,0.0,0.0,2026-09-11 12:57:00+00:00,SEP11_2026_CPI,XAU_USDT,RESTORED_POST,4.6982835300091175,4.6982835300091175,4.6982835300091175,4.6982835300091175
1789131480,4386.64,4391.19,4381.6,4391.06,670878.0,2943397.42273,4384.58,4388.48,4380.69,4388.48,0.0,0.0,4386.64,4390.68,4381.84,4390.68,0.0,0.0,2026-09-11 12:58:00+00:00,SEP11_2026_CPI,XAU_USDT,RESTORED_POST,5.8790287297671995,5.8790287297671995,5.013125273445329,5.013125273445329
1789131540,4391.06,4394.57,4390.26,4393.12,683432.0,3001903.9706,4388.48,4392.11,4388.48,4391.17,0.0,0.0,4390.68,4394.14,4390.61,4392.83,0.0,0.0,2026-09-11 12:59:00+00:00,SEP11_2026_CPI,XAU_USDT,RESTORED_POST,4.4407299193593985,4.4407299193593985,3.7803136749436916,3.7803136749436916
1789131600,4393.12,4397.76,4391.52,4391.55,1545381.0,6791627.86469,4391.17,4395.27,4390.7,4390.7,0.0,0.0,4392.83,4397.15,4391.52,4391.52,0.0,0.0,2026-09-11 13:00:00+00:00,SEP11_2026_CPI,XAU_USDT,RESTORED_POST,1.9359099915750022,1.9359099915750022,1.8675837565784725,1.8675837565784725
1789131660,4391.55,4394.24,4389.11,4394.21,596423.0,2619442.53983,4390.7,4392.24,4388.81,4391.56,0.0,0.0,4391.52,4393.81,4389.54,4393.38,0.0,0.0,2026-09-11 13:01:00+00:00,SEP11_2026_CPI,XAU_USDT,RESTORED_POST,6.034302161417315,6.034302161417315,4.144313182559145,4.144313182559145
1789131720,4394.21,4394.47,4390.01,4393.89,184607.0,810854.0298,4391.56,4392.22,4388.82,4392.22,0.0,0.0,4393.38,4394.25,4390.17,4394.24,0.0,0.0,2026-09-11 13:02:00+00:00,SEP11_2026_CPI,XAU_USDT,RESTORED_POST,3.80217748655598,3.80217748655598,4.5990410316409935,4.5990410316409935
1789131780,4393.89,4397.4,4391.87,4392.15,304343.0,1337463.15853,4392.22,4394.88,4391.47,4391.51,0.0,0.0,4394.24,4396.89,4392.15,4392.19,0.0,0.0,2026-09-11 13:03:00+00:00,SEP11_2026_CPI,XAU_USDT,RESTORED_POST,1.4573574920695442,1.4573574920695442,1.548442335321809,1.548442335321809
1789131840,4392.15,4395.98,4390.85,4394.18,261892.0,1150806.60108,4391.51,4393.67,4389.58,4392.78,0.0,0.0,4392.19,4395.55,4390.7,4394.18,0.0,0.0,2026-09-11 13:04:00+00:00,SEP11_2026_CPI,XAU_USDT,RESTORED_POST,3.187047837589496,3.187047837589496,3.187047837589496,3.187047837589496
1789131900,4394.18,4398.19,4394.0,4397.24,295360.0,1298560.9111,4392.78,4396.04,4392.33,4395.59,0.0,0.0,4394.18,4397.87,4393.86,4397.09,0.0,0.0,2026-09-11 13:05:00+00:00,SEP11_2026_CPI,XAU_USDT,RESTORED_POST,3.753762293570162,3.753762293570162,3.4125111759730764,3.4125111759730764
1789131960,4397.24,4397.27,4391.09,4391.09,274742.0,1207425.88883,4395.59,4395.94,4390.21,4390.21,0.0,0.0,4397.09,4397.09,4391.31,4391.31,0.0,0.0,2026-09-11 13:06:00+00:00,SEP11_2026_CPI,XAU_USDT,RESTORED_POST,2.004459923330426,2.004459923330426,2.5055749041635877,2.5055749041635877
1789132020,4391.09,4391.09,4386.46,4386.66,769814.0,3378272.17331,4390.21,4390.21,4385.34,4385.34,0.0,0.0,4391.31,4391.31,4386.84,4386.84,0.0,0.0,2026-09-11 13:07:00+00:00,SEP11_2026_CPI,XAU_USDT,RESTORED_POST,3.010028868912773,3.010028868912773,3.4204873510379485,3.4204873510379485
1789132080,4386.66,4388.24,4385.62,4388.24,460629.0,2020641.61704,4385.34,4386.34,4384.36,4386.32,0.0,0.0,4386.84,4388.04,4385.62,4388.02,0.0,0.0,2026-09-11 13:08:00+00:00,SEP11_2026_CPI,XAU_USDT,RESTORED_POST,4.377245618194525,4.377245618194525,3.8756862244460066,3.8756862244460066
1789132140,4388.24,4389.65,4386.17,4386.84,375490.0,1647763.01755,4386.32,4387.69,4385.14,4385.76,0.0,0.0,4388.02,4389.35,4386.2,4386.84,0.0,0.0,2026-09-11 13:09:00+00:00,SEP11_2026_CPI,XAU_USDT,RESTORED_POST,2.4625150487023184,2.4625150487023184,2.4625150487023184,2.4625150487023184
1789132200,4386.84,4388.02,4384.73,4386.95,286288.0,1255676.45333,4385.76,4385.78,4383.6,4385.11,0.0,0.0,4386.84,4387.73,4385.11,4387.25,0.0,0.0,2026-09-11 13:10:00+00:00,SEP11_2026_CPI,XAU_USDT,RESTORED_POST,4.196017887807546,4.196017887807546,4.880151239079478,4.880151239079478
1789132260,4386.95,4390.4,4385.8,4387.01,349963.0,1535865.41768,4385.11,4387.44,4384.25,4385.71,0.0,0.0,4387.25,4389.6,4386.0,4387.16,0.0,0.0,2026-09-11 13:11:00+00:00,SEP11_2026_CPI,XAU_USDT,RESTORED_POST,2.964172277692967,2.964172277692967,3.306192155887455,3.306192155887455
1789132320,4387.01,4390.29,4386.88,4387.98,126633.0,555799.79529,4385.71,4388.25,4385.27,4386.24,0.0,0.0,4387.16,4390.28,4386.88,4387.98,0.0,0.0,2026-09-11 13:12:00+00:00,SEP11_2026_CPI,XAU_USDT,RESTORED_POST,3.9669511928197565,3.9669511928197565,3.9669511928197565,3.9669511928197565
1789132380,4387.98,4391.31,4385.59,4390.69,147224.0,646112.27831,4386.24,4388.84,4384.15,4388.76,0.0,0.0,4387.98,4391.12,4385.83,4390.69,0.0,0.0,2026-09-11 13:13:00+00:00,SEP11_2026_CPI,XAU_USDT,RESTORED_POST,4.397597499063988,4.397597499063988,4.397597499063988,4.397597499063988
1789132440,4390.69,4395.63,4390.69,4393.7,315669.0,1386727.15507,4388.76,4393.09,4388.74,4391.48,0.0,0.0,4390.69,4395.37,4390.69,4392.94,0.0,0.0,2026-09-11 13:14:00+00:00,SEP11_2026_CPI,XAU_USDT,RESTORED_POST,5.055243334821657,5.055243334821657,3.324619490467917,3.324619490467917
1789132500,4393.7,4394.43,4390.66,4391.23,212357.0,932887.6664,4391.48,4392.36,4389.51,4389.68,0.0,0.0,4392.94,4394.36,4390.86,4391.22,0.0,0.0,2026-09-11 13:15:00+00:00,SEP11_2026_CPI,XAU_USDT,RESTORED_POST,3.5310090940554595,3.5310090940554595,3.5082283902232447,3.5082283902232447
1789132560,4391.23,4392.16,4388.43,4388.44,215837.0,947608.91608,4389.68,4390.25,4386.79,4386.86,0.0,0.0,4391.22,4391.99,4388.27,4388.33,0.0,0.0,2026-09-11 13:16:00+00:00,SEP11_2026_CPI,XAU_USDT,RESTORED_POST,3.6016649722125926,3.6016649722125926,3.3509161450329117,3.3509161450329117
1789132620,4388.44,4388.69,4385.99,4385.99,291420.0,1278644.15979,4386.86,4386.9,4384.41,4384.73,0.0,0.0,4388.33,4388.39,4385.84,4385.99,0.0,0.0,2026-09-11 13:17:00+00:00,SEP11_2026_CPI,XAU_USDT,RESTORED_POST,2.87360909337675,2.87360909337675,2.87360909337675,2.87360909337675
1789132680,4385.99,4391.21,4385.99,4390.61,184779.0,811039.48614,4384.73,4388.8,4384.66,4388.6,0.0,0.0,4385.99,4390.7,4385.99,4390.64,0.0,0.0,2026-09-11 13:18:00+00:00,SEP11_2026_CPI,XAU_USDT,RESTORED_POST,4.580048306974671,4.580048306974671,4.6484072369312734,4.6484072369312734
1789132740,4390.61,4393.12,4389.54,4390.83,209076.0,918141.54147,4388.6,4391.14,4388.4,4389.07,0.0,0.0,4390.64,4393.07,4389.54,4390.65,0.0,0.0,2026-09-11 13:19:00+00:00,SEP11_2026_CPI,XAU_USDT,RESTORED_POST,4.009961107933613,4.009961107933613,3.5998514491675238,3.5998514491675238
1789132800,4390.83,4393.53,4389.23,4389.57,147309.0,647010.27472,4389.07,4391.5,4387.69,4387.8,0.0,0.0,4390.65,4393.28,4389.23,4389.42,0.0,0.0,2026-09-11 13:20:00+00:00,SEP11_2026_CPI,XAU_USDT,RESTORED_POST,4.03391221112992,4.03391221112992,3.692055244086667,3.692055244086667
1789132860,4389.57,4389.57,4385.57,4387.68,189716.0,832291.46461,4387.8,4387.8,4384.46,4385.66,0.0,0.0,4389.42,4389.42,4385.65,4387.63,0.0,0.0,2026-09-11 13:21:00+00:00,SEP11_2026_CPI,XAU_USDT,RESTORED_POST,4.605920203573088,4.605920203573088,4.491912277742038,4.491912277742038
1789132920,4387.68,4389.28,4385.16,4386.87,226174.0,992234.92479,4385.66,4386.64,4383.54,4384.95,0.0,0.0,4387.63,4388.62,4385.18,4386.85,0.0,0.0,2026-09-11 13:22:00+00:00,SEP11_2026_CPI,XAU_USDT,RESTORED_POST,4.378613211097893,4.378613211097893,4.333002656815577,4.333002656815577
1789132980,4386.87,4390.12,4386.65,4388.02,303408.0,1331433.00941,4384.95,4388.02,4384.59,4386.36,0.0,0.0,4386.85,4389.84,4386.51,4388.02,0.0,0.0,2026-09-11 13:23:00+00:00,SEP11_2026_CPI,XAU_USDT,RESTORED_POST,3.7844590959257296,3.7844590959257296,3.7844590959257296,3.7844590959257296
1789133040,4388.02,4388.7,4387.13,4387.86,99518.0,436641.16645,4386.36,4386.63,4385.35,4385.81,0.0,0.0,4388.02,4388.44,4387.13,4387.63,0.0,0.0,2026-09-11 13:24:00+00:00,SEP11_2026_CPI,XAU_USDT,RESTORED_POST,4.674165091509419,4.674165091509419,4.149746569048762,4.149746569048762
1789133100,4387.86,4391.55,4387.06,4390.54,142913.0,627275.8741,4385.81,4389.19,4385.12,4389.19,0.0,0.0,4387.63,4391.28,4387.0,4391.21,0.0,0.0,2026-09-11 13:25:00+00:00,SEP11_2026_CPI,XAU_USDT,RESTORED_POST,3.075738348079504,3.075738348079504,4.602215898605877,4.602215898605877
1789133160,4390.54,4392.49,4389.27,4391.85,119737.0,525763.72071,4389.19,4390.18,4387.75,4389.64,0.0,0.0,4391.21,4392.1,4389.27,4391.37,0.0,0.0,2026-09-11 13:26:00+00:00,SEP11_2026_CPI,XAU_USDT,RESTORED_POST,5.03458142353308,5.03458142353308,3.9410976754350457,3.9410976754350457
1789133220,4391.85,4393.17,4390.15,4391.33,148407.0,651691.91634,4389.64,4391.04,4388.71,4388.93,0.0,0.0,4391.37,4392.99,4390.15,4390.51,0.0,0.0,2026-09-11 13:27:00+00:00,SEP11_2026_CPI,XAU_USDT,RESTORED_POST,5.468303208298053,5.468303208298053,3.5999662787977726,3.5999662787977726
1789133280,4391.33,4400.28,4388.82,4400.14,824674.0,3626886.56324,4388.93,4397.92,4387.44,4397.89,0.0,0.0,4390.51,4400.21,4388.82,4400.17,0.0,0.0,2026-09-11 13:28:00+00:00,SEP11_2026_CPI,XAU_USDT,RESTORED_POST,5.116089761225684,5.116089761225684,5.18430429137462,5.18430429137462
1789133340,4400.14,4403.2,4394.68,4394.68,439868.0,1935241.4216,4397.89,4400.21,4393.71,4393.71,0.0,0.0,4400.17,4402.48,4395.52,4395.52,0.0,0.0,2026-09-11 13:29:00+00:00,SEP11_2026_CPI,XAU_USDT,RESTORED_POST,2.207701464138623,2.207701464138623,4.119525412464853,4.119525412464853
1789133400,4394.68,4394.99,4391.15,4393.02,307125.0,1349219.3592,4393.71,4393.71,4389.49,4391.25,0.0,0.0,4395.52,4395.52,4391.19,4393.16,0.0,0.0,2026-09-11 13:30:00+00:00,SEP11_2026_CPI,XAU_USDT,RESTORED_POST,4.030742954741484,4.030742954741484,4.349558781666651,4.349558781666651
