event_id,symbol,window,n,last_index_abs_n,last_index_abs_mean,last_index_abs_median,last_index_abs_p95,last_index_abs_max,fair_index_abs_n,fair_index_abs_mean,fair_index_abs_median,fair_index_abs_p95,fair_index_abs_max
SEP11_2026_CPI,XAU_USDT,PRE,50,50,5.428008337996103,5.261450721188998,6.85590995848262,7.079605202473527,50,5.206057586439926,5.153983813375174,6.114807429840607,6.924152829901331
SEP11_2026_CPI,XAU_USDT,RESTORED_POST,56,56,4.352901756330824,4.38810535508094,6.92432859297959,8.630774549059916,56,4.068534358491115,4.147029875803954,5.501999116225287,6.102835065145973
SEP11_2026_CPI,XAU_USDT,RESTRICTED_PRE,10,10,5.740486683804669,6.282149231808809,6.740080260939751,6.7633229382835225,10,5.9962006679343824,6.309854817576621,6.933021101494186,6.988442546009832
SEP11_2026_CPI,XAU_USDT,SHOCK_RESTRICTED,5,5,5.43959385075965,5.06806011321137,7.773903574687768,8.311016714378505,5,2.5743832045883597,1.527360582063153,6.646424075880785,7.872379721121092
SEP11_2026_CPI,XAUT_USDT,PRE,50,50,4.330309053243098,4.156467928139174,6.693526882486589,6.920574869085927,50,3.9932821795414024,3.926596084285472,5.307269080197297,5.537481830139024
SEP11_2026_CPI,XAUT_USDT,RESTORED_POST,56,56,3.968675400708265,3.9002389434544815,6.235039237586781,6.846657689937308,56,3.2301533118067205,3.203851445757744,4.564594737096472,4.79222290682646
SEP11_2026_CPI,XAUT_USDT,RESTRICTED_PRE,10,10,4.5219852502725875,4.612836193010339,5.429249389053203,5.528170636199814,10,4.129805136467989,4.1545012917215685,4.386405542639693,4.387180197655827
SEP11_2026_CPI,XAUT_USDT,SHOCK_RESTRICTED,5,5,4.488554042944903,5.3066309814964185,5.74482655265518,5.7873049678225374,5,2.7760957933344876,3.2408907819814203,3.7928807403972975,3.9280927954155054
SEP11_2026_CPI,SILVER_USDT,PRE,50,50,6.446137145270736,6.261740763933155,9.380645823557797,9.398496240600185,50,4.850326611937162,4.6952030962843505,6.262279977557683,6.267627702913892
SEP11_2026_CPI,SILVER_USDT,RESTORED_POST,56,56,4.298511823382882,4.607235556778333,9.27034685273387,9.366219169528733,56,2.727993826051481,3.079054748442722,5.025724781066998,6.1804697156997435
SEP11_2026_CPI,SILVER_USDT,RESTRICTED_PRE,10,10,6.86832781105484,7.02820786494085,10.228168351503419,10.935791282611351,10,5.619350627685593,6.24122327976151,7.970583654794857,9.373535385093223
SEP11_2026_CPI,SILVER_USDT,SHOCK_RESTRICTED,5,5,5.952962199558209,4.69263256687058,11.575373632529029,12.50781738586726,5,2.50553636698303,1.5656802880870124,4.703973641144277,4.707359171505221
SEP16_2026_FOMC,XAU_USDT,PRE,50,50,4.979591443270248,5.057285968055325,5.660864898075713,6.072874493927571,50,4.843920058170027,4.943439840716657,5.464860207709421,5.4970961991851475
SEP16_2026_FOMC,XAU_USDT,RESTORED_POST,56,56,6.108041034483614,5.955194997068203,9.292789114126453,11.045285671253957,56,5.839659601339046,5.717239336715529,8.523825261849138,10.298035900679903
SEP16_2026_FOMC,XAU_USDT,RESTRICTED_PRE,10,10,4.725289853518167,4.401627481401826,6.555752336570461,7.789214686793056,10,4.330956425833588,4.249164838479036,4.989642347860811,5.223355731143187
SEP16_2026_FOMC,XAU_USDT,SHOCK_RESTRICTED,5,5,3.7750872595594402,2.974495431036228,7.927170116388104,9.111018335059562,5,3.41092842531987,3.3999366270331954,7.426964506541899,8.372910520573207
SEP16_2026_FOMC,XAUT_USDT,PRE,50,50,3.7718421447489487,3.800028587314652,5.192782751746282,5.757715338553515,50,3.403433719627125,3.683707652239465,4.503097303023783,4.607551777363605
SEP16_2026_FOMC,XAUT_USDT,RESTORED_POST,56,56,5.27138396374509,4.988316019233774,9.647978231516753,11.230171728042748,56,4.4367285277762045,3.9348790499849073,8.540561993387596,9.116835756698416
SEP16_2026_FOMC,XAUT_USDT,RESTRICTED_PRE,10,10,2.393453593095396,2.3019469131124737,3.960206438395563,4.373144290744646,10,2.163716780021807,2.3019469131124737,3.270867247473052,3.685871593447354
SEP16_2026_FOMC,XAUT_USDT,SHOCK_RESTRICTED,5,5,6.2393924562476055,5.079423716290998,8.794959253042522,9.033005211348533,5,3.9744351117088073,4.156371949107784,5.131296837509236,5.317427289960319
SEP16_2026_FOMC,SILVER_USDT,PRE,50,50,6.640754674598526,6.209733795079497,9.300670032847735,9.319664492077884,50,4.809987095172907,4.656216048422035,6.207854524896028,6.215040397763438
SEP16_2026_FOMC,SILVER_USDT,RESTORED_POST,56,56,6.47112364863141,6.310641672337969,9.829909340104969,12.529365700861828,56,4.84681390466166,4.706621109764608,6.701546407837933,7.907638779061088
SEP16_2026_FOMC,SILVER_USDT,RESTRICTED_PRE,10,10,6.197903038293707,6.203955058635691,7.748105754513457,7.756748371083866,10,5.267429149119485,4.657300570795053,6.2023695622168695,6.205398696867981
SEP16_2026_FOMC,SILVER_USDT,SHOCK_RESTRICTED,5,5,6.228059011798237,6.234413965087171,10.27804547772293,10.90172870269468,5,2.8034480330849654,3.114779629342923,5.916482144576296,6.2266500622665255
