"board_row","scientific_claim","original_board_label","legacy_board_class","H_frozen","U95_original_2sided_CI_upper","units","N_raw","N_independent_clusters","N_eff_statistical","U95_vs_H","method","closeout_url","freeze_url"
"6","MVE-ADX4H-01","MVE-ADX4H-01","NEGATIVE_SCIENTIFIC","UNKNOWN","UNKNOWN","UNKNOWN","UNKNOWN","UNKNOWN","UNKNOWN","UNKNOWN","UNKNOWN","UNKNOWN","UNKNOWN"
"7","NFP Surprise V2 replication","NFP Surprise V2 replication","NEGATIVE_SCIENTIFIC","UNKNOWN","UNKNOWN","UNKNOWN","UNKNOWN","UNKNOWN","UNKNOWN","UNKNOWN","UNKNOWN","UNKNOWN","UNKNOWN"
"9","Simple Trading 4H / MVE-SIMPLE4H-01","Simple Trading 4H / MVE-SIMPLE4H-01","NEGATIVE_SCIENTIFIC","UNKNOWN","UNKNOWN","UNKNOWN","UNKNOWN","UNKNOWN","UNKNOWN","UNKNOWN","UNKNOWN","UNKNOWN","UNKNOWN"
"11","Spot–Perp Cash-and-Carry V0.1","Spot–Perp Cash-and-Carry V0.1","NEGATIVE_SCIENTIFIC","UNKNOWN","UNKNOWN","UNKNOWN","UNKNOWN","UNKNOWN","UNKNOWN","UNKNOWN","UNKNOWN","UNKNOWN","UNKNOWN"
"12","DLI-BTC-FUTSPOT-TURNOVER-001","DLI-BTC-FUTSPOT-TURNOVER-001","NEGATIVE_SCIENTIFIC","UNKNOWN","UNKNOWN","UNKNOWN","UNKNOWN","UNKNOWN","UNKNOWN","UNKNOWN","UNKNOWN","UNKNOWN","UNKNOWN"
"13","PERPETUAL-LAUNCH-SHOCK-001","PERPETUAL-LAUNCH-SHOCK-001","NEGATIVE_SCIENTIFIC","UNKNOWN","UNKNOWN","UNKNOWN","UNKNOWN","UNKNOWN","UNKNOWN","UNKNOWN","UNKNOWN","UNKNOWN","UNKNOWN"
"16","MSEL-001 Memecoin Structural Edge","MSEL-001 Memecoin Structural Edge","NEGATIVE_SCIENTIFIC","UNKNOWN","UNKNOWN","UNKNOWN","UNKNOWN","UNKNOWN","UNKNOWN","UNKNOWN","UNKNOWN","UNKNOWN","UNKNOWN"
"19","On-chain Capital Flow","On-chain Capital Flow","NEGATIVE_SCIENTIFIC","UNKNOWN","UNKNOWN","UNKNOWN","UNKNOWN","UNKNOWN","UNKNOWN","UNKNOWN","UNKNOWN","UNKNOWN","UNKNOWN"
"20","Token Unlock / Supply Dilution","Token Unlock / Supply Dilution","NEGATIVE_SCIENTIFIC","UNKNOWN","UNKNOWN","UNKNOWN","UNKNOWN","UNKNOWN","UNKNOWN","UNKNOWN","UNKNOWN","UNKNOWN","UNKNOWN"
"21","Stablecoin Peg Dislocation","Stablecoin Peg Dislocation","NEGATIVE_SCIENTIFIC","UNKNOWN","UNKNOWN","UNKNOWN","UNKNOWN","UNKNOWN","UNKNOWN","UNKNOWN","UNKNOWN","UNKNOWN","UNKNOWN"
"23","Aave Credit Stress","Aave Credit Stress","NEGATIVE_SCIENTIFIC","UNKNOWN","UNKNOWN","UNKNOWN","UNKNOWN","UNKNOWN","UNKNOWN","UNKNOWN","UNKNOWN","UNKNOWN","UNKNOWN"
"24","BTC Options Expiry Reversal","BTC Options Expiry Reversal","NEGATIVE_SCIENTIFIC","UNKNOWN","UNKNOWN","UNKNOWN","UNKNOWN","UNKNOWN","UNKNOWN","UNKNOWN","UNKNOWN","UNKNOWN","UNKNOWN"
"26","ETF Shortflow","ETF Shortflow","NEGATIVE_SCIENTIFIC","UNKNOWN","UNKNOWN","UNKNOWN","UNKNOWN","UNKNOWN","UNKNOWN","UNKNOWN","UNKNOWN","UNKNOWN","UNKNOWN"
"28","Treasury Auction Demand","Treasury Auction Demand","NEGATIVE_SCIENTIFIC","UNKNOWN","UNKNOWN","UNKNOWN","UNKNOWN","UNKNOWN","UNKNOWN","UNKNOWN","UNKNOWN","UNKNOWN","UNKNOWN"
"29","Cross-Asset Vol Stress / Cboe VX Settlement","Cross-Asset Vol Stress / Cboe VX Settlement","NEGATIVE_SCIENTIFIC","UNKNOWN","UNKNOWN","UNKNOWN","UNKNOWN","UNKNOWN","UNKNOWN","UNKNOWN","UNKNOWN","UNKNOWN","UNKNOWN"
"30","ETH-STAKING-FLOW-001 / ESF-NETQUEUE-XATU-7D-003","ETH-STAKING-FLOW-001 / ESF-NETQUEUE-XATU-7D-003","INSUFFICIENT_SAMPLE","UNKNOWN","UNKNOWN","UNKNOWN","UNKNOWN","UNKNOWN","UNKNOWN","UNKNOWN","UNKNOWN","UNKNOWN","UNKNOWN"
"31","AAVE-LIQUIDATION-OVERHANG-001","AAVE-LIQUIDATION-OVERHANG-001","NEGATIVE_SCIENTIFIC","UNKNOWN","UNKNOWN","UNKNOWN","UNKNOWN","UNKNOWN","UNKNOWN","UNKNOWN","UNKNOWN","UNKNOWN","UNKNOWN"
"32","AAVE-RISK-PARAMETER-SHOCK-001","AAVE-RISK-PARAMETER-SHOCK-001","INSUFFICIENT_SAMPLE","UNKNOWN","UNKNOWN","UNKNOWN","UNKNOWN","UNKNOWN","UNKNOWN","UNKNOWN","UNKNOWN","UNKNOWN","UNKNOWN"
"34","STETH-REDEMPTION-BASIS-002","STETH-REDEMPTION-BASIS-002","INSUFFICIENT_SAMPLE","UNKNOWN","UNKNOWN","UNKNOWN","UNKNOWN","UNKNOWN","UNKNOWN","UNKNOWN","UNKNOWN","UNKNOWN","UNKNOWN"
"37","DEX-LIQUIDITY-PROVISION-001","DEX-LIQUIDITY-PROVISION-001","INSUFFICIENT_SAMPLE","UNKNOWN","UNKNOWN","UNKNOWN","UNKNOWN","UNKNOWN","UNKNOWN","UNKNOWN","UNKNOWN","UNKNOWN","UNKNOWN"
"39","EBD-BURN80-UTIL50-LONG-H24-001","ETH-BLOCKSPACE-DEMAND-001","NEGATIVE_SCIENTIFIC","0","92.9726421985","bps NET20","112","UNKNOWN","UNKNOWN","U95_GE_H","Week clustered percentile bootstrap 2-sided 95%","https://github.com/joseluisvieira28-oss/Laboratorio/blob/eth-blockspace-demand-v0.1/research/eth_blockspace_demand/ETH_BLOCKSPACE_DEMAND_001_DISCOVERY_CLOSEOUT_V0_1.json","https://github.com/joseluisvieira28-oss/Laboratorio/blob/eth-blockspace-demand-v0.1/research/eth_blockspace_demand/ETH_BLOCKSPACE_DEMAND_001_FINAL_PRE_DISCOVERY_PROTOCOL_V0_1.md"
"42","TFG-PBR01-4H-001","TFG-PBR01-4H-001","INSUFFICIENT_SAMPLE","UNKNOWN","UNKNOWN","UNKNOWN","UNKNOWN","UNKNOWN","UNKNOWN","UNKNOWN","UNKNOWN","UNKNOWN","UNKNOWN"
"44","L2R-OVERLAY-ETF-CME-001","L2R-OVERLAY-ETF-CME-001","INSUFFICIENT_SAMPLE","UNKNOWN","UNKNOWN","UNKNOWN","UNKNOWN","UNKNOWN","UNKNOWN","UNKNOWN","UNKNOWN","UNKNOWN","UNKNOWN"
"45","L2R-OVERLAY-ETF-CME-SPAN-001","L2R-OVERLAY-ETF-CME-SPAN-001","NEGATIVE_SCIENTIFIC","UNKNOWN","UNKNOWN","UNKNOWN","UNKNOWN","UNKNOWN","UNKNOWN","UNKNOWN","UNKNOWN","UNKNOWN","UNKNOWN"
"46","GTL-THIRDTOUCH-REJECTION-1H-001","GEOMETRIC-TRENDLINE-001 / GTL-THIRDTOUCH-REJECTION-1H-001","NEGATIVE_SCIENTIFIC","0","8.8974763530","bps gross directional response 6h","816","UNKNOWN","UNKNOWN","U95_GE_H","Week clustered percentile bootstrap 2-sided 95%","https://github.com/joseluisvieira28-oss/Laboratorio/blob/geometric-trendline-v0.1/research/geometric_trendline/GEOMETRIC_TRENDLINE_001_DISCOVERY_CLOSEOUT_V0_1.md","https://github.com/joseluisvieira28-oss/Laboratorio/blob/geometric-trendline-v0.1/research/geometric_trendline/GEOMETRIC_TRENDLINE_001_PREDISCOVERY_PROTOCOL_V0_1.md"
"50","TVSQZ-001 / TradingView Squeeze Momentum Compression-Release","TVSQZ-001 / TradingView Squeeze Momentum Compression-Release","NEGATIVE_SCIENTIFIC","UNKNOWN","UNKNOWN","UNKNOWN","UNKNOWN","UNKNOWN","UNKNOWN","UNKNOWN","UNKNOWN","UNKNOWN","UNKNOWN"
"51","USORB-001","USORB-001 / U.S. Cash Open 15m Opening-Range Breakout","NEGATIVE_SCIENTIFIC","0","-2.880501","bps NET10","2853","UNKNOWN","UNKNOWN","U95_LT_H","Date clustered percentile bootstrap 2-sided 95%","https://github.com/joseluisvieira28-oss/Laboratorio/blob/us-open-orb-crypto-v0.1/Dream-Account-OS-v2.3-PARTIAL/research/USORB_001_DISCOVERY_CLOSEOUT.md","https://github.com/joseluisvieira28-oss/Laboratorio/blob/us-open-orb-crypto-v0.1/Dream-Account-OS-v2.3-PARTIAL/research/USORB_001_PROTOCOL.json"
"53","USOPEN-VOL-002 / USOV-POSTETF-2024-001 — Post-ETF 2024 Replication","USOPEN-VOL-002 / USOV-POSTETF-2024-001 — Post-ETF 2024 Replication","NEGATIVE_SCIENTIFIC","UNKNOWN","UNKNOWN","UNKNOWN","UNKNOWN","UNKNOWN","UNKNOWN","UNKNOWN","UNKNOWN","UNKNOWN","UNKNOWN"
"55","USOPEN-STRADDLE-001","USOPEN-STRADDLE-001 — 09:00→11:00 ET Long ATM Straddle Diagnostic","NEGATIVE_SCIENTIFIC","0","-0.0027037","BTC NET (1 BTC option straddle)","134","134 dates","UNKNOWN","U95_LT_H","Date clustered bootstrap 2-sided 95%; contaminated retrospective diagnostic, zero promotion credit","https://github.com/joseluisvieira28-oss/Laboratorio/blob/us-open-straddle-monetization-v0.1/Dream-Account-OS-v2.3-PARTIAL/research/USOPEN_STRADDLE_001_CLOSEOUT.md","https://github.com/joseluisvieira28-oss/Laboratorio/blob/us-open-straddle-monetization-v0.1/Dream-Account-OS-v2.3-PARTIAL/research/USOPEN_STRADDLE_001_PROTOCOL.json"
"58","BINANCE-COLLATERAL-HAIRCUT-001 — Portfolio Margin Collateral-Ratio Shock","BINANCE-COLLATERAL-HAIRCUT-001 — Portfolio Margin Collateral-Ratio Shock","NEGATIVE_SCIENTIFIC","UNKNOWN","UNKNOWN","UNKNOWN","UNKNOWN","UNKNOWN","UNKNOWN","UNKNOWN","UNKNOWN","UNKNOWN","UNKNOWN"
"59","WBTC-BTC-PEG-REVERSION-001 — Wrapped BTC Discount Reversion","WBTC-BTC-PEG-REVERSION-001 — Wrapped BTC Discount Reversion","INSUFFICIENT_SAMPLE","UNKNOWN","UNKNOWN","UNKNOWN","UNKNOWN","UNKNOWN","UNKNOWN","UNKNOWN","UNKNOWN","UNKNOWN","UNKNOWN"
"62","CROSSCHAIN-LIQUIDITY-MIGRATION-001 / CCLM-CCTP-USDC-001","CROSSCHAIN-LIQUIDITY-MIGRATION-001 / CCLM-CCTP-USDC-001","NEGATIVE_SCIENTIFIC","UNKNOWN","UNKNOWN","UNKNOWN","UNKNOWN","UNKNOWN","UNKNOWN","UNKNOWN","UNKNOWN","UNKNOWN","UNKNOWN"
"63","CMM-001 — Cross-Market Mispricing","CMM-001 — Cross-Market Mispricing","INSUFFICIENT_SAMPLE","UNKNOWN","UNKNOWN","UNKNOWN","UNKNOWN","UNKNOWN","UNKNOWN","UNKNOWN","UNKNOWN","UNKNOWN","UNKNOWN"
"64","CMM-DRV-001 — Dynamic Cross-Market Resolution","CMM-DRV-001 — Dynamic Cross-Market Resolution","INSUFFICIENT_SAMPLE","UNKNOWN","UNKNOWN","UNKNOWN","UNKNOWN","UNKNOWN","UNKNOWN","UNKNOWN","UNKNOWN","UNKNOWN","UNKNOWN"
"65","CMM-PR-001 — Cross-Market Price Residual","CMM-PR-001 — Cross-Market Price Residual","NEGATIVE_SCIENTIFIC","UNKNOWN","UNKNOWN","UNKNOWN","UNKNOWN","UNKNOWN","UNKNOWN","UNKNOWN","UNKNOWN","UNKNOWN","UNKNOWN"
"66","RETH-NAV-DISLOCATION-001 — rETH Protocol NAV Dislocation","RETH-NAV-DISLOCATION-001 — rETH Protocol NAV Dislocation","INSUFFICIENT_SAMPLE","UNKNOWN","UNKNOWN","UNKNOWN","UNKNOWN","UNKNOWN","UNKNOWN","UNKNOWN","UNKNOWN","UNKNOWN","UNKNOWN"
