source,status,t0,ticker
https://www.binance.com/en/support/announcement/detail/90ad67fe5be7483ea058191bfde677e4,NO_VALID_PRET0_VENUE,2024-03-05T10:01:00Z,WIF
https://www.binance.com/en/support/announcement/detail/2eb66d061d214c31a096cff35ede9360,NO_VALID_PRET0_VENUE,2024-03-01T07:18:00Z,AXL
https://www.binance.com/en/support/announcement/detail/dd856efc9c1a4a209eb48992e190e4d6,NO_VALID_PRET0_VENUE,2024-04-11T06:43:00Z,TAO
https://www.binance.com/en-AE/support/announcement/detail/4336ae4908154736acff8302509f7a05,NO_VALID_PRET0_VENUE,2024-09-16T05:45:00Z,NEIRO
https://www.binance.com/en-AE/support/announcement/detail/4336ae4908154736acff8302509f7a05,NO_VALID_PRET0_VENUE,2024-09-16T05:45:00Z,TURBO
https://www.binance.com/en-AE/support/announcement/detail/4336ae4908154736acff8302509f7a05,NO_VALID_PRET0_VENUE,2024-09-16T05:45:00Z,1MBABYDOGE
https://www.binance.com/en/support/announcement/detail/2faa229be2ba4b758bbeb1859f63ba36,NO_VALID_PRET0_VENUE,2024-11-06T05:10:00Z,COW
https://www.binance.com/en/support/announcement/detail/2faa229be2ba4b758bbeb1859f63ba36,NO_VALID_PRET0_VENUE,2024-11-06T05:10:00Z,CETUS
https://www.binance.com/en/support/announcement/detail/d16d96c136154680a6373225d592bca1,NO_VALID_PRET0_VENUE,2024-11-11T05:39:00Z,ACT
https://www.binance.com/en/support/announcement/detail/d16d96c136154680a6373225d592bca1,NO_VALID_PRET0_VENUE,2024-11-11T05:39:00Z,PNUT
https://www.binance.com/en/support/announcement/detail/b8b988973b88493192f2e43ba26da331,NO_VALID_PRET0_VENUE,2024-12-06T08:34:00Z,ACX
https://www.binance.com/en/support/announcement/detail/b8b988973b88493192f2e43ba26da331,NO_VALID_PRET0_VENUE,2024-12-06T08:34:00Z,ORCA
https://www.binance.com/en/support/announcement/detail/4f8e9e0b5dd54e9095b7d718f289d9d4,NO_VALID_PRET0_VENUE,2024-12-13T08:07:00Z,VELODROME
