date,S_raw,O_raw,R_raw,L_raw,S_z,O_z,R_z,L_z,N,G,q95,extreme
2025-01-01,-0.04504283176149791,-7.885000000000005,0.04999999999999982,0.06112658052596475,-0.9472449850798513,-2.0049014976071953,0.33724537973829294,2.080651859032838,0.33724537973829294,-1.2844903648181443,2.692361842680638,False
2025-01-02,0.007331984943561071,0.3400000000000034,0.04999999999999982,0.05653876968281081,-0.10560403855003803,0.43613133353464645,0.337245379738292,1.8130780899530465,0.43613133353464645,-0.5417353720846845,2.6921146553056015,False
2025-01-03,0.038563445019268124,0.09499999999999886,0.040000000000000036,0.04952936856808322,0.4024208989539657,0.35660162669899337,0.252934034803719,1.4522532447316114,0.35660162669899337,0.04581927225497234,2.6918674679305648,False
2025-01-04,0.029389564552397558,-0.37999999999999545,0.019999999999999574,0.05710562314905964,0.2397298150528384,0.20974097442337164,0.08431134493456574,1.8041785012052012,0.20974097442337164,0.029988840629466773,2.6916202805555276,False
2025-01-05,0.04309579912996269,2.4100000000000037,0.019999999999999574,0.058760211385824046,0.46153802987740916,1.0642136811421312,0.08431134493456598,1.8538708590892117,1.0642136811421312,-0.602675651264722,2.6913730931804896,False
2025-01-06,0.10342860467062133,-0.44000000000000483,0.019999999999999574,0.05560262276871173,1.4934711041442168,0.17733453951795514,0.08431134493456598,1.722893850370293,0.17733453951795514,1.3161365646262617,2.691125905805453,False
2025-01-07,0.029754431727887713,1.6199999999999974,0.02999999999999936,0.04954560110298398,0.21785247041106875,0.8050622810705763,0.17986420252707983,1.403591746266109,0.8050622810705763,-0.5872098106595076,2.690878718430416,False
2025-01-08,0.007384362422159591,-1.5849999999999937,-0.05999999999999961,0.04863445754312444,-0.17765147367331047,-0.1974306664982717,-0.6744907594765867,1.3599700652838131,-0.1974306664982717,0.01977919282496124,2.690631531055379,False
2025-01-09,-0.0311157226427474,-5.039999999999999,-0.03000000000000025,0.041572221025046416,-0.8462019117833536,-1.2721407995191472,-0.38542329112948454,0.9849014373898796,-0.38542329112948454,-0.46077862065386904,2.6903843436803423,False
2025-01-10,-0.0441100998034625,-2.190000000000005,-0.019999999999999574,0.0417226193030123,-1.0539824161164193,-0.38730827270290186,-0.2248302531588624,0.990703533788782,-0.2248302531588624,-0.8291521629575569,2.6901371563053043,False
2025-01-11,-0.03389774005285759,-4.93,-0.1200000000000001,0.03849381023682884,-0.8467396242458031,-1.2612107401701858,-1.1562698733884453,0.7968563509057792,-1.1562698733884453,0.30953024914264227,2.6898899689302675,False
2025-01-12,-0.030957310809456535,-1.2199999999999989,-0.1200000000000001,0.028196511367868125,-0.7710802216903109,-0.08615474603210713,-1.1562698733884453,0.20971857697061666,-0.08615474603210713,-0.6849254756582037,2.6896427815552304,False
2025-01-13,-0.11190324228596434,-0.259999999999998,-0.1200000000000001,0.025288937193912085,-2.0794455763094657,0.21189410510599743,-1.1562698733884453,0.029662870012496293,0.029662870012496293,-2.109108446321962,2.6893955941801937,False
2025-01-14,-0.020552411197136723,-0.09500000000000597,-0.1200000000000001,0.02229370719877255,-0.5722843451794485,0.26312125139535664,-1.1562698733884453,-0.16763461461616566,-0.16763461461616566,-0.4046497305632828,2.689359759368339,False
2025-01-15,0.04343375518554066,1.0100000000000051,-0.07000000000000028,0.02052751213448985,0.5172202725923531,0.6061878977574489,-0.5845586582130547,-0.2722814353516401,-0.2722814353516401,0.7895017079439932,2.6893239245564837,False
2025-01-16,0.05265162019980772,1.8599999999999994,0.010000000000000675,0.021488117896164952,0.6754089757279664,0.8700853180359769,0.19271164556474576,-0.21633152580120615,0.19271164556474576,0.4826973301632207,2.689288089744629,False
2025-01-17,0.11418968634339831,1.230000000000004,0.03999999999999915,0.02311597528974918,1.722916121540683,0.6744907594765974,0.4046944556859499,-0.12309846708537668,0.4046944556859499,1.318221665854733,2.689252254932774,False
2025-01-18,0.08913768151152346,5.000000000000007,0.13000000000000078,0.02318824905158465,1.2966326522228542,1.8513447289559668,1.2526256961708222,-0.11883417349791137,1.2526256961708222,0.044006956052031976,2.6892164201209194,False
2025-01-19,0.0992399740611848,3.769999999999996,0.13000000000000078,0.030255080617186018,1.468532679587291,1.468146745511986,1.1691173164261095,0.29812273816102497,1.1691173164261095,0.29941536316118156,2.6891805853090647,False
2025-01-20,0.15511947471345483,2.759999999999991,0.13000000000000078,0.027679609585645804,2.4133795281167623,1.1455513931018741,1.096047484149479,0.1210444024684399,1.096047484149479,1.3173320439672833,2.68914475049721,False
2025-01-21,0.0919435989085876,1.2150000000000034,0.13000000000000078,0.02915218497784524,1.339929843818171,0.6675292722801632,1.0960474841494727,0.18399127362165124,0.6675292722801632,0.6724005715380078,2.689108915685355,False
2025-01-22,0.04647175244407319,0.9300000000000068,0.11000000000000032,0.029188374905257115,0.5656821708924353,0.579350434458683,0.9274247942803202,0.1741031258622959,0.579350434458683,-0.013668263566247618,2.6890730808735,False
2025-01-23,0.056672364083465425,2.020000000000003,0.08000000000000007,0.03870635362302893,0.7377496683200185,0.9229463625632386,0.6744907594765952,0.6852479447310255,0.6852479447310255,0.05250172358899308,2.689037246061645,False
2025-01-24,0.006391382371886692,1.2449999999999974,-0.020000000000000462,0.047184068661070756,-0.10736677911497004,0.6815004786859343,-0.16862268986915255,1.126926257680656,0.6815004786859343,-0.7888672578009044,2.6890014112497904,False
2025-01-25,0.013479783784576647,1.1850000000000023,-0.03999999999999915,0.04858757828988622,0.008909725963270197,0.662807894127693,-0.3372453797382901,1.1779883714560377,0.662807894127693,-0.6538981681644228,2.688965576437935,False
2025-01-26,-0.00023916023048988112,3.5500000000000043,-0.03999999999999915,0.05011650983357843,-0.2217278829462637,1.4044726474848692,-0.3372453797382901,1.2461019535138018,1.2461019535138018,-1.4678298364600655,2.6889297416260804,False
2025-01-27,-0.06713652168805408,1.5600000000000023,-0.03999999999999915,0.04788928880150239,-1.3136874337907896,0.7823467557776042,-0.31476235442240363,1.1151923615350707,0.7823467557776042,-2.096034189568394,2.6888939068142257,False
2025-01-28,-0.02621550020472376,-3.0500000000000043,0.09999999999999964,0.046422860620615514,-0.627509682993295,-0.6588594556648547,1.0599140506060685,0.9687867758433117,0.9687867758433117,-1.5962964588366066,2.688858072002371,False
2025-01-29,-0.01567258757095068,-1.3099999999999952,0.09999999999999964,0.04851210107154876,-0.4736463146974407,-0.10172134423660699,1.0599140506060685,0.9962073481691243,0.9962073481691243,-1.4698536628665648,2.688822237190516,False
2025-01-30,0.005291135583354292,0.32500000000000284,0.08000000000000007,0.052862427527160104,-0.13562956427665668,0.4100152644614121,0.8672024050413318,1.1339741099811331,0.8672024050413318,-1.0028319693179886,2.6887864023786614,False
2025-01-31,-0.005353081154427785,0.8799999999999955,0.11000000000000032,0.05717199923185578,-0.3164981174658777,0.5805239240359347,1.1562698733884453,1.2640213371385796,1.1562698733884453,-1.472767990854323,2.688750567566806,False
2025-02-01,-0.02675179670995472,1.5200000000000031,0.04999999999999982,0.06335304743301638,-0.681724236661338,0.7718728572945188,0.5781349366942183,1.5002634273253899,0.7718728572945188,-1.4535970939558567,2.6887147327549514,False
2025-02-02,-0.06571195885822781,-3.4649999999999963,0.04999999999999982,0.06645259440025386,-1.3441286468830256,-0.8577762919430575,0.5781349366942183,1.6203667902829697,0.5781349366942183,-1.922263583577244,2.6886788979430967,False
2025-02-03,-0.012113090614976825,-1.7299999999999969,0.04999999999999982,0.057489134977182485,-0.43283555287329395,-0.29244224957982556,0.5781349366942202,1.1757505752213007,0.5781349366942202,-1.0109704895675142,2.6882625655412538,False
2025-02-04,-0.031861947085177256,-2.3900000000000006,-0.08999999999999986,0.04932976441200081,-0.7728003336708382,-0.511201634007198,-0.7708465822589684,0.788723075544016,-0.511201634007198,-0.26159869966364024,2.687846233139409,False
2025-02-05,-0.04117212813026497,-1.1300000000000026,-0.019999999999999574,0.05310367446957542,-0.9319564258320138,-0.09872619972658603,-0.0963558227823689,0.8938976912373299,-0.0963558227823689,-0.8356006030496449,2.687429900737566,False
2025-02-06,-0.09013238936074988,-2.6899999999999977,0.040000000000000036,0.06550345854900234,-1.7689244515768745,-0.6240929443226747,0.48177911391185463,1.332928369651445,0.48177911391185463,-2.2507035654887293,2.6870135683357232,False
2025-02-07,-0.0715322040994652,-2.2849999999999966,-0.03000000000000025,0.07014605225630548,-1.4430850142024136,-0.4880188434070975,-0.1927116455647476,1.4855938343648292,-0.1927116455647476,-1.2503733686376661,2.6865972359338803,False
2025-02-08,-0.05819359419436312,-12.639999999999993,-0.07000000000000028,0.074707200576323,-1.2073484455194532,-3.997013622343735,-0.5781349366942342,1.6410272153344196,-0.5781349366942342,-0.629213508825219,2.686180903532038,False
2025-02-09,-0.01871438559580404,,-0.07000000000000028,0.07925922233691314,-0.5295919932470999,,-0.6226068549014782,1.7763396748069382,0.5768664099527301,-1.10645840319983,2.6857645711301927,False
2025-02-10,-0.0126871156884788,-2.3800000000000026,-0.07000000000000028,0.0808655250725207,-0.42722975097282806,-0.5238516689034032,-0.6744907594765952,1.683318084226386,-0.5238516689034032,0.09662191793057512,2.68534823872835,False
2025-02-11,-0.027415465397845725,-4.140000000000001,-0.020000000000000462,0.08062277370176235,-0.6691822268225428,-1.128130562310409,-0.1124151265794392,1.5511961941771724,-0.1124151265794392,-0.5567671002431036,2.684931906326507,False
2025-02-12,-0.010134157719935753,-2.059999999999995,-0.08000000000000007,0.08188876900097256,-0.37268843030868576,-0.41867884058534216,-0.7869058860560247,1.5676146712882262,-0.41867884058534216,0.0459904102766564,2.6845155739246644,False
2025-02-13,-0.012792718705130957,-3.7250000000000014,-0.1900000000000004,0.08061838923010013,-0.42700311000567004,-0.9865813005239179,-2.0234722784297805,1.4984608817385743,-0.9865813005239179,0.5595781905182479,2.684099241522821,False
2025-02-14,-0.0017287143045309323,1.0700000000000003,-0.09999999999999964,0.08207566500427366,-0.23601851907103408,0.6440244265516812,-1.0117361392148816,1.4895210051267829,0.6440244265516812,-0.8800429456227153,2.6836829091209764,False
2025-02-15,0.014492311317365227,1.2100000000000009,0.03000000000000025,0.08144681817370267,0.04398552203094507,0.6868505377916114,0.41507123660098844,1.4362416291660691,0.6868505377916114,-0.6428650157606663,2.6832665767191335,False
2025-02-16,0.0063100613103374715,-1.4699999999999989,0.03000000000000025,0.07876862808101949,-0.1057759778676511,-0.3192528081790692,0.41507123660098844,1.3336783331195146,0.41507123660098844,-0.5208472144686396,2.682850244317291,False
2025-02-17,-0.02041231510027863,-0.8149999999999977,0.03000000000000025,0.0783667936619192,-0.5649699637715873,-0.07750646210127507,0.41507123660098844,1.2845078344182528,0.41507123660098844,-0.9800412003725757,2.682433911915448,False
2025-02-18,-0.01806347189641977,-2.8299999999999983,0.03000000000000025,0.07115682818977875,-0.5224224072735402,-0.8257177110511227,0.4150712366009861,1.0383808215111658,0.4150712366009861,-0.9374936438745263,2.682017579513605,False
2025-02-19,-0.007099762892102379,-1.7000000000000028,-0.009999999999999787,0.07004690852133652,-0.307881252844023,-0.4041408380995173,2.304108218670239e-15,0.9503238153708164,2.304108218670239e-15,-0.30788125284402534,2.68160124711176,False
2025-02-20,0.022721526629610224,-2.3500000000000014,0.009999999999999787,0.06788708655263366,0.2643859905838516,-0.6440417922225182,0.22483025315886174,0.841416958501028,0.22483025315886174,0.039555737424989856,2.6811849147099176,False
2025-02-21,0.005688453308902294,-2.749999999999993,0.08000000000000007,0.0712165718858535,-0.03695274580978668,-0.796028984361642,1.011736139214889,0.9035733229305866,0.9035733229305866,-0.9405260687403733,2.6807685823080747,False
2025-02-22,-0.010630724617794582,1.0,0.11999999999999922,0.058057803148833236,-0.3300204380505923,0.5923708174883356,1.4613966455326075,0.5265232040974135,0.5923708174883356,-0.922391255538928,2.6803522499062318,False
2025-02-23,-0.01695996685286495,0.22500000000000142,0.11999999999999922,0.05504229506135632,-0.44137686114123276,0.26809113052230127,1.4613966455326075,0.427328479626788,0.427328479626788,-0.8687053407680208,2.6801582173500806,False
2025-02-24,-0.009488121481539652,-3.7449999999999974,0.11999999999999922,0.05059459665667414,-0.29591053050333227,-1.2601830156047298,1.4613966455326075,0.2821008887702311,0.2821008887702311,-0.5780114192735634,2.6799641847939286,False
2025-02-25,-0.07889857669618958,-0.8549999999999969,0.1299999999999999,0.04841715936852409,-1.59267723288436,-0.1386194802234632,1.573811772112047,0.19953381509801274,0.19953381509801274,-1.7922110479823727,2.6797701522377775,False
2025-02-26,-0.10379257510279517,-5.734999999999999,0.21999999999999975,0.04558803015704265,-2.012529790338817,-1.990316131545403,2.5855479113269335,0.10931900917914296,0.10931900917914296,-2.12184879951796,2.6795761196816263,False
2025-02-27,-0.14395598335776666,-1.865000000000002,0.23000000000000043,0.040836138065314664,-2.74639247501798,-0.5238671207732539,2.6979630379063733,-0.021399929006140076,-0.021399929006140076,-2.7249925460118396,2.679382087125475,True
2025-02-28,-0.15203022313590356,-3.5,0.20999999999999996,0.0372768194268606,-2.893924358833975,-1.1680205834838557,2.4731327847474924,-0.11528732809188637,-0.11528732809188637,-2.7786370307420887,2.686180903532038,True
2025-03-01,-0.12370546166910312,-3.2250000000000014,0.20000000000000018,0.03510045358484034,-2.3763765112767374,-1.0392083752048102,2.127240087580019,-0.17269531796915435,-0.17269531796915435,-2.2036811933075833,2.68914475049721,False
2025-03-02,-0.04523864778484023,-6.140000000000001,0.20000000000000018,0.03800174994224804,-0.9426369658237542,-2.1437817256959772,1.9271164556474087,-0.0961651736794402,-0.0961651736794402,-0.846471792144314,2.689108915685355,False
2025-03-03,-0.04638694154104585,-0.480000000000004,0.20000000000000018,0.031823962118549015,-0.9636185003932232,0.0009473184824114343,1.9271164556474087,-0.25912232637836663,0.0009473184824114343,-0.9645658188756346,2.6890730808735,False
2025-03-04,-0.04567034992700258,-3.710000000000008,0.16999999999999993,0.030824897097425055,-0.9433318836437099,-1.2652784809806261,1.6380489873002952,-0.2854755770644629,-0.2854755770644629,-0.657856306579247,2.689037246061645,False
2025-03-05,0.024141639067174172,-0.5050000000000026,0.11000000000000032,0.031050930488427768,0.3226142578034531,-0.017519240505884853,0.9892531138990127,-0.27951328783345614,-0.017519240505884853,0.3401334983093379,2.6890014112497904,False
2025-03-06,0.05576441202655561,-8.244999999999997,0.05999999999999961,0.03324007365518287,0.9060888849445107,-3.057298726361156,0.5395926075812746,-0.22176825878985232,-0.22176825878985232,1.127857143734363,2.688965576437935,False
2025-03-07,0.03349570229846352,-7.729999999999997,0.11000000000000032,0.03407607308152628,0.48604167733948966,-2.8550496776680285,1.059914050606077,-0.19971633825411478,-0.19971633825411478,0.6857580155936045,2.6889297416260804,False
2025-03-08,0.010188807958104597,-2.530000000000001,-0.0,0.022304153012051797,0.04646055983636171,-0.8129233607665496,0.0,-0.5102350273165523,-0.5102350273165523,0.556695587152914,2.6888939068142257,False
2025-03-09,-0.10030496854557247,-2.4750000000000014,-0.0,0.021176561002214777,-2.0618682377237585,-0.7913239477993225,0.0,-0.5399785517905086,-0.5399785517905086,-1.52188968593325,2.688858072002371,False
2025-03-10,-0.13195742256195295,-4.380000000000003,-0.0,0.01956288825191534,-2.647900720919654,-1.5394490696641923,0.0,-0.5825438719797008,-0.5825438719797008,-2.0653568489399534,2.688822237190516,False
2025-03-11,-0.026298106893210344,-8.600000000000001,0.06999999999999984,0.014025009251567817,-0.6590218775122406,-3.196713119149624,0.674490759476591,-0.7286215651024576,-0.7286215651024576,0.06959968759021695,2.6887864023786614,False
2025-03-12,-0.08145466246702515,-8.990000000000009,0.020000000000000018,0.011948963187647557,-1.6625995008578887,-3.349872592917238,0.19271164556474088,-0.7821040080877601,-0.7821040080877601,-0.8804954927701285,2.688750567566806,False
2025-03-13,-0.09925941029792032,-8.549999999999997,-0.019999999999999574,0.01474132513985351,-1.982612438766206,-3.1770772891794157,-0.19271164556473722,-0.7032943101078417,-0.7032943101078417,-1.2793181286583644,2.6887147327549514,False
2025-03-14,-0.02848608650139346,-4.400000000000006,0.020000000000000018,0.01569746104778637,-0.6549373157094184,-1.547303401652276,0.1927116455647427,-0.6736307601610646,-0.6736307601610646,0.018693444451646224,2.6886788979430967,False
2025-03-15,-0.02094017667326542,-3.0700000000000003,-0.02999999999999936,0.01634909055027127,-0.5098645205835665,-1.02499032444478,-0.31130342745072986,-0.6567152160888768,-0.6567152160888768,0.14685069550531038,2.6882625655412538,False
2025-03-16,0.013694109424076534,-2.8900000000000006,-0.02999999999999936,0.018699207616345744,0.14403895265865507,-0.9460389873178194,-0.25941952287561,-0.5957089101214692,-0.5957089101214692,0.7397478627801243,2.687846233139409,False
2025-03-17,0.05467209254310425,-9.579999999999991,-0.02999999999999936,0.018522524342006564,0.9362670051457861,-3.550566075859471,-0.22483025315885924,-0.6002954024495573,-0.6002954024495573,1.5365624075953432,2.687429900737566,False
2025-03-18,0.005693899374036078,-5.350000000000001,-0.16999999999999948,0.016924522322414474,-0.005873842328582227,-1.903757468306231,-1.7986420252709063,-0.6417776764822335,-1.7986420252709063,1.792768182942324,2.6870135683357232,False
2025-03-19,0.031264288710070115,-1.1199999999999974,-0.10000000000000009,0.017110977958825668,0.5001259652092457,-0.2569488607529857,-0.8820263777770918,-0.6369375049995213,-0.6369375049995213,1.137063470208767,2.6865972359338803,False
2025-03-20,0.03553542412671169,-0.9149999999999991,0.019999999999999574,0.017561317032765127,0.5983502140572248,-0.17868605272887747,0.44966050631771687,-0.625247226361734,-0.17868605272887747,0.7770362667861023,2.686180903532038,False
2025-03-21,-0.008187946339278362,-0.49500000000000455,-0.010000000000000231,0.021315819880927928,-0.2837676444980538,-0.013845851367554783,0.11241512657942422,-0.5277846987213067,-0.013845851367554783,-0.269921793130499,2.6857645711301927,False
2025-03-22,-0.002633768456062947,,0.07999999999999963,0.021199377466362565,-0.1662989574273723,,1.1241512657943071,-0.530807408386755,0.29667192870377607,-0.46297088613114834,2.68534823872835,False
2025-03-23,0.019144195506882258,-2.979999999999997,0.07999999999999963,0.021015473298391874,0.28543794319011573,-1.0013058697384447,1.1241512657943071,-0.5355813467159812,-0.5355813467159812,0.821019289906097,2.684931906326507,False
2025-03-24,0.053756361737006486,-3.0649999999999977,0.07999999999999963,0.025469132585085194,1.0098505548779753,-1.0305269374994277,1.0376780915024468,-0.41996953101505685,-0.41996953101505685,1.4298200858930321,2.6845155739246644,False
2025-03-25,0.07006817623450302,-2.6300000000000026,0.019999999999999574,0.02391254474905352,1.349520361116619,-0.8341105063079958,0.41507123660097317,-0.46074185134695017,-0.46074185134695017,1.8102622124635692,2.684099241522821,False
2025-03-26,0.022679125952825858,-5.195,0.08000000000000007,0.029229416722951068,0.35811466462431435,-1.799280747581028,1.124151265794312,-0.3247501056107393,-0.3247501056107393,0.6828647702350537,2.6836829091209764,False
2025-03-27,0.035555537177179686,-8.215000000000003,0.010000000000000231,0.03327371015260992,0.6308448622513978,-2.8434963138100375,0.31130342745073447,-0.2189855417149117,-0.2189855417149117,0.8498304039663095,2.6832665767191335,False
2025-03-28,-0.003588648343768865,-5.449999999999996,-0.020000000000000018,0.036486186785057,-0.18427585367574506,-1.8017346009677329,-4.608216437340462e-15,-0.13497428091849553,-0.13497428091849553,-0.04930157275724953,2.682850244317291,False
2025-03-29,-0.023357639265540017,-8.355000000000004,0.04999999999999982,0.03870268342268165,-0.6015063029861589,-2.856233720894063,0.7263746640517122,-0.07700944618722495,-0.07700944618722495,-0.524496856798934,2.682433911915448,False
2025-03-30,-0.0354114338451421,-11.07,0.04999999999999982,0.038817573978452834,-0.8572036395218923,-3.8555474518511983,0.6744907594765952,-0.07458373908193754,-0.07458373908193754,-0.7826199004399548,2.682017579513605,False
2025-03-31,-0.05567530401236323,-8.524999999999999,0.04999999999999982,0.039917289343004175,-1.2737679791189773,-2.6979630379063724,0.6744907594765952,-0.04569446204311477,-0.04569446204311477,-1.2280735170758625,2.68160124711176,False
2025-04-01,-0.030913024841777055,-6.769999999999996,0.1499999999999999,0.03582833346950691,-0.7383137021321594,-2.0901420967605837,1.712168850979055,-0.15470228135414246,-0.15470228135414246,-0.583611420778017,2.6811849147099176,False
2025-04-02,0.00635101344224388,-7.230000000000004,0.08999999999999986,0.03982884683754646,0.027819655028756256,-2.2436965340847554,1.1241512657943187,-0.04868618605750229,-0.04868618605750229,0.07650584108625855,2.6807685823080747,False
2025-04-03,-0.059361762085936895,-10.085,0.06999999999999984,0.04081188986330167,-1.3456698077962737,-3.2175962250541637,0.7782585686268438,-0.02251426312041254,-0.02251426312041254,-1.3231555446758612,2.6803522499062318,False
2025-04-04,-0.004809342699968429,-11.709999999999994,0.26000000000000023,0.04188957977032007,-0.20969503775919257,-3.7528700051992967,2.6979630379063857,0.006531692964446416,0.006531692964446416,-0.216226730723639,2.6801582173500806,False
2025-04-05,0.006566353811182916,-7.210000000000001,0.20999999999999996,0.04003247959317516,0.027468701647400364,-2.2057210442479556,2.179123992155155,-0.04797651810444007,-0.04797651810444007,0.07544521975184043,2.6799641847939286,False
2025-04-06,-0.003823594951450133,-14.545000000000009,0.20999999999999996,0.033553989287152815,-0.19455519462447596,-4.70440272139989,2.179123992155155,-0.22322004115850588,-0.22322004115850588,0.028664846534029925,2.6797701522377775,False
2025-04-07,-0.07288895709437307,-7.829999999999998,0.20999999999999996,0.031911052414005575,-1.6373194128821218,-2.327200019200226,2.127240087580019,-0.2679667727573667,-0.2679667727573667,-1.369352640124755,2.6795761196816263,False
2025-04-08,-0.09489102424124028,-3.779999999999994,0.16000000000000014,0.025158660125634544,-2.0819025399371367,-0.982876510141932,1.4453373417355704,-0.4529766735286679,-0.4529766735286679,-1.6289258664084687,2.679382087125475,False
2025-04-09,-0.10652227424880774,-6.045000000000002,0.16000000000000014,0.023147345356360937,-2.3029222323601193,-1.7173320550751188,1.4453373417355753,-0.5101234286842065,-0.5101234286842065,-1.7927988036759128,2.6791880545693236,False
2025-04-10,-0.029474669731854763,-5.3700000000000045,-0.0,0.02201874647223153,-0.7148710959004532,-1.4705844203011404,-0.09635582278237868,-0.5443152711589946,-0.5443152711589946,-0.17055582474145858,2.678994022013172,False
2025-04-11,-0.007223661200316885,-3.530000000000001,-0.1299999999999999,0.024243169835116252,-0.24649890899252894,-0.8739195176872266,-1.348981518953216,-0.487115583934834,-0.8739195176872266,0.6274206086946977,2.678799989457021,False
2025-04-12,0.022930871652797443,-1.8200000000000003,-0.2799999999999998,0.02016124206094496,0.36018553173295165,-0.2971254935739074,-2.794318860688798,-0.6039188817008023,-0.6039188817008023,0.964104413433754,2.6786059569008693,False
2025-04-13,0.027150101327774488,-2.229999999999997,-0.2799999999999998,0.01789311359862307,0.44507296832911936,-0.42741581695925573,-2.794318860688789,-0.6748434293743574,-0.6748434293743574,1.1199163977034767,2.678411924344718,False
2025-04-14,0.08545387180765542,-3.4100000000000037,-0.2799999999999998,0.018609365357317165,1.626969793621229,-0.8071512643025613,-2.7943188606887803,-0.6572513965320965,-0.8071512643025613,2.4341210579237904,2.678217891788567,False
2025-04-15,0.09184138350969082,-2.8200000000000003,-0.10999999999999988,0.014331286321775676,1.756185977159193,-0.6004228489733234,-1.1562698733884584,-0.7869674413947471,-0.7869674413947471,2.54315341855394,2.678023859232415,False
2025-04-16,0.08308727816403903,-3.3999999999999986,-0.1299999999999999,0.013534534492711012,1.5790947817420542,-0.7859833703631117,-1.3489815189531884,-0.8097889886584707,-0.8097889886584707,2.388883770400525,2.677829826676264,False
2025-04-17,0.06669838605269207,-2.634999999999998,0.14000000000000012,0.01561869384482314,1.2475556488479598,-0.5365807804531768,1.2140833670578777,-0.7500919293932345,-0.5365807804531768,1.7841364293011366,2.6776357941201123,False
2025-04-18,0.020155571479640245,-3.8200000000000003,0.029999999999999805,0.015551126387838253,0.30601766805201386,-0.8966852535128451,0.2248302531588644,-0.7520272797204253,-0.7520272797204253,1.0580449477724392,2.677441761563961,False
2025-04-19,0.002203474285354447,1.375,0.029999999999999805,0.01633177143592922,-0.058076758301772335,0.7511550363861044,0.2248302531588644,-0.7296670827164043,0.2248302531588644,-0.28290701146063674,2.67724772900781,False
2025-04-20,0.004479422797987,-6.270000000000003,0.029999999999999805,0.011517113919131282,-4.1682989623378435e-05,-1.6169192948187487,0.2248302531588644,-0.8675744336254527,-0.8675744336254527,0.8675327506358294,2.6770536964516585,False
2025-04-21,0.03306022895066228,-0.7700000000000031,0.029999999999999805,0.012248183239266859,0.5888596359465733,0.10249245060202912,0.19271164556473935,-0.8466342456849762,0.10249245060202912,0.4863671853445442,2.676859663895507,False
2025-04-22,0.06624834613120638,0.519999999999996,0.20999999999999996,0.009610979723044937,1.2840346637594886,0.49246133838604694,1.9271164556474207,-0.9221722770945436,0.49246133838604694,0.7915733253734416,2.6766656313393558,False
2025-04-23,0.0962539651409234,-7.770000000000003,0.08000000000000007,0.006255834952463458,1.8660741563843841,-2.037237395970127,0.6744907594765952,-1.0182744662145213,-1.0182744662145213,2.8843486225989055,2.6764715987832046,True
2025-04-24,0.09443928518379394,0.7499999999999929,0.029999999999999805,0.009865773376008446,1.8145125148851962,0.5696712495579332,0.19271164556473477,-0.9148741634517675,0.19271164556473477,1.6218008693204613,2.6801582173500806,False
2025-04-25,0.11973755466157743,1.1499999999999986,-0.0,0.007739139037664037,2.2594216870901116,0.7049013255108002,-0.09635582278237809,-0.975787843589985,-0.09635582278237809,2.35577750987249,2.6799641847939286,False
2025-04-26,0.10550545023298903,-0.6599999999999966,0.06999999999999984,0.0074955542340131714,1.9248320742005698,0.14035645861940813,0.5781349366942214,-0.9827648995645776,0.14035645861940813,1.7844756155811616,2.6797701522377775,False
2025-04-27,0.10405402845085518,-0.03999999999999915,0.06999999999999984,0.009572731559289928,1.866663347395028,0.33843147134347334,0.5707229503263473,-0.9232678281118664,0.33843147134347334,1.5282318760515547,2.6795761196816263,False
2025-04-28,0.07252121982970032,0.9799999999999969,0.06999999999999984,0.014944361936050695,1.264340022201705,0.6657311392236502,0.48177911391186046,-0.7694069745128088,0.48177911391186046,0.7825609082898445,2.679382087125475,False
2025-04-29,0.0461396260303501,0.7849999999999966,0.08000000000000007,0.020428416058320246,0.760412525858621,0.6050461487375833,0.5781349366942342,-0.6123259415202436,0.5781349366942342,0.18227758916438674,2.6791880545693236,False
2025-04-30,0.003179950234245918,-0.8449999999999989,0.10999999999999988,0.02232323078645733,-0.058564921725427724,0.08461067515327719,0.9339102823522126,-0.5629988126252677,0.08461067515327719,-0.1431755968787049,2.678994022013172,False
2025-05-01,0.03847091765059091,0.36999999999999744,0.20999999999999996,0.028650243484817282,0.6050420620026276,0.4660714737015876,1.9715883738546687,-0.38181774000576285,0.4660714737015876,0.13897058830103998,2.678799989457021,False
2025-05-02,0.02206915454373995,0.47000000000000597,0.06999999999999984,0.028888981580932435,0.2994035843281796,0.4816608859084424,0.5188390457512303,-0.3763194131473784,0.4816608859084424,-0.18225730158026282,2.6786059569008693,False
2025-05-03,0.020246954257620645,3.2349999999999994,-0.08999999999999986,0.02862498459511946,0.2586863427699256,1.379527612099624,-1.2365663923737482,-0.3920846745362185,-0.3920846745362185,0.6507710173061441,2.678411924344718,False
2025-05-04,0.015429159775301021,1.375,-0.08999999999999986,0.028658271809475926,0.168374593016605,0.7653034688308512,-1.2365663923737482,-0.4041229682526868,-0.4041229682526868,0.5724975612692917,2.678217891788567,False
2025-05-05,0.005025754118870907,-0.4200000000000017,-0.08999999999999986,0.02964701328645832,-0.027640518393270502,0.17254414777308305,-1.2365663923737482,-0.37975681955388524,-0.37975681955388524,0.35211630116061476,2.678023859232415,False
2025-05-06,-0.00754491986000741,-1.0200000000000031,-0.16000000000000014,0.03158643385105828,-0.26551271251354586,-0.03523459191295784,-2.0234722784297756,-0.32117084522925,-0.32117084522925,0.055658132715704134,2.677829826676264,False
2025-05-07,0.030581144934418148,-0.26500000000000057,-0.1299999999999999,0.03237587556506248,0.47713489136624077,0.21811890231830167,-1.6862268986914766,-0.2982257378502233,-0.2982257378502233,0.7753606292164641,2.6776357941201123,False
2025-05-08,0.043069614270173355,0.030000000000001137,-0.17999999999999972,0.031111214168259703,0.74057835972387,0.307809997466875,-2.2483025315886347,-0.3382199712139155,-0.3382199712139155,1.0787983309377855,2.677441761563961,False
2025-05-09,0.05137648156920618,0.09000000000000341,-0.19999999999999973,0.03331953195839855,0.9080263926869931,0.3321356012574153,-2.473132784747499,-0.2683831142786996,-0.2683831142786996,1.1764095069656928,2.67724772900781,False
2025-05-10,0.07235609501257254,2.7149999999999963,-0.04999999999999982,0.037576827020947785,1.3309288993669075,1.2452137098029434,-0.7869058860560197,-0.1337484581880293,-0.1337484581880293,1.4646773575549368,2.6770536964516585,False
2025-05-11,0.08677227815402569,1.5,-0.04999999999999982,0.036579215706559275,1.6215271986985373,0.8124547784604448,-0.7869058860560197,-0.1652973769854107,-0.1652973769854107,1.786824575683948,2.676859663895507,False
2025-05-12,0.08784346786791611,0.5899999999999963,-0.04999999999999982,0.038155617598629836,1.6431200090883418,0.5024615506201897,-0.7869058860560197,-0.11544451889562748,-0.11544451889562748,1.7585645279839692,2.6766656313393558,False
2025-05-13,0.09589592376774292,-0.4000000000000057,-0.1499999999999999,0.03874745818185863,1.8054396721345163,0.1677579581262275,-1.911057151850341,-0.09672788022886866,-0.09672788022886866,1.902167552363385,2.6764715987832046,False
2025-05-14,0.06501623699269089,-0.75,-0.23999999999999977,0.03496600181245509,1.1829736301403384,0.034238109618100566,-2.9227932910652275,-0.21631439474958536,-0.21631439474958536,1.3992880248899238,2.67615215687534,False
2025-05-15,0.02505742738780029,-1.5399999999999991,-0.27,0.035224208771191326,0.37749259535049334,-0.2362429563648994,-3.2600386708035263,-0.20465319074776944,-0.2362429563648994,0.6137355517153927,2.675832714967474,False
2025-05-16,0.016113011124411745,-1.9499999999999957,-0.06000000000000005,0.03710373928007485,0.19916817459039818,-0.3683757224833706,-0.8993210126354544,-0.13344013891175427,-0.3683757224833706,0.5675438970737687,2.675513273059609,False
2025-05-17,-0.004815549127458096,-1.7899999999999991,-0.10000000000000009,0.037500047518995404,-0.22881815304604713,-0.3007283640978452,-1.3489815189531829,-0.11044512797956232,-0.3007283640978452,0.07191021105179807,2.675193831151745,False
2025-05-18,0.01752232110188498,2.229999999999997,-0.10000000000000009,0.03898396068305143,0.2389763295688171,1.0973445817638434,-1.3489815189531829,-0.048639094324263624,-0.048639094324263624,0.2876154238930807,2.6748743892438798,False
2025-05-19,0.024018540689242914,2.710000000000001,-0.10000000000000009,0.03701968474313744,0.37524120695761876,1.2633730764042372,-1.2452137098029448,-0.10379702360219324,-0.10379702360219324,0.479038230559812,2.6745549473360155,False
2025-05-20,0.01423065856087249,1.8200000000000003,0.009999999999999787,0.039907792436788284,0.17138338767033434,0.9482344646585715,-0.09635582278236952,0.0012410339580372289,0.0012410339580372289,0.1701423537122971,2.6742355054281495,False
2025-05-21,0.05430205176328896,2.049999999999997,0.04999999999999938,0.039439155681195034,1.0098939862555294,1.0100328797212637,0.28906746834711283,-0.015419905086566677,0.28906746834711283,0.7208265179084166,2.673916063520285,False
2025-05-22,0.06888940551947757,1.7150000000000034,0.04999999999999982,0.03999631657273498,1.3148972792179632,0.8959144936482055,0.28906746834711405,0.013248287249460866,0.28906746834711405,1.025829810870849,2.6735966216124205,False
2025-05-23,0.04619074974653326,0.7600000000000051,-0.040000000000000036,0.04347470527915469,0.8402968223920191,0.5620756328971647,-0.6226068549014736,0.14056592614919491,0.14056592614919491,0.6997308962428241,2.673277179704556,False
2025-05-24,0.05719662369404131,1.1700000000000017,-0.020000000000000018,0.040484301634274474,1.0704158591978068,0.7102592088427785,-0.44966050631773014,0.031218769083324095,0.031218769083324095,1.0391970901144827,2.672957737796691,False
2025-05-25,0.012696991176817858,2.354999999999997,-0.020000000000000018,0.03958594039374651,0.13998428948193173,1.1139317088325573,-0.44966050631773014,-0.001778003082523685,-0.001778003082523685,0.1417622925644554,2.672638295888825,False
2025-05-26,0.03758282901590735,2.4099999999999966,-0.020000000000000018,0.0363218034800666,0.6603159833528158,1.1326675632624625,-0.44966050631772597,-0.11955927328253838,-0.11955927328253838,0.7798752566353542,2.672318853980961,False
2025-05-27,0.046472759499644904,1.6850000000000023,-0.020000000000000018,0.03372199243691958,0.8461932930462721,0.8856949366864385,-0.4496605063177218,-0.20691152398571966,-0.20691152398571966,1.0531048170319917,2.671999412073096,False
2025-05-28,-0.01580911691005863,-0.6099999999999994,0.050000000000000266,0.03203500718828766,-0.4610446243764505,0.09367927214952677,0.3372453797383026,-0.2629474134859342,0.09367927214952677,-0.5547238965259773,2.671679970165232,False
2025-05-29,-0.04155113620322675,-0.9450000000000074,0.010000000000000231,0.028099187562975962,-0.9971062747621862,-0.020439113923536416,-0.11241512657942422,-0.41459030523327,-0.11241512657942422,-0.884691148182762,2.671360528257367,False
2025-05-30,-0.04856265033395583,-4.289999999999999,0.08000000000000007,0.02516034647613493,-1.1361757915043094,-1.1497001581987416,0.6744907594765952,-0.5364591398950177,-0.5364591398950177,-0.5997166516092917,2.6710410863495007,False
2025-05-31,-0.04222986520276719,-3.3699999999999974,0.10999999999999988,0.019771505813715742,-0.9961513812485409,-0.8127197299372294,1.0117361392148878,-0.7604924463532494,-0.7604924463532494,-0.23565893489529144,2.6707216444416364,False
2025-06-01,-0.02012770174378721,-0.22999999999999687,0.10999999999999988,0.019313727117393025,-0.5373212687147032,0.2488493857944729,1.0117361392148878,-0.7746116161281716,0.2488493857944729,-0.7861706545091761,2.6704022025337717,False
2025-06-02,-0.047794301899862016,-1.0399999999999991,0.10999999999999988,0.019197144859512967,-1.098990292822761,-0.022679016819261363,1.0117361392148878,-0.7689873315922693,-0.022679016819261363,-1.0763112760034996,2.670082760625907,False
2025-06-03,-0.04073763828881087,-0.7899999999999991,0.06000000000000005,0.01850518551673585,-0.9492671595696083,0.07364167100985225,0.4496605063177318,-0.7900058274454038,0.07364167100985225,-1.0229088305794605,2.6695180765878312,False
2025-06-04,-0.018548359294664276,-1.1300000000000026,-0.040000000000000036,0.019522162946111633,-0.4909111528450937,-0.040469445568596045,-0.6744907594765852,-0.745296307819504,-0.6744907594765852,0.18357960663149153,2.6689533925497533,False
2025-06-05,-0.032975320850412715,-3.5649999999999977,0.08999999999999986,0.02244271574083705,-0.77103857342445,-0.8485528909544249,0.7869058860560244,-0.6253931343149993,-0.6253931343149993,-0.14564543910945071,2.6683887085116775,False
2025-06-06,0.008238733790424451,-0.9399999999999977,-0.0,0.02457509090324149,0.06964019442568005,0.0435155328694586,-0.22483025315885843,-0.540612410933257,-0.22483025315885843,0.2944704475845385,2.6678240244736022,False
2025-06-07,0.008197862508069286,4.890000000000001,-0.1499999999999999,0.026925793061451885,0.06882373848980221,2.0099824632402505,-1.9110571518503314,-0.4385080449311636,-0.4385080449311636,0.5073317834209657,2.6672593404355265,False
2025-06-08,0.010900136705815215,-3.1600000000000037,-0.1499999999999999,0.029035544996707633,0.122805108341301,-0.7048428436530418,-1.7121688509790511,-0.3457001461022148,-0.7048428436530418,0.8276479519943428,2.6666946563974507,False
2025-06-09,0.032188856820449314,-0.8799999999999955,-0.1499999999999999,0.027754632142862713,0.5480744148875029,0.07698901969211888,-1.5416931645179606,-0.40546583162162286,-0.40546583162162286,0.9535402465091257,2.6661299723593723,False
2025-06-10,0.027064239867558394,-1.375,-0.06999999999999984,0.02829586301006984,0.4495124265106405,-0.08870474008004867,-0.7708465822589824,-0.38644184371978413,-0.38644184371978413,0.8359542702304246,2.6655652883212966,False
2025-06-11,0.03717276347086566,-0.5499999999999972,-0.04999999999999982,0.028798103822383174,0.6473075528636517,0.1919961320292298,-0.5781349366942361,-0.36254008298431756,-0.36254008298431756,1.0098476358479693,2.665000604283221,False
2025-06-12,0.042489862588202885,-0.865000000000002,-0.06999999999999984,0.02772761486474679,0.7548156481898919,0.08681564230886804,-0.7708465822589801,-0.40472416808852396,-0.40472416808852396,1.1595398162784158,2.6644359202451455,False
2025-06-13,0.009740369595753551,-3.8299999999999983,0.020000000000000018,0.0322143995064901,0.09218456358416585,-0.9032165863288065,0.09635582278236555,-0.16066887315004155,-0.16066887315004155,0.2528534367342074,2.6638712362070702,False
2025-06-14,-0.008511049881290996,-1.8950000000000031,0.08000000000000007,0.032632038501866856,-0.27501900981602106,-0.2554383321780177,0.6744907594765994,-0.1257376906816195,-0.1257376906816195,-0.14928131913440157,2.663306552168992,False
2025-06-15,-0.005881846546755189,-0.9650000000000034,0.08000000000000007,0.034151098181766044,-0.21425176451950217,0.06326022332226457,0.6744907594765952,-0.04391144319139985,0.06326022332226457,-0.2775119878417667,2.662741868130916,False
2025-06-16,0.0006355600751587875,-2.865000000000002,0.08000000000000007,0.03152164908097853,-0.06465091498641165,-0.592527325413617,0.6744907594765952,-0.15349332409959743,-0.15349332409959743,0.08884240911318578,2.6621771840928403,False
2025-06-17,-0.04794805208584225,-3.269999999999996,0.03999999999999959,0.029074151775457212,-1.0277355813254065,-0.7249279645578607,0.2248302531588634,-0.2629701721372338,-0.2629701721372338,-0.7647654091881728,2.6616125000547646,False
2025-06-18,-0.04688319627683615,-1.980000000000004,0.06999999999999984,0.028475797049263073,-0.9943776414856761,-0.2838161370674665,0.562075632897161,-0.2893597631462283,-0.2838161370674665,-0.7105615044182096,2.661047816016689,False
2025-06-19,-0.035362775372095964,-4.740000000000002,-0.0,0.028589474967646585,-0.7633000801481298,-1.256249974848758,-0.22483025315885843,-0.2750459975758712,-0.2750459975758712,-0.48825408257225855,2.660483131978611,False
2025-06-20,-0.020177309247259162,-4.229999999999997,-0.0,0.028983871963615085,-0.4587087367487419,-1.0777854937421083,-0.22483025315885843,-0.24747908982458852,-0.24747908982458852,-0.21122964692415339,2.659918447940535,False
2025-06-21,-0.009347110535834362,-4.209999999999994,-0.0,0.027224071306513775,-0.24432828043777624,-1.045503420582856,-0.22483025315885843,-0.3443462351538066,-0.3443462351538066,0.10001795471603034,2.65935376390246,False
2025-06-22,-0.05751176099195023,-4.18,-0.0,0.022161374010071348,-1.2359826097273527,-1.0062763759065507,-0.22483025315885843,-0.6505716083116412,-0.6505716083116412,-0.5854110014157116,2.658789079864384,False
2025-06-23,-0.06789477124273308,-2.6899999999999977,-0.0,0.019988239429256264,-1.449146724909284,-0.49106217488722786,-0.22483025315885843,-0.8051987863793795,-0.49106217488722786,-0.9580845500220561,2.6587014723241116,False
2025-06-24,0.02472851100854638,-0.38000000000000256,0.1200000000000001,0.019383154389211857,0.4524174197328369,0.29296899245977115,1.124151265794322,-0.824932618495616,0.29296899245977115,0.15944842727306574,2.6586138647838387,False
2025-06-25,0.025647024693939827,-3.490000000000002,0.2200000000000002,0.015983889794864453,0.4595633949312656,-0.7429415543739756,2.248302531588645,-1.0436438422301002,-0.7429415543739756,1.202504949305241,2.658526257243566,False
2025-06-26,0.030257729762963138,-4.640000000000001,0.19999999999999973,0.02300365426695941,0.532697131671521,-1.0783676506056101,2.0234722784297756,-0.5931831522559033,-0.5931831522559033,1.1258802839274242,2.6584386497032937,False
2025-06-27,0.036087052779629654,-1.2700000000000031,0.23999999999999977,0.021325790708379064,0.6474699008454196,0.050732350589483825,2.4731327847475106,-0.7228146172108948,0.050732350589483825,0.5967375502559358,2.658351042163021,False
2025-06-28,0.03615353779391702,-3.0,0.16999999999999993,0.02290614968239498,0.6429636080320346,-0.5247887413436899,1.6862268986914855,-0.6081699216802279,-0.5247887413436899,1.1677523493757245,2.6582634346227487,False
2025-06-29,0.07613839560044824,-0.0899999999999963,0.16999999999999993,0.0241795819282267,1.4749133791004965,0.4796002133966749,1.5046332326785878,-0.5105456705781598,0.4796002133966749,0.9953131657038216,2.6581758270824762,False
2025-06-30,0.06635293017740626,-1.6399999999999935,0.16999999999999993,0.0247605191379184,1.2569637500704616,-0.07235597543090293,1.5046332326785878,-0.4686806963360628,-0.07235597543090293,1.3293197255013645,2.6580882195422033,False
2025-07-01,-0.0013442748828741426,-2.769999999999996,0.11999999999999966,0.02411027201934057,-0.1598232244018426,-0.4287592013758242,0.9857941869273421,-0.5112222951553053,-0.4287592013758242,0.2689359769739816,2.6580006120019313,False
2025-07-02,0.020995187236071255,-2.3500000000000014,-0.029999999999999805,0.024678430592739498,0.3122720953750635,-0.2720417275737879,-0.570722950326347,-0.45467265914474914,-0.45467265914474914,0.7669447545198127,2.6579130044616583,False
2025-07-03,0.019331405909663573,-2.0700000000000003,-0.03999999999999959,0.024699545194798715,0.278701590386351,-0.17690132322189916,-0.6744907594765902,-0.4538006799473154,-0.4538006799473154,0.7325022703336663,2.6578253969213863,False
2025-07-04,0.0014586477328908634,-3.5700000000000003,-0.17999999999999972,0.02371089994272158,-0.09499539327144708,-0.684988670129929,-2.248302531588646,-0.4945022616323948,-0.684988670129929,0.5899932768584819,2.6577377893811134,False
2025-07-05,0.007485161075335782,-2.6899999999999977,-0.17999999999999972,0.022140527965235933,0.037932846844641176,-0.36257210786093624,-2.0753561830049074,-0.5863735516954567,-0.5863735516954567,0.6243063985400978,2.657650181840841,False
2025-07-06,0.012059628907645788,-4.784999999999997,-0.17999999999999972,0.02110003696429277,0.1355607641757717,-1.0912709520912485,-1.9271164556474165,-0.6069328538734254,-1.0912709520912485,1.2268317162670201,2.6575625743005684,False
2025-07-07,0.0034971319898341345,-0.9200000000000017,-0.17999999999999972,0.022855059580401307,-0.04670307674470873,0.29819591471596624,-1.9271164556474165,-0.46918448334681623,-0.46918448334681623,0.4224814066021075,2.657474966760296,False
2025-07-08,0.021973650339086343,-3.134999999999998,-0.16999999999999993,0.020294274264348752,0.35079706670134286,-0.4881183127791135,-1.8307606328650476,-0.6654061206844284,-0.6654061206844284,1.0162031873857713,2.6573873592200234,False
2025-07-09,-3.920999985274696e-05,1.865000000000002,-0.17999999999999972,0.019636770801906994,-0.1247932275529943,1.3272820843319586,-1.9271164556474165,-0.7165426724190933,-0.7165426724190933,0.591749444866099,2.6572997516797505,False
2025-07-10,0.03023679790360138,0.740000000000002,-0.08000000000000007,0.019310862163682406,0.5440773674396031,0.9034626225620689,-0.9635582278237105,-0.7367759607745012,-0.7367759607745012,1.2808533282141044,2.657212144139478,False
2025-07-11,0.0867661555030313,-3.0900000000000034,-0.08000000000000007,0.0197381672816825,1.826825683531137,-0.47214353163361716,-0.9635582278237105,-0.701052784605343,-0.701052784605343,2.52787846813648,2.6571245365992056,False
2025-07-12,0.08073063167505458,2.0050000000000026,-0.020000000000000018,0.025287855620026677,1.6883652478364972,1.3365566891733547,-0.3854232911294842,-0.2787191714221223,-0.2787191714221223,1.9670844192586197,2.657036929058933,False
2025-07-13,0.08511486019851662,-1.9699999999999989,-0.020000000000000018,0.026759481127288893,1.786934064443363,-0.09064302696523374,-0.3854232911294842,-0.16851324511558297,-0.16851324511558297,1.955447309558946,2.6569303524881986,False
2025-07-14,0.10781249492845027,-6.1100000000000065,-0.020000000000000018,0.028009286226619648,2.297000271309122,-1.5442288440648348,-0.3854232911294842,-0.07491882996398398,-0.3854232911294842,2.6824235624386064,2.6568237759174633,True
2025-07-15,0.07758826787303641,-0.5749999999999957,-0.0,0.02539394322905157,1.6118865542394112,0.4337901355065164,-0.1927116455647421,-0.27077456651785897,-0.1927116455647421,1.8045981998041534,2.658526257243566,False
2025-07-16,0.08648292025962455,-0.6600000000000037,-0.050000000000000266,0.024310826498050726,1.8135078677454857,0.403812768418665,-0.6744907594765994,-0.3518861550633205,-0.3518861550633205,2.165394022808806,2.6584386497032937,False
2025-07-17,0.05117973941426908,-1.3049999999999997,-0.020000000000000018,0.020518835689247075,1.0132659489364058,0.177497568283314,-0.38542329112948326,-0.635857761676434,-0.38542329112948326,1.398689240065889,2.658351042163021,False
2025-07-18,0.0013622661092600906,-0.010000000000005116,-0.050000000000000266,0.03137451751881007,-0.11598159967550173,0.6491747524184898,-0.6744907594765995,0.1770939477171764,0.1770939477171764,-0.29307554739267816,2.6582634346227487,False
2025-07-19,0.00665849617297181,-4.299999999999997,0.020000000000000018,0.03375535124145268,0.006519674638750071,-0.9271925316220967,0.05188390457512377,0.3553879392869514,0.05188390457512377,-0.0453642299363737,2.6581758270824762,False
2025-07-20,0.0002511327453896574,0.0899999999999963,0.020000000000000018,0.03539992056421829,-0.14016685204620646,0.7045694014532528,0.05188390457512377,0.47516474362707467,0.47516474362707467,-0.6153315956732811,2.6580882195422033,False
2025-07-21,-0.021264348919217076,-0.9450000000000003,0.020000000000000018,0.03720701020538481,-0.6370882065219418,0.327219165746078,0.05188390457512377,0.6104926424987154,0.327219165746078,-0.9643073722680198,2.6580006120019313,False
2025-07-22,0.012661845069295337,-1.759999999999998,0.04999999999999982,0.039519294530334204,0.15802122071371597,0.03061649939852613,0.3631873320258572,0.7836531610257521,0.3631873320258572,-0.20516611131214121,2.6579130044616583,False
2025-07-23,-0.013328048872077152,-4.660000000000004,0.1200000000000001,0.041304541110561074,-0.47618385284577824,-1.0691295160761212,1.0895619960775762,0.9173452940368904,0.9173452940368904,-1.3935291468826687,2.6578253969213863,False
2025-07-24,-0.00024159746656135088,-2.269999999999996,-0.0,0.042461699492517734,-0.14505497796489528,-0.14533226309163916,-0.22483025315885843,1.0040016551407125,-0.14533226309163916,0.0002772851267438814,2.6577377893811134,False
2025-07-25,-0.011706367037139913,-3.085000000000001,-0.0,0.048520980523602646,-0.41739529904483386,-0.45062960223651743,-0.22483025315885843,1.4577642975297125,-0.22483025315885843,-0.19256504588597542,2.657650181840841,False
2025-07-26,0.000908177510245968,-0.4200000000000017,-0.03000000000000025,0.04581901319232432,-0.11120768858341919,0.6065493545074186,-0.562075632897156,1.2554215064296135,0.6065493545074186,-0.7177570430908379,2.6575625743005684,False
2025-07-27,0.004483020068301032,-2.3200000000000003,-0.03000000000000025,0.045762294167398555,-0.025000102765595365,-0.14693898542304162,-0.562075632897156,1.2511739769798307,-0.14693898542304162,0.12193888265744626,2.657474966760296,False
2025-07-28,0.002463871028571021,-3.1000000000000014,-0.03000000000000025,0.04741749823319307,-0.07636426499717572,-0.47573799649603143,-0.4669551411761047,1.3751275890890642,-0.4669551411761047,0.39059087617892896,2.6573873592200234,False
2025-07-29,-0.007970762817002774,-4.729999999999997,-0.06000000000000005,0.0475038033649653,-0.33969979408176604,-1.1353229553922832,-0.6744907594766016,1.3815907394931781,-0.6744907594766016,0.3347909653948356,2.6572997516797505,False
2025-07-30,0.0001891718208604819,-4.4850000000000065,-0.029999999999999805,0.0460515252932712,-0.1304214502840877,-1.020012099453875,-0.38542329112948204,1.2728336886294187,-0.38542329112948204,0.25500184084539435,2.657212144139478,False
2025-07-31,7.221541456346774e-05,-6.460000000000001,-0.06000000000000005,0.04627651533285622,-0.1333730418385073,-1.7830898573832432,-0.6744907594765952,1.2896825646511045,-0.6744907594765952,0.5411177176380879,2.6571245365992056,False
2025-08-01,-0.01011864512331784,-5.50500000000001,-0.029999999999999805,0.04762282419852384,-0.39450111485774275,-1.355039819188016,-0.33724537973829544,1.390503877480639,-0.33724537973829544,-0.057255735119447315,2.657036929058933,False
2025-08-02,-0.04221406446745039,-3.3799999999999955,0.2200000000000002,0.04859715908469481,-1.2292555098576405,-0.43552831897631716,2.119828101212163,1.4634690973231594,1.4634690973231594,-2.6927246071808,2.6569303524881986,True
2025-08-03,-0.04372746876751955,-11.139999999999993,0.2200000000000002,0.0480203090838577,-1.2512427521231557,-3.415813917635049,2.119828101212163,1.42027041099402,1.42027041099402,-2.671513163117176,2.6586138647838387,True
2025-08-04,-0.023383324743752106,-5.284999999999997,0.2200000000000002,0.04683654954970594,-0.7326386068485589,-1.1412269812241174,1.9335401771662493,1.3316219638574296,1.3316219638574296,-2.0642605707059882,2.6683887085116775,False
2025-08-05,-0.03952882158560485,-3.3000000000000043,0.2200000000000002,0.04832872126584661,-1.144212648986713,-0.37069120252226434,2.0234722784297943,1.4433665383936738,1.4433665383936738,-2.5875791873803866,2.6678240244736022,False
2025-08-06,-0.02235108533836721,-5.779999999999998,0.13999999999999968,0.049281448826861605,-0.7063252051186562,-1.2923094303470342,1.2526256961708175,1.5147136459704926,1.2526256961708175,-1.9589509012894737,2.6672593404355265,False
2025-08-07,-0.019415530225701597,-4.190000000000001,0.25,0.049731927750570226,-0.6314933002554257,-0.6790666805042529,2.312539746776896,1.5484487550888721,1.5484487550888721,-2.1799420553442976,2.6666946563974507,False
2025-08-08,0.010190252300831933,-2.769999999999996,0.21999999999999975,0.04949940117862935,0.12489023830182175,-0.15859647587692755,2.0234722784297854,1.5310354891967215,1.5310354891967215,-1.4061452508948997,2.6661299723593723,False
2025-08-09,0.030006850885329155,-5.560000000000002,-0.06999999999999984,0.05325425812741617,0.6235867830089539,-1.1703326150918236,-0.882026377777081,1.8122262446895618,-0.882026377777081,1.505613160786035,2.6655652883212966,False
2025-08-10,0.04020537471526032,-2.4850000000000065,-0.06999999999999984,0.05363950416150185,0.8771619568529422,-0.049219595961807514,-0.882026377777081,1.8410762447968028,-0.049219595961807514,0.9263815528147497,2.665000604283221,False
2025-08-11,0.039559317904011695,-2.395000000000003,-0.06999999999999984,0.05181901105807474,0.8419812851338306,-0.01640653198726917,-0.882026377777081,1.7047445980512266,-0.01640653198726917,0.8583878171210998,2.6644359202451455,False
2025-08-12,0.05560976436895985,-2.8149999999999977,-0.06999999999999984,0.04578043695682522,1.239163286404449,-0.16953416386844034,-0.882026377777081,1.2525326398357561,-0.16953416386844034,1.4086974502728893,2.6638712362070702,False
2025-08-13,0.05318663491874802,-2.280000000000001,-0.0,0.047450751133416964,1.1654620496651935,0.03377017334321302,-0.1556517137253667,1.3776178059638524,0.03377017334321302,1.1316918763219805,2.663306552168992,False
2025-08-14,0.013729424153249957,-6.390000000000001,0.020000000000000018,0.0500520356165205,0.16183056820536945,-1.4729419828569983,0.05188390457512377,1.5724207396127676,0.05188390457512377,0.10994666363024569,2.662741868130916,False
2025-08-15,0.009931530545613968,-4.445,-0.020000000000000018,0.05752406234150033,0.06951266186498337,-0.7566344243654926,-0.3631873320258572,2.1319799634438166,-0.3631873320258572,0.4326999938908406,2.6621771840928403,False
2025-08-16,0.009378465100290896,-6.140000000000001,0.009999999999999787,0.06757813958176173,0.037031512617622095,-1.3453503439358179,-4.279058120387578e-15,2.884901742763774,-4.279058120387578e-15,0.037031512617626376,2.6616125000547646,False
2025-08-17,-0.007079756411632793,-8.940000000000005,0.009999999999999787,0.06263165785115335,-0.37181680132944406,-2.3115174038296034,-2.1395290601937825e-15,2.5144735336916013,-2.1395290601937825e-15,-0.3718168013294419,2.661047816016689,False
2025-08-18,-0.033840797295553095,-7.0,0.009999999999999787,0.059376286064184665,-1.0222396758268646,-1.5990236078884412,0.0,2.27068782769192,0.0,-1.0222396758268646,2.660483131978611,False
2025-08-19,-0.05373320829781362,-7.709999999999994,-0.010000000000000231,0.06056611469461672,-1.4975888080067858,-1.832395914452725,-0.19271164556474088,2.3597907725075142,-0.19271164556474088,-1.304877162442045,2.659918447940535,False
2025-08-20,-0.06447632115661851,-10.620000000000005,-0.029999999999999805,0.05927926997388944,-1.7338758785073816,-2.7881263270909082,-0.3854232911294775,2.2634225635028566,-0.3854232911294775,-1.348452587377904,2.65935376390246,False
2025-08-21,-0.04766970097574726,-7.160000000000004,-0.07000000000000028,0.057677578281886535,-1.3240244250786266,-1.5155121158959237,-0.770846582258966,2.1434763436910957,-0.770846582258966,-0.5531778428196606,2.658789079864384,False
2025-08-22,-0.010337401065751591,-2.440000000000005,-0.04999999999999982,0.057394687985481106,-0.42952219361138294,0.06411825738234142,-0.5781349366942202,2.1222914790603573,0.06411825738234142,-0.49364045099372433,2.6587014723241116,False
2025-08-23,-0.023437663947221188,-3.1699999999999946,0.06999999999999984,0.05146324436211043,-0.7390486044510359,-0.17991999167179454,0.5845586582130508,1.6781022232865324,0.5845586582130508,-1.3236072626640867,2.6586138647838387,False
2025-08-24,-0.030673697715650122,-2.9399999999999977,0.06999999999999984,0.047254183756832366,-0.8975385305424328,-0.09358559287737754,0.5845586582130508,1.3628974238345337,0.5845586582130508,-1.4820971887554837,2.658526257243566,False
2025-08-25,-0.03028979946154982,-9.180000000000007,0.06999999999999984,0.047764042716811124,-0.8885923640988306,-2.1979967624443577,0.6263128480854108,1.4010793381142623,0.6263128480854108,-1.5149052121842415,2.6584386497032937,False
2025-08-26,-0.028940456149129642,-4.904999999999994,0.040000000000000036,0.04878056832015431,-0.8571479651375407,-0.73595912918259,0.36318733202586073,1.4772041029935845,0.36318733202586073,-1.2203352971634014,2.658351042163021,False
2025-08-27,-0.015211207153800454,-6.189999999999998,0.14000000000000012,0.053161504320843475,-0.5372086443773477,-1.1629151025458553,1.4008654235283167,1.8052801710306334,1.4008654235283167,-1.9380740679056645,2.6582634346227487,False
2025-08-28,-0.00044626602734624464,-4.060000000000002,0.15000000000000036,0.052817265323959556,-0.1958194385393036,-0.44136418701297625,1.5046332326785645,1.764429682478603,1.5046332326785645,-1.700452671217868,2.6581758270824762,False
2025-08-29,-0.06620810644611404,-5.069999999999993,0.16999999999999993,0.054909515286576234,-1.7661927802828838,-0.7765354869250817,1.7121688509790511,1.8971527281550356,1.7121688509790511,-3.4783616312619348,2.6580882195422033,True
2025-08-30,-0.055450217006643036,-6.890000000000008,0.0900000000000003,0.06317518656609784,-1.5096012257112799,-1.360427422750375,0.882026377777091,2.474604679281522,0.882026377777091,-2.391627603488371,2.665000604283221,False
2025-08-31,-0.047968541609940206,-4.949999999999996,0.0900000000000003,0.061362810929908286,-1.3311522156483448,-0.7259973265638998,0.882026377777091,2.3263093542395215,0.882026377777091,-2.213178593425436,2.6644359202451455,False
2025-09-01,-0.03370037166196173,-5.484999999999999,0.0900000000000003,0.06062923658511314,-0.9908352855996875,-0.8868001995055513,0.882026377777091,2.2524157163066456,0.882026377777091,-1.8728616633767785,2.6638712362070702,False
2025-09-02,0.005721215165649862,-5.034999999999997,0.0900000000000003,0.062262215077030086,-0.0316867202389283,-0.7240386588694272,0.882026377777091,2.354636452207344,0.882026377777091,-0.9137130980160193,2.663306552168992,False
2025-09-03,-0.002346638121841629,-4.909999999999997,0.06999999999999984,0.062230428970102294,-0.20885472156636606,-0.6729018530938485,0.6744907594765952,2.333265415975206,0.6744907594765952,-0.8833454810429613,2.662741868130916,False
2025-09-04,-0.026074605323715323,-5.935000000000002,-0.0,0.05713225423546262,-0.7581525635324048,-1.0021688943996243,-0.051883904575121646,1.9604981842644624,-0.051883904575121646,-0.7062686589572832,2.6621771840928403,False
2025-09-05,0.01922170715293944,-4.579999999999998,-0.0,0.061848065850087085,0.30243420358946344,-0.5700483369098892,-0.051883904575121646,2.2858636980654494,-0.051883904575121646,0.3543181081645851,2.6616125000547646,False
2025-09-06,0.01325786633963735,-9.600000000000001,0.11000000000000032,0.07049835801274401,0.15844748471582287,-2.188867739784697,1.0895619960775822,2.798661710803321,1.0895619960775822,-0.9311145113617594,2.661047816016689,False
2025-09-07,0.02070926451124997,-7.655000000000001,0.11000000000000032,0.06458789690424646,0.3347966896212072,-1.5457079904671989,0.9635582278237147,2.3293661540779826,0.9635582278237147,-0.6287615382025076,2.660483131978611,False
2025-09-08,0.032771782927290986,-5.759999999999998,0.11000000000000032,0.061316557593773274,0.6152596524865588,-0.917401767260125,0.9635582278237147,2.007911408469756,0.9635582278237147,-0.3482985753371559,2.659918447940535,False
2025-09-09,0.0017148130317960458,-7.07,0.09999999999999964,0.05827680810613449,-0.14842533515404513,-1.3293285247959492,0.8672024050413373,1.7571437304050455,0.8672024050413373,-1.0156277401953824,2.65935376390246,False
2025-09-10,0.016853890538688902,-5.664999999999999,0.1200000000000001,0.05615104476150421,0.21941860447543862,-0.8875292161411152,1.0599140506060836,1.603701229199408,1.0599140506060836,-0.840495446130645,2.658789079864384,False
2025-09-11,0.04510453176021286,-6.330000000000005,0.06999999999999984,0.060222104719333376,0.9104276930135218,-1.096637073974188,0.5781349366942244,1.8305933501149654,0.5781349366942244,0.33229275631929733,2.6587014723241116,False
2025-09-12,0.04136633383975228,-7.364999999999995,0.06999999999999984,0.05788900296495665,0.8129470445349308,-1.3976561098432514,0.5781349366942244,1.640979723172207,0.5781349366942244,0.23481210784070639,2.6586138647838387,False
2025-09-13,0.04491850439642181,-7.509999999999998,-0.050000000000000266,0.05745679825532814,0.8917716921165181,-1.4391705690774885,-0.5781349366942267,1.5814906666268622,-0.5781349366942267,1.4699066288107447,2.658526257243566,False
2025-09-14,0.03774880767561661,-7.734999999999999,-0.050000000000000266,0.0562047336001873,0.7147085681526238,-1.4931882537281675,-0.5781349366942267,1.469501857054517,-0.5781349366942267,1.2928435048468505,2.6584386497032937,False
2025-09-15,0.019947495858774252,-5.259999999999998,-0.050000000000000266,0.05262956346501173,0.2585128362468213,-0.7378196430021138,-0.5781349366942267,1.2257517652672822,-0.5781349366942267,0.836647772941048,2.658351042163021,False
2025-09-16,0.044862785424189686,-15.68,-0.04999999999999982,0.04718050913179555,0.8785430145709254,-3.9179977940184685,-0.5781349366942223,0.8506997255885317,-0.5781349366942223,1.4566779512651478,2.6582634346227487,False
2025-09-17,0.0163985780448687,-7.185000000000002,0.03000000000000025,0.04839501851746054,0.16582385012259548,-1.2738728456266895,0.19271164556474638,0.8760685467412069,0.19271164556474638,-0.02688779544215089,2.6581758270824762,False
2025-09-18,0.026530481840968855,-5.310000000000002,0.020000000000000018,0.04818285229393538,0.4088435953870822,-0.6891536020739137,0.09635582278237075,0.845434086158623,0.09635582278237075,0.31248777260471144,2.6580882195422033,False
2025-09-19,0.005122294132374605,-2.6300000000000026,-0.04999999999999982,0.04877923312512983,-0.1219405441203061,0.10522932758898002,-0.5781349366942223,0.8602444861710294,0.10522932758898002,-0.2271698717092861,2.6580006120019313,False
2025-09-20,0.005998930343828426,-5.850000000000001,-0.009999999999999787,0.05278526112412447,-0.09396735184217182,-0.8409235442825095,-0.1927116455647378,1.0821254377964569,-0.1927116455647378,0.09874429372256598,2.6579130044616583,False
2025-09-21,-0.001421081998755543,-3.250000000000007,-0.009999999999999787,0.05403996448129369,-0.27325554255330636,-0.08166807033662798,-0.1927116455647378,1.1436559277048552,-0.08166807033662798,-0.19158747221667838,2.6578253969213863,False
2025-09-22,-0.01814588496216381,-7.920000000000002,-0.009999999999999787,0.05882053176560683,-0.6656690512699723,-1.424168259457615,-0.1927116455647378,1.3351503048191635,-0.1927116455647378,-0.47295740570523453,2.6577377893811134,False
2025-09-23,-0.02835094272608143,-6.119999999999997,-0.06999999999999984,0.05915621768878968,-0.8974035330516393,-0.8814205147724923,-0.7782585686268385,1.3214484281378187,-0.7782585686268385,-0.11914496442480083,2.657650181840841,False
2025-09-24,-0.016643597769654992,-6.009999999999998,-0.020000000000000018,0.05728732432827475,-0.5980843705070745,-0.8499156385336706,-0.1927116455647421,1.2041112368414715,-0.1927116455647421,-0.40537272494233245,2.6575625743005684,False
2025-09-25,-0.057851128239401306,-6.789999999999999,-0.04999999999999982,0.05985498586667598,-1.6046381643297922,-1.0733138518634986,-0.4817791139118531,1.339498446562138,-0.4817791139118531,-1.1228590504179392,2.657474966760296,False
2025-09-26,-0.05879519608111356,-6.314999999999998,-0.07000000000000028,0.05587778117389243,-1.627698392809127,-0.9372700681049493,-0.6744907594765994,1.1160548262263166,-0.6744907594765994,-0.9532076333325277,2.657387359220023,False
2025-09-27,-0.05892031678812948,-8.160000000000004,-0.06000000000000005,0.05540729222835848,-1.6307546478405976,-1.4656927650197358,-0.5781349366942262,1.0882857180490968,-0.5781349366942262,-1.0526197111463715,2.6572997516797505,False
2025-09-28,-0.045179668252404825,-7.719999999999999,-0.06000000000000005,0.05597041994685389,-1.2951193463421877,-1.339673260064447,-0.5781349366942262,1.1073897550554228,-0.5781349366942262,-0.7169844096479615,2.657212144139478,False
2025-09-29,0.009065829885389105,-7.979999999999997,-0.06000000000000005,0.04816828907027008,0.029905748002801928,-1.4141393311743888,-0.5781349366942262,0.6780469487489091,-0.5781349366942262,0.6080406846970281,2.6571245365992056,False
2025-09-30,0.0001560721577662696,-5.18,-0.020000000000000018,0.048362880500845744,-0.1959511301138314,-0.6121970269134699,-0.1927116455647421,0.684350515369323,-0.1927116455647421,-0.0032394845490892887,2.657036929058933,False
2025-10-01,0.032897991471760896,-5.925000000000004,-0.07000000000000028,0.04982423689504804,0.6119881042305328,-0.8416535126369205,-0.6744907594765994,0.7605496611942151,-0.6744907594765994,1.2864788637071323,2.6569303524881978,False
2025-10-02,0.0761056382682727,-5.545000000000002,0.020000000000000018,0.05198885954914871,1.6654643529034259,-0.7306983227663111,0.1927116455647421,0.8699542676576074,0.1927116455647421,1.4727527073386837,2.6568237759174633,False
2025-10-03,0.11298685168038092,-3.094999999999999,0.0900000000000003,0.055019413996306034,2.5386357743899906,-0.015329335442649418,0.8672024050413415,1.0222783551384085,0.8672024050413415,1.671433369348649,2.6567171993467285,False
2025-10-04,0.10681253145804691,-4.335000000000001,0.04999999999999982,0.061985839727272694,2.3541302899380088,-0.38194055054698794,0.4817791139118531,1.367267532620851,0.4817791139118531,1.8723511760261558,2.656610622775994,False
2025-10-05,0.11184436674952418,-6.1200000000000045,0.04999999999999982,0.06050134595216773,2.4722982429755205,-0.9144252477045043,0.4817791139118531,1.2536455122346637,0.4817791139118531,1.9905191290636675,2.656504046205259,False
2025-10-06,0.09903544782061259,-5.509999999999998,0.04999999999999982,0.053028904069759096,2.173978445477033,-0.7291592328624307,0.4817791139118531,0.8434337738461778,0.4817791139118531,1.69219933156518,2.6563974696345243,False
2025-10-07,0.0754471311164702,-3.0600000000000023,0.029999999999999805,0.05692890754742336,1.6096275264659614,-0.005171342077039066,0.289067468347111,1.0374284132146838,0.289067468347111,1.3205600581188504,2.6562908930637894,False
2025-10-08,0.045856183166967525,-5.159999999999997,0.03000000000000025,0.05895013459003602,0.8543287463114821,-0.6328922104339846,0.2890674683471153,1.135689540752756,0.2890674683471153,0.5652612779643669,2.6561843164930545,False
2025-10-09,0.0007377130130138702,-2.969999999999999,-0.03000000000000025,0.06239602550367972,-0.28293416895123735,0.01782794958969042,-0.2890674683471153,1.2787827751651757,0.01782794958969042,-0.30076211854092777,2.65607773992232,False
2025-10-10,-0.03612047162150296,-6.214999999999996,-0.050000000000000266,0.06188503377082904,-1.1597221166705425,-0.9463669907193625,-0.48177911391185735,1.2260829313139388,-0.48177911391185735,-0.6779430027586851,2.6559711633515857,False
2025-10-11,-0.08459879055918063,-5.404999999999994,0.06000000000000005,0.060858340428329286,-2.266950296835771,-0.6803241930720663,0.5781349366942262,1.136795417355004,0.5781349366942262,-2.845085233529997,2.65586458678085,True
2025-10-12,-0.07753437452498377,-4.089999999999996,0.06000000000000005,0.06154365977363029,-2.0870905713297967,-0.2948633073114642,0.6226068549014736,1.1266310239061137,0.6226068549014736,-2.70969742623127,2.6577377893811134,True
2025-10-13,-0.089897223757859,-8.840000000000003,0.06000000000000005,0.05731512746155093,-2.3868620030281336,-1.667028182122068,0.6744907594765952,0.8870566740584641,0.6744907594765952,-3.061352762504729,2.662741868130916,True
2025-10-14,-0.07999836572089516,-4.089999999999996,0.06000000000000005,0.05268263284854249,-2.1459657872689175,-0.2856080195882926,0.6744907594765952,0.6519501971374699,0.6519501971374699,-2.7979159844063872,2.6705118813732875,True
2025-10-15,-0.1053417160445561,-8.715000000000003,0.1200000000000001,0.05313254619957434,-2.716677032492564,-1.6018265238256213,1.3489815189531904,0.6707895393797759,0.6707895393797759,-3.38746657187234,2.672752772033683,True
2025-10-16,-0.09251061640572733,-9.990000000000002,0.06999999999999984,0.05708420812994116,-2.368822907017704,-1.9364412126908677,0.7869058860560252,0.869835308752343,0.7869058860560252,-3.155728793073729,2.6772477290078096,True
2025-10-17,-0.1054799850692047,-7.82,0.16999999999999993,0.05869558327396695,-2.665546229692936,-1.3285850309189635,1.9110571518503505,0.9537748449866984,0.9537748449866984,-3.6193210746796347,2.6806629467860876,True
2025-10-18,-0.047440733904092994,-7.189999999999998,0.14000000000000012,0.05615898537208643,-1.3040196178397865,-1.1513465831732885,1.4527493281034383,0.8280748054304581,0.8280748054304581,-2.1320944232702446,2.683049095989055,False
2025-10-19,-0.04891247005731112,-8.975000000000001,0.14000000000000012,0.056368593609844274,-1.3059520100470647,-1.6530667881314438,1.3489815189531946,0.8262869291349247,0.8262869291349247,-2.1322389391819896,2.6827363292138307,False
2025-10-20,-0.03537983084124879,-8.240000000000002,0.14000000000000012,0.05259874859780474,-0.9774710491677631,-1.4432118456447744,1.3489815189531946,0.6000574387662664,0.6000574387662664,-1.5775284879340294,2.6824235624386064,False
2025-10-21,0.002108098387810537,-6.079999999999998,0.06000000000000005,0.050786357254418726,-0.11057484971890656,-0.8310689714979473,0.5781349366942262,0.44299774872043635,0.44299774872043635,-0.5535725984393429,2.6823199968119873,False
2025-10-22,-0.023035716776844285,-6.18,0.029999999999999805,0.04993356687675989,-0.6654726911832606,-0.8553479031848302,0.289067468347111,0.3362367509910455,0.289067468347111,-0.9545401595303715,2.6822164311853687,False
2025-10-23,0.00939713516860072,-8.649999999999999,0.04999999999999982,0.053316625405079136,0.0815056266478421,-1.5564070971591404,0.4817791139118531,0.45578286511843885,0.45578286511843885,-0.37427723847059674,2.68211286555875,False
2025-10-24,0.035912048065958865,-6.839999999999996,-0.06999999999999984,0.04837770217452144,0.6972845919208047,-1.0061153828859202,-0.7263746640517169,0.14087674878856948,-0.7263746640517169,1.4236592559725216,2.6820092999321314,False
2025-10-25,0.043194393562615375,-5.960000000000001,-0.020000000000000018,0.046189757597860544,0.8662540941008046,-0.7478809457408877,-0.2075356183004912,0.021417362847309558,-0.2075356183004912,1.0737897124012958,2.681905734305513,False
2025-10-26,0.0440632357159071,-1.8600000000000065,-0.020000000000000018,0.04550099739160214,0.886413509248315,0.4085724313051234,-0.22483025315886507,-0.024015907145176794,-0.024015907145176794,0.9104294163934917,2.6818021686788938,False
2025-10-27,0.04257742409945566,-3.219999999999999,-0.020000000000000018,0.04418891130524367,0.8519387855098812,0.03205224683463217,-0.22483025315886507,-0.09761492418254068,-0.09761492418254068,0.9495537096924219,2.681698603052275,False
2025-10-28,0.02435942317487264,-5.100000000000001,-0.020000000000000018,0.04122395388911751,0.41020223498694314,-0.4950004950004949,-0.22483025315886507,-0.2677353961995645,-0.2677353961995645,0.6779376311865076,2.681595037425656,False
2025-10-29,0.026266217433234703,-5.8700000000000045,-0.020000000000000018,0.0394112983934501,0.4562569036777914,-0.6953943987165772,-0.22483025315886507,-0.37407704291107563,-0.37407704291107563,0.8303339465888671,2.6814914717990375,False
2025-10-30,-0.019406096849111962,-6.890000000000001,-0.13999999999999968,0.03919395262627313,-0.5889245049643637,-0.9609754944295397,-1.5738117721120504,-0.3897763369855389,-0.9609754944295397,0.372050989465176,2.681387906172419,False
2025-10-31,-0.012929101974639522,-5.835000000000001,-0.1299999999999999,0.03408750990354973,-0.43595809919397116,-0.6478199490082173,-1.4613966455326204,-0.6915701266613801,-0.6915701266613801,0.2556120274674089,2.6812843405458002,False
2025-11-01,-0.008185530713056817,-6.049999999999997,-0.1200000000000001,0.028047214941280457,-0.3205581346645905,-0.7087506075769919,-1.3489815189531904,-1.044150511906932,-1.044150511906932,0.7235923772423416,2.681180774919181,False
2025-11-02,-0.030429000519562203,-4.949999999999996,-0.1200000000000001,0.025116596405315703,-0.8445660465966518,-0.36380299863893933,-1.3489815189531904,-1.2152147759656555,-1.2152147759656555,0.3706487293690037,2.6810772092925625,False
2025-11-03,-0.07943050848435483,-6.729999999999997,-0.1200000000000001,0.02165470504404797,-1.9850018434237433,-0.8696559097881075,-1.3489815189531904,-1.4172901708691292,-1.3489815189531904,-0.6360203244705529,2.680973643665944,False
2025-11-04,-0.12040197571152066,-8.14,-0.1200000000000001,0.015742024258858203,-2.8569966130571176,-1.302520160224399,-1.3489815189531904,-1.7624215398003218,-1.3489815189531904,-1.5080150941039272,2.6808700780393253,False
2025-11-05,-0.06687417662452493,-4.730000000000004,-0.10999999999999988,0.013829622590939238,-1.6209997927623718,-0.20507082473397945,-1.2365663923737553,-1.8740510746212153,-1.2365663923737553,-0.3844334003886165,2.6807665124127062,False
2025-11-06,-0.06966433452285928,-7.480000000000004,-0.040000000000000036,0.011534033671905254,-1.6412419647676701,-1.0952289274025322,-0.44966050631773014,-2.008047780161957,-1.0952289274025322,-0.546013037365138,2.6806629467860876,False
2025-11-07,-0.07313426293700248,-7.450000000000003,0.040000000000000036,0.00876876774033143,-1.6652074531498484,-1.0915550580872806,0.44966050631773014,-2.14893078581839,-1.0915550580872806,-0.5736523950625678,2.680559381159469,False
2025-11-08,-0.08118926252191352,-6.714999999999996,0.050000000000000266,0.00400519126731349,-1.8338392443917984,-0.8471132384937011,0.5620756328971651,-2.404222817713594,-0.8471132384937011,-0.9867260058980972,2.6804558155328504,False
2025-11-09,-0.05862857391965887,-10.630000000000003,0.050000000000000266,0.005090540401946613,-1.3288114771053867,-2.180825103780568,0.5620756328971651,-2.331539718495038,-2.180825103780568,0.8520136266751814,2.6803522499062318,False
2025-11-10,-0.013556142046374817,-5.329999999999998,0.050000000000000266,0.0025905182251713295,-0.3302779702222688,-0.3635794018337316,0.5620756328971651,-2.4566218562655693,-0.3635794018337316,0.03330143161146282,2.6801582173500798,False
2025-11-11,0.011103255063207087,-5.93,0.020000000000000018,0.0013145968527201522,0.22576018598506298,-0.5527781412251808,0.22483025315886507,-2.494129902390927,-0.5527781412251808,0.7785383272102437,2.6799641847939286,False
2025-11-12,-0.02412035567221881,-6.519999999999996,0.020000000000000018,0.0034569618559869707,-0.571998881275242,-0.7493396709948047,0.22483025315886507,-2.3491163037099296,-0.7493396709948047,0.17734078971956269,2.6797701522377775,False
2025-11-13,-0.0023231735341274836,-3.635000000000005,0.020000000000000018,0.004470241523291857,-0.07169233392067584,0.2581701005854637,0.22483025315886507,-2.277987211552285,0.22483025315886507,-0.29652258707954093,2.6795761196816263,False
2025-11-14,-0.04196762194255719,-7.25,0.04999999999999982,0.0016758963543713826,-0.9750921156552084,-0.9917961810298517,0.5620756328971601,-2.3785127065266494,-0.9917961810298517,0.016704065374643307,2.679382087125475,False
2025-11-15,-0.05746039643255065,-4.57,-0.050000000000000266,-0.004161390727499731,-1.294302073683223,-0.03627223034317055,-0.6744907594765952,-2.6351315720655992,-0.6744907594765952,-0.6198113142066277,2.6791880545693227,False
2025-11-16,-0.09721987368428306,-6.289999999999999,-0.050000000000000266,-0.009081324480119952,-2.138541110500859,-0.6323350870093069,-0.6744907594765952,-2.865482693380868,-0.6744907594765952,-1.464050351024264,2.678994022013172,False
2025-11-17,-0.10971791987243003,-5.640000000000001,-0.050000000000000266,-0.009704302260700536,-2.4097691177925746,-0.38107833360348764,-0.6131734177059972,-2.860850983020059,-0.6131734177059972,-1.7965957000865775,2.678799989457021,False
2025-11-18,-0.10064700743003614,-7.109999999999999,-0.050000000000000266,-0.01171925541133085,-2.213317678908076,-0.9139441185319707,-0.6131734177059972,-2.932226015152085,-0.9139441185319707,-1.2993735603761052,2.6786059569008693,False
2025-11-19,-0.12073119658819907,-8.400000000000006,-0.0,-0.013035299259744313,-2.6580060416471882,-1.3489815189531917,0.0,-2.9853085171573492,-1.3489815189531917,-1.3090245226939965,2.678411924344718,False
2025-11-20,-0.13553090061479803,-5.340000000000003,-0.020000000000000018,-0.014397538234622611,-2.9909027148967704,-0.22867098021677015,-0.24526936708239777,-3.038558481962601,-0.24526936708239777,-2.7456333478143726,2.6782178917885657,True
2025-11-21,-0.1331219509257511,-8.190000000000005,0.03000000000000025,-0.0149943887597813,-2.944123532761622,-1.2347820252851966,0.3679040506235994,-3.026041008861126,-1.2347820252851966,-1.7093415074764255,2.681180774919181,False
2025-11-22,-0.12699056890613747,-8.880000000000003,0.11000000000000032,-0.018550975282036492,-2.7060340710353614,-1.4753373076678007,1.3489815189531904,-3.1494275017223066,-1.4753373076678007,-1.2306967633675607,2.6810772092925625,False
2025-11-23,-0.0833922496359942,-12.754999999999995,0.11000000000000032,-0.01754239503304023,-1.7599483055928642,-2.8040922731426194,1.2365663923737604,-3.0780108412139655,-2.8040922731426194,1.0441439675497552,2.680973643665944,False
2025-11-24,-0.07863306342039314,-7.640000000000001,0.11000000000000032,-0.01757883915307372,-1.64732108529346,-0.9948293787530805,1.2876641771825925,-3.037569360260918,-0.9948293787530805,-0.6524917065403796,2.6808700780393253,False
2025-11-25,-0.0706508301016274,-8.120000000000005,0.14000000000000012,-0.0204111856456436,-1.4609792092119258,-1.1285424816763387,1.6555682278061863,-3.1184223212457414,-1.1285424816763387,-0.33243672753558706,2.6807665124127062,False
2025-11-26,-0.023472628970785912,-5.469999999999999,0.1499999999999999,-0.01528025555892048,-0.46591337697069884,-0.18970052610279353,1.7782029113473825,-2.8772578620731646,-0.18970052610279353,-0.2762128508679053,2.6806629467860876,False
2025-11-27,0.04002893654831703,-6.765000000000001,0.1299999999999999,-0.012958625425649715,0.8830794379301232,-0.6392693098955728,1.5329335442649847,-2.7681363838955932,-0.6392693098955728,1.522348747825696,2.680559381159469,False
2025-11-28,0.06845391060826383,-8.690000000000005,0.1299999999999999,-0.009100867456023435,1.4794599137882032,-1.3091493874880442,1.5329335442649847,-2.586813680479497,-1.3091493874880442,2.7886093012762476,2.6804558155328504,True
2025-11-29,0.07185135569609874,-4.810000000000002,0.07999999999999963,-0.008295101117040559,1.4945344512455794,0.08345102508830096,0.9197601265589876,-2.548940975126699,0.08345102508830096,1.4110834261572784,2.6824235624386064,False
2025-11-30,0.057598887287074046,-5.405000000000001,0.07999999999999963,-0.004107553424202959,1.1952769034734103,-0.12161534154245762,0.9197601265589876,-2.3521174640802798,-0.12161534154245762,1.316892245015868,2.6823199968119873,False
2025-12-01,-0.030310979244994547,-9.130000000000003,0.07999999999999963,-0.0023254229342139945,-0.6301047788105588,-1.386691294578315,0.9197601265589876,-2.268353598946886,-1.386691294578315,0.7565865157677562,2.6822164311853687,False
2025-12-02,0.040907779265996376,-8.450000000000003,-0.03000000000000025,-0.0034281540093052533,0.8495854951540888,-1.133827504537874,-0.44966050631773014,-2.320184268794703,-1.133827504537874,1.983412999691963,2.68211286555875,False
2025-12-03,0.04912866726912072,-8.605000000000004,-0.04999999999999982,-0.0011441016351647116,1.0214318515668126,-1.1555490068838452,-0.6744907594765898,-2.2128290239908837,-1.1555490068838452,2.1769808584506576,2.6820092999321314,False
2025-12-04,0.010490538152849543,-11.350000000000001,-0.06000000000000005,0.002242672892885675,0.21389434917777422,-2.0829361992904443,-0.7971254430177914,-2.0536435286534562,-2.0536435286534562,2.2675378778312303,2.681905734305513,False
2025-12-05,-0.023649436584342192,-9.009999999999998,-0.06999999999999984,0.002247372569064602,-0.48985180958454233,-1.2526256961708224,-0.9197601265589876,-2.0534226340310737,-1.2526256961708224,0.7627738865862801,2.6818021686788938,False
2025-12-06,-0.01434606944456208,-7.719999999999999,-0.08999999999999986,0.007756919791034065,-0.2951827869862181,-0.8019405471568359,-1.1650294936413854,-1.7944623766090864,-1.1650294936413854,0.8698467066551674,2.681698603052275,False
2025-12-07,-0.021262139320046385,-5.909999999999997,-0.08999999999999986,0.008949659820272673,-0.4320330488210904,-0.19435875364649025,-1.1650294936413854,-1.7384010974212971,-1.1650294936413854,0.732996444820295,2.681595037425656,False
2025-12-08,0.06196954177890297,-5.359999999999999,-0.08999999999999986,0.010939176356652416,1.2667678783828198,-0.008296319304754716,-1.1650294936413854,-1.644889653803607,-1.1650294936413854,2.431797372024205,2.6814914717990375,False
2025-12-09,0.03708147317993414,-8.129999999999995,-0.029999999999999805,0.01043309291004251,0.7608194201720985,-0.9410711725696015,-0.3934529430280101,-1.6686766356246396,-0.9410711725696015,1.7018905927416998,2.681387906172419,False
2025-12-10,-0.0007388716141441133,-8.024999999999999,-0.10000000000000009,0.013347164582312483,-0.008028715289669608,-0.8945253861565392,-1.287664177182587,-1.5317091644342573,-1.287664177182587,1.2796354618929173,2.6812843405458002,False
2025-12-11,-0.029585705708445324,-6.549999999999997,-0.04999999999999982,0.01406086712807662,-0.5894144821850198,-0.37950462879641267,-0.5620756328971601,-1.4840003969681856,-0.5620756328971601,-0.02733884928785968,2.681180774919181,False
2025-12-12,0.01381737171643418,-6.454999999999998,-0.0,0.013693472557975256,0.29294614352825316,-0.34661330695324966,0.0,-1.4932483282615328,-0.34661330695324966,0.6395594504815028,2.6810772092925625,False
2025-12-13,0.0042212563713777155,-5.920000000000002,0.040000000000000036,0.01564460892769634,0.09280550962509926,-0.15384647477752317,0.44966050631773014,-1.3995153576933301,-0.15384647477752317,0.24665198440262243,2.680973643665944,False
2025-12-14,-0.011821295316615627,-7.780000000000001,0.040000000000000036,0.01576139650133529,-0.2333228221106276,-0.8122326141786667,0.44966050631773014,-1.3880394384519337,-0.8122326141786667,0.578909792068039,2.6808700780393253,False
2025-12-15,-0.04058274367983301,-8.990000000000002,0.040000000000000036,0.0171631679884791,-0.8519091163640843,-1.233025758465743,0.44966050631773014,-1.3235560317469208,-1.233025758465743,0.38111664210165863,2.6807665124127062,False
2025-12-16,-0.07264379699227533,-10.740000000000002,0.06000000000000005,0.018441238020282774,-1.530684216450649,-1.8431366101031488,0.6744907594765952,-1.2647630612705354,-1.2647630612705354,-0.2659211551801135,2.6806629467860876,False
2025-12-17,-0.057926354326772275,-7.064999999999998,0.1299999999999999,0.018146169881659267,-1.219096399265047,-0.5306461761811951,1.4613966455326204,-1.2783365994420952,-0.5306461761811951,-0.6884502230838518,2.680559381159469,False
2025-12-18,-0.01938850315028329,-10.435000000000002,0.04999999999999982,0.019243067504007953,-0.38715625925258706,-1.7209302491131078,0.5620756328971601,-1.2278778077314778,-1.2278778077314778,0.8407215484788908,2.6804558155328504,False
2025-12-19,-0.023180194937828084,-6.059999999999995,0.06000000000000005,0.020251526048297247,-0.464237395793573,-0.14296748217774224,0.6744907594765952,-1.1814873346387116,-0.14296748217774224,-0.32126991361583074,2.6803522499062318,False
2025-12-20,-0.021742245742390667,,0.040000000000000036,0.018933600096298596,-0.4530307405184234,,0.3372453797383001,-1.2421137319861,-0.4524341761238999,-0.0005965643945234911,2.6801582173500798,False
2025-12-21,-0.005393019026062126,-4.339999999999996,0.040000000000000036,0.021260573913908724,-0.11132493022762444,0.49704084154718287,0.3372453797383001,-1.1350697519586506,0.3372453797383001,-0.4485703099659245,2.6799641847939286,False
2025-12-22,0.03580956436616297,-3.5400000000000063,0.040000000000000036,0.02491975291673954,0.796142532135285,0.8220651752947522,0.3372453797383001,-0.9667425103147521,0.3372453797383001,0.45889715239698486,2.6797701522377775,False
2025-12-23,0.004731092931193213,-5.375,0.06999999999999984,0.02186466474284687,0.1122847795122976,0.1277086290734079,0.6744907594765952,-1.1072807471412123,0.1277086290734079,-0.015423849561110314,2.6795761196816263,False
2025-12-24,0.003405413972477026,-4.695,-0.0,0.021553946331354146,0.08435163673642533,0.3916087576419016,-0.11241512657943004,-1.1215742192818432,-0.11241512657943004,0.19676676331585535,2.679382087125475,False
2025-12-25,0.0008260045728964421,-5.899999999999999,0.020000000000000018,0.021081548927144197,0.03115199570919058,-0.07216377597823752,0.11241512657943503,-1.1433051463419521,-0.07216377597823752,0.1033157716874281,2.6791880545693227,False
2025-12-26,-0.012896724128941859,-4.5,0.020000000000000018,0.01509045296310771,-0.27353210377566123,0.5053706575429346,0.11241512657943503,-1.418903759383289,0.11241512657943503,-0.38594723035509626,2.678994022013172,False
2025-12-27,-0.007415996377297992,-5.539999999999999,-0.0,0.013780428415570629,-0.14569712479126107,0.09234099683310458,-0.11241512657943004,-1.4791666813125302,-0.11241512657943004,-0.03328199821183103,2.678799989457021,False
2025-12-28,-0.0061887015507268855,-4.400000000000006,-0.0,0.010840844498521952,-0.11182886636495103,0.5500311550493627,-0.06131734177059808,-1.6143915642588886,-0.06131734177059808,-0.050511524594352944,2.6786059569008693,False
2025-12-29,-0.021706815225457168,-4.43,-0.0,0.009048988282063153,-0.46944972060826123,0.5519496901976407,0.0,-1.696819402335584,0.0,-0.46944972060826123,2.678411924344718,False
2025-12-30,0.008362319026356682,-6.310000000000002,0.029999999999999805,0.006713707195044732,0.25343133362353953,-0.22943307723928516,0.40469445568595236,-1.804245528124148,-0.22943307723928516,0.4828644108628247,2.6782178917885657,False
2025-12-31,0.004273009016389075,-3.8399999999999963,-0.010000000000000231,0.00579013908987289,0.156550198232093,0.8659449065384691,-0.1839520253117997,-1.846730924846634,-0.1839520253117997,0.3405022235438927,2.678023859232415,False
